runId,extensionVersion,startedAtMs,startedAtKst,finishedAtMs,finishedAtKst,finalState,eventCount,droppedCount,targetUrl,reservationDate,personCount,openAtMs,openAtKst,stopAtMs,stopAtKst,timeRangeStartMinutes,timeRangeEndMinutes,configJson,seq,code,severity,component,localAtMs,localAtKst,serverAtMs,serverAtKst,state,message,errorName,errorMessage,errorStack,attr.adjacentClickOk,attr.adjacentClickedAt,attr.adjacentDate,attr.adjacentPlannedAt,attr.arrivalAt,attr.availableCount,attr.availableMinutes,attr.availableSlotCount,attr.bodyReadCompletedMonoMs,attr.bodyToWakeMs,attr.bridgeDelayMs,attr.bridgeReceivedMonoMs,attr.claimAgreement,attr.claimSource,attr.classification,attr.clockArmLeadMs,attr.clockClusterSeparationMs,attr.clockCompetingSupport,attr.clockConfidence,attr.clockDominantSupport,attr.clockMedianRttMs,attr.clockObservationSpanMs,attr.clockOffsetCenterMs,attr.clockOffsetLowerMs,attr.clockOffsetMs,attr.clockOffsetUpperMs,attr.clockP95RttMs,attr.clockPhase,attr.clockSampleCount,attr.clockSource,attr.clockUncertaintyMs,attr.correlationId,attr.correlationQuality,attr.cycle,attr.eventKind,attr.matchedSlotCount,attr.matchesTarget,attr.payloadClassifiedMonoMs,attr.personCount,attr.phase,attr.requestDate,attr.requestSentMonoMs,attr.requestSequence,attr.responseCompletedMonoMs,attr.responseStatus,attr.result,attr.selectedMinutes,attr.sequence,attr.slotScanCount,attr.stale,attr.state,attr.targetClickOk,attr.targetClickedAt,attr.targetPlannedAt,attr.targetSelectedAt,attr.wakeAccepted,attr.wakeAtMonoMs,attr.wakeCorrelationQuality,attr.wakeDiscardReason,attr.wakeFallbackUsed,attr.wakeRequestSequence,attr.wakeUsed,attr.watch
run-b9643021-0348-48ef-8773-a450ab8d95ad,0.2.0,"=""1784091593634""","=""2026-07-15 13:59:53.634""","=""1784091633886""","=""2026-07-15 14:00:33.886""",STOPPED,151,0,https://app.catchtable.co.kr/ct/shop/sangnamsushi,2026-08-22,2,"=""1784091600000""","=""2026-07-15 14:00:00.000""","=""1784092200000""","=""2026-07-15 14:10:00.000""",660,1260,"{""targetUrl"":""https://app.catchtable.co.kr/ct/shop/sangnamsushi"",""openAtMs"":1784091600000,""reservationDate"":""2026-08-22"",""personCount"":2,""timeRange"":{""startMinutes"":660,""endMinutes"":1260},""priorityTimes"":[],""postSlotEnabled"":true,""paymentMethodAutoAdvance"":true,""paymentMethodPolicy"":""selected_allowed"",""tablePreference"":""any"",""menuKeyword"":"""",""stopAtMs"":1784092200000,""entryMode"":""auto"",""dryRun"":false,""preOpenLeadMs"":300,""toggleIntervalMs"":100}",1,RUN_STARTED,info,content,"=""1784091593634""","=""2026-07-15 13:59:53.634""",,,,실행 추적을 시작했습니다.,,,,,,,,,,,,,,,,,,,,,,,,,,,,,,,,,,,,,,,,,,,,,,,,,,,,,,,,,,,,,,,,,,
run-b9643021-0348-48ef-8773-a450ab8d95ad,0.2.0,"=""1784091593634""","=""2026-07-15 13:59:53.634""","=""1784091633886""","=""2026-07-15 14:00:33.886""",STOPPED,151,0,https://app.catchtable.co.kr/ct/shop/sangnamsushi,2026-08-22,2,"=""1784091600000""","=""2026-07-15 14:00:00.000""","=""1784092200000""","=""2026-07-15 14:10:00.000""",660,1260,"{""targetUrl"":""https://app.catchtable.co.kr/ct/shop/sangnamsushi"",""openAtMs"":1784091600000,""reservationDate"":""2026-08-22"",""personCount"":2,""timeRange"":{""startMinutes"":660,""endMinutes"":1260},""priorityTimes"":[],""postSlotEnabled"":true,""paymentMethodAutoAdvance"":true,""paymentMethodPolicy"":""selected_allowed"",""tablePreference"":""any"",""menuKeyword"":"""",""stopAtMs"":1784092200000,""entryMode"":""auto"",""dryRun"":false,""preOpenLeadMs"":300,""toggleIntervalMs"":100}",2,STATE_CHANGED,trace,content,"=""1784091593635""","=""2026-07-15 13:59:53.635""",,,CONFIGURED,예약 설정을 불러왔습니다.,,,,,,,,,,,,,,,,,,,,,,,,,,,,,,,,,,,,,,state,,,,,,,,,,,,,,,,CONFIGURED,,,,,,,,,,,,
run-b9643021-0348-48ef-8773-a450ab8d95ad,0.2.0,"=""1784091593634""","=""2026-07-15 13:59:53.634""","=""1784091633886""","=""2026-07-15 14:00:33.886""",STOPPED,151,0,https://app.catchtable.co.kr/ct/shop/sangnamsushi,2026-08-22,2,"=""1784091600000""","=""2026-07-15 14:00:00.000""","=""1784092200000""","=""2026-07-15 14:10:00.000""",660,1260,"{""targetUrl"":""https://app.catchtable.co.kr/ct/shop/sangnamsushi"",""openAtMs"":1784091600000,""reservationDate"":""2026-08-22"",""personCount"":2,""timeRange"":{""startMinutes"":660,""endMinutes"":1260},""priorityTimes"":[],""postSlotEnabled"":true,""paymentMethodAutoAdvance"":true,""paymentMethodPolicy"":""selected_allowed"",""tablePreference"":""any"",""menuKeyword"":"""",""stopAtMs"":1784092200000,""entryMode"":""auto"",""dryRun"":false,""preOpenLeadMs"":300,""toggleIntervalMs"":100}",3,STATE_CHANGED,trace,content,"=""1784091593635""","=""2026-07-15 13:59:53.635""",,,VALIDATING,예약 설정과 실행 조건을 검증합니다.,,,,,,,,,,,,,,,,,,,,,,,,,,,,,,,,,,,,,,state,,,,,,,,,,,,,,,,VALIDATING,,,,,,,,,,,,
run-b9643021-0348-48ef-8773-a450ab8d95ad,0.2.0,"=""1784091593634""","=""2026-07-15 13:59:53.634""","=""1784091633886""","=""2026-07-15 14:00:33.886""",STOPPED,151,0,https://app.catchtable.co.kr/ct/shop/sangnamsushi,2026-08-22,2,"=""1784091600000""","=""2026-07-15 14:00:00.000""","=""1784092200000""","=""2026-07-15 14:10:00.000""",660,1260,"{""targetUrl"":""https://app.catchtable.co.kr/ct/shop/sangnamsushi"",""openAtMs"":1784091600000,""reservationDate"":""2026-08-22"",""personCount"":2,""timeRange"":{""startMinutes"":660,""endMinutes"":1260},""priorityTimes"":[],""postSlotEnabled"":true,""paymentMethodAutoAdvance"":true,""paymentMethodPolicy"":""selected_allowed"",""tablePreference"":""any"",""menuKeyword"":"""",""stopAtMs"":1784092200000,""entryMode"":""auto"",""dryRun"":false,""preOpenLeadMs"":300,""toggleIntervalMs"":100}",4,STATE_CHANGED,trace,content,"=""1784091593635""","=""2026-07-15 13:59:53.635""",,,SYNCING_CLOCK,캐치테이블 서버 시계를 측정합니다.,,,,,,,,,,,,,,,,,,,,,,,,,,,,,,,,,,,,,,state,,,,,,,,,,,,,,,,SYNCING_CLOCK,,,,,,,,,,,,
run-b9643021-0348-48ef-8773-a450ab8d95ad,0.2.0,"=""1784091593634""","=""2026-07-15 13:59:53.634""","=""1784091633886""","=""2026-07-15 14:00:33.886""",STOPPED,151,0,https://app.catchtable.co.kr/ct/shop/sangnamsushi,2026-08-22,2,"=""1784091600000""","=""2026-07-15 14:00:00.000""","=""1784092200000""","=""2026-07-15 14:10:00.000""",660,1260,"{""targetUrl"":""https://app.catchtable.co.kr/ct/shop/sangnamsushi"",""openAtMs"":1784091600000,""reservationDate"":""2026-08-22"",""personCount"":2,""timeRange"":{""startMinutes"":660,""endMinutes"":1260},""priorityTimes"":[],""postSlotEnabled"":true,""paymentMethodAutoAdvance"":true,""paymentMethodPolicy"":""selected_allowed"",""tablePreference"":""any"",""menuKeyword"":"""",""stopAtMs"":1784092200000,""entryMode"":""auto"",""dryRun"":false,""preOpenLeadMs"":300,""toggleIntervalMs"":100}",5,CLOCK_SYNCED,trace,content,"=""1784091593725""","=""2026-07-15 13:59:53.725""","=""1784091594545.35""","=""2026-07-15 13:59:54.545""",,서버 시계 보정을 완료했습니다.,,,,,,,,,,,,,,,,,,,,-1,0,LOW,1,90.10000000149012,90.10000000149012,1784091526066.25,1784091525521.2,820,1784091526611.3,90.10000000149012,bootstrap,1,APP_HEAD_HTTP_DATE,545.050048828125,,,,metric,,,,,,,,,,,,,,,,,,,,,,,,,,,,
run-b9643021-0348-48ef-8773-a450ab8d95ad,0.2.0,"=""1784091593634""","=""2026-07-15 13:59:53.634""","=""1784091633886""","=""2026-07-15 14:00:33.886""",STOPPED,151,0,https://app.catchtable.co.kr/ct/shop/sangnamsushi,2026-08-22,2,"=""1784091600000""","=""2026-07-15 14:00:00.000""","=""1784092200000""","=""2026-07-15 14:10:00.000""",660,1260,"{""targetUrl"":""https://app.catchtable.co.kr/ct/shop/sangnamsushi"",""openAtMs"":1784091600000,""reservationDate"":""2026-08-22"",""personCount"":2,""timeRange"":{""startMinutes"":660,""endMinutes"":1260},""priorityTimes"":[],""postSlotEnabled"":true,""paymentMethodAutoAdvance"":true,""paymentMethodPolicy"":""selected_allowed"",""tablePreference"":""any"",""menuKeyword"":"""",""stopAtMs"":1784092200000,""entryMode"":""auto"",""dryRun"":false,""preOpenLeadMs"":300,""toggleIntervalMs"":100}",6,STATE_CHANGED,trace,content,"=""1784091593726""","=""2026-07-15 13:59:53.726""","=""1784091594546.25""","=""2026-07-15 13:59:54.546""",ENTERING_RESERVATION,예약창 진입 상태를 확인합니다.,,,,,,,,,,,,,,,,,,,,,,,,,,,,,,,,,,,,,,state,,,,,,,,,,,,,,,,ENTERING_RESERVATION,,,,,,,,,,,,
run-b9643021-0348-48ef-8773-a450ab8d95ad,0.2.0,"=""1784091593634""","=""2026-07-15 13:59:53.634""","=""1784091633886""","=""2026-07-15 14:00:33.886""",STOPPED,151,0,https://app.catchtable.co.kr/ct/shop/sangnamsushi,2026-08-22,2,"=""1784091600000""","=""2026-07-15 14:00:00.000""","=""1784092200000""","=""2026-07-15 14:10:00.000""",660,1260,"{""targetUrl"":""https://app.catchtable.co.kr/ct/shop/sangnamsushi"",""openAtMs"":1784091600000,""reservationDate"":""2026-08-22"",""personCount"":2,""timeRange"":{""startMinutes"":660,""endMinutes"":1260},""priorityTimes"":[],""postSlotEnabled"":true,""paymentMethodAutoAdvance"":true,""paymentMethodPolicy"":""selected_allowed"",""tablePreference"":""any"",""menuKeyword"":"""",""stopAtMs"":1784092200000,""entryMode"":""auto"",""dryRun"":false,""preOpenLeadMs"":300,""toggleIntervalMs"":100}",7,STATE_CHANGED,trace,content,"=""1784091593730""","=""2026-07-15 13:59:53.730""","=""1784091594549.65""","=""2026-07-15 13:59:54.549""",SELECTING_DATE,목표 월과 예약 날짜를 준비합니다.,,,,,,,,,,,,,,,,,,,,,,,,,,,,,,,,,,,,,,state,,,,,,,,,,,,,,,,SELECTING_DATE,,,,,,,,,,,,
run-b9643021-0348-48ef-8773-a450ab8d95ad,0.2.0,"=""1784091593634""","=""2026-07-15 13:59:53.634""","=""1784091633886""","=""2026-07-15 14:00:33.886""",STOPPED,151,0,https://app.catchtable.co.kr/ct/shop/sangnamsushi,2026-08-22,2,"=""1784091600000""","=""2026-07-15 14:00:00.000""","=""1784092200000""","=""2026-07-15 14:10:00.000""",660,1260,"{""targetUrl"":""https://app.catchtable.co.kr/ct/shop/sangnamsushi"",""openAtMs"":1784091600000,""reservationDate"":""2026-08-22"",""personCount"":2,""timeRange"":{""startMinutes"":660,""endMinutes"":1260},""priorityTimes"":[],""postSlotEnabled"":true,""paymentMethodAutoAdvance"":true,""paymentMethodPolicy"":""selected_allowed"",""tablePreference"":""any"",""menuKeyword"":"""",""stopAtMs"":1784092200000,""entryMode"":""auto"",""dryRun"":false,""preOpenLeadMs"":300,""toggleIntervalMs"":100}",8,STATE_CHANGED,trace,content,"=""1784091593733""","=""2026-07-15 13:59:53.733""","=""1784091594552.55""","=""2026-07-15 13:59:54.552""",SELECTING_PERSON,예약 인원을 준비합니다.,,,,,,,,,,,,,,,,,,,,,,,,,,,,,,,,,,,,,,state,,,,,,,,,,,,,,,,SELECTING_PERSON,,,,,,,,,,,,
run-b9643021-0348-48ef-8773-a450ab8d95ad,0.2.0,"=""1784091593634""","=""2026-07-15 13:59:53.634""","=""1784091633886""","=""2026-07-15 14:00:33.886""",STOPPED,151,0,https://app.catchtable.co.kr/ct/shop/sangnamsushi,2026-08-22,2,"=""1784091600000""","=""2026-07-15 14:00:00.000""","=""1784092200000""","=""2026-07-15 14:10:00.000""",660,1260,"{""targetUrl"":""https://app.catchtable.co.kr/ct/shop/sangnamsushi"",""openAtMs"":1784091600000,""reservationDate"":""2026-08-22"",""personCount"":2,""timeRange"":{""startMinutes"":660,""endMinutes"":1260},""priorityTimes"":[],""postSlotEnabled"":true,""paymentMethodAutoAdvance"":true,""paymentMethodPolicy"":""selected_allowed"",""tablePreference"":""any"",""menuKeyword"":"""",""stopAtMs"":1784092200000,""entryMode"":""auto"",""dryRun"":false,""preOpenLeadMs"":300,""toggleIntervalMs"":100}",9,STATE_CHANGED,trace,content,"=""1784091593735""","=""2026-07-15 13:59:53.735""","=""1784091594555.35""","=""2026-07-15 13:59:54.555""",PREPARING_PAGE,예약 모달과 목표 날짜를 확인합니다.,,,,,,,,,,,,,,,,,,,,,,,,,,,,,,,,,,,,,,state,,,,,,,,,,,,,,,,PREPARING_PAGE,,,,,,,,,,,,
run-b9643021-0348-48ef-8773-a450ab8d95ad,0.2.0,"=""1784091593634""","=""2026-07-15 13:59:53.634""","=""1784091633886""","=""2026-07-15 14:00:33.886""",STOPPED,151,0,https://app.catchtable.co.kr/ct/shop/sangnamsushi,2026-08-22,2,"=""1784091600000""","=""2026-07-15 14:00:00.000""","=""1784092200000""","=""2026-07-15 14:10:00.000""",660,1260,"{""targetUrl"":""https://app.catchtable.co.kr/ct/shop/sangnamsushi"",""openAtMs"":1784091600000,""reservationDate"":""2026-08-22"",""personCount"":2,""timeRange"":{""startMinutes"":660,""endMinutes"":1260},""priorityTimes"":[],""postSlotEnabled"":true,""paymentMethodAutoAdvance"":true,""paymentMethodPolicy"":""selected_allowed"",""tablePreference"":""any"",""menuKeyword"":"""",""stopAtMs"":1784092200000,""entryMode"":""auto"",""dryRun"":false,""preOpenLeadMs"":300,""toggleIntervalMs"":100}",10,STATE_CHANGED,trace,content,"=""1784091593738""","=""2026-07-15 13:59:53.738""","=""1784091594558.05""","=""2026-07-15 13:59:54.558""",WAITING_FOR_OPEN,예약 오픈 직전까지 대기합니다.,,,,,,,,,,,,,,,,,,,,,,,,,,,,,,,,,,,,,,state,,,,,,,,,,,,,,,,WAITING_FOR_OPEN,,,,,,,,,,,,
run-b9643021-0348-48ef-8773-a450ab8d95ad,0.2.0,"=""1784091593634""","=""2026-07-15 13:59:53.634""","=""1784091633886""","=""2026-07-15 14:00:33.886""",STOPPED,151,0,https://app.catchtable.co.kr/ct/shop/sangnamsushi,2026-08-22,2,"=""1784091600000""","=""2026-07-15 14:00:00.000""","=""1784092200000""","=""2026-07-15 14:10:00.000""",660,1260,"{""targetUrl"":""https://app.catchtable.co.kr/ct/shop/sangnamsushi"",""openAtMs"":1784091600000,""reservationDate"":""2026-08-22"",""personCount"":2,""timeRange"":{""startMinutes"":660,""endMinutes"":1260},""priorityTimes"":[],""postSlotEnabled"":true,""paymentMethodAutoAdvance"":true,""paymentMethodPolicy"":""selected_allowed"",""tablePreference"":""any"",""menuKeyword"":"""",""stopAtMs"":1784092200000,""entryMode"":""auto"",""dryRun"":false,""preOpenLeadMs"":300,""toggleIntervalMs"":100}",11,CLOCK_SYNCED,trace,content,"=""1784091593738""","=""2026-07-15 13:59:53.738""","=""1784091594558.15""","=""2026-07-15 13:59:54.558""",,예약 오픈 직전 진입 시점을 결정했습니다.,,,,,,,,,,,,,,,,,,,935.1500488296151,-1,0,LOW,1,90.10000000149012,90.10000000149012,1784091526066.25,1784091525521.2,820,1784091526611.3,90.10000000149012,armed,1,APP_HEAD_HTTP_DATE,545.050048828125,,,,metric,,,,,,,,,,,,,,,,,,,,,,,,,,,,
run-b9643021-0348-48ef-8773-a450ab8d95ad,0.2.0,"=""1784091593634""","=""2026-07-15 13:59:53.634""","=""1784091633886""","=""2026-07-15 14:00:33.886""",STOPPED,151,0,https://app.catchtable.co.kr/ct/shop/sangnamsushi,2026-08-22,2,"=""1784091600000""","=""2026-07-15 14:00:00.000""","=""1784092200000""","=""2026-07-15 14:10:00.000""",660,1260,"{""targetUrl"":""https://app.catchtable.co.kr/ct/shop/sangnamsushi"",""openAtMs"":1784091600000,""reservationDate"":""2026-08-22"",""personCount"":2,""timeRange"":{""startMinutes"":660,""endMinutes"":1260},""priorityTimes"":[],""postSlotEnabled"":true,""paymentMethodAutoAdvance"":true,""paymentMethodPolicy"":""selected_allowed"",""tablePreference"":""any"",""menuKeyword"":"""",""stopAtMs"":1784092200000,""entryMode"":""auto"",""dryRun"":false,""preOpenLeadMs"":300,""toggleIntervalMs"":100}",12,STATE_CHANGED,trace,content,"=""1784091598532""","=""2026-07-15 13:59:58.532""","=""1784091599065.6501""","=""2026-07-15 13:59:59.065""",REFRESHING_SLOTS,날짜 토글로 예약 슬롯을 갱신합니다.,,,,,,,,,,,,,,,,,,,,,,,,,,,,,,,,,,,,,,state,,,,,,,,,,,,,,,,REFRESHING_SLOTS,,,,,,,,,,,,
run-b9643021-0348-48ef-8773-a450ab8d95ad,0.2.0,"=""1784091593634""","=""2026-07-15 13:59:53.634""","=""1784091633886""","=""2026-07-15 14:00:33.886""",STOPPED,151,0,https://app.catchtable.co.kr/ct/shop/sangnamsushi,2026-08-22,2,"=""1784091600000""","=""2026-07-15 14:00:00.000""","=""1784092200000""","=""2026-07-15 14:10:00.000""",660,1260,"{""targetUrl"":""https://app.catchtable.co.kr/ct/shop/sangnamsushi"",""openAtMs"":1784091600000,""reservationDate"":""2026-08-22"",""personCount"":2,""timeRange"":{""startMinutes"":660,""endMinutes"":1260},""priorityTimes"":[],""postSlotEnabled"":true,""paymentMethodAutoAdvance"":true,""paymentMethodPolicy"":""selected_allowed"",""tablePreference"":""any"",""menuKeyword"":"""",""stopAtMs"":1784092200000,""entryMode"":""auto"",""dryRun"":false,""preOpenLeadMs"":300,""toggleIntervalMs"":100}",13,AVAILABILITY_SHADOW,trace,content,"=""1784091598780""","=""2026-07-15 13:59:58.780""","=""1784091599313.85""","=""2026-07-15 13:59:59.313""",REFRESHING_SLOTS,슬롯 응답 shadow를 IRRELEVANT로 분류했습니다.,,,,,,,,,0,,,73523.69999999553,0.30000000447034836,10,73533.69999999553,,none,IRRELEVANT,,,,,,,,,,,,,,,,,,NONE,,,,false,73523.69999999553,2,body,260821,73436,1,73523.69999999553,0,,,1,,false,,,,,,false,73534,,untrusted_quality,,,,
run-b9643021-0348-48ef-8773-a450ab8d95ad,0.2.0,"=""1784091593634""","=""2026-07-15 13:59:53.634""","=""1784091633886""","=""2026-07-15 14:00:33.886""",STOPPED,151,0,https://app.catchtable.co.kr/ct/shop/sangnamsushi,2026-08-22,2,"=""1784091600000""","=""2026-07-15 14:00:00.000""","=""1784092200000""","=""2026-07-15 14:10:00.000""",660,1260,"{""targetUrl"":""https://app.catchtable.co.kr/ct/shop/sangnamsushi"",""openAtMs"":1784091600000,""reservationDate"":""2026-08-22"",""personCount"":2,""timeRange"":{""startMinutes"":660,""endMinutes"":1260},""priorityTimes"":[],""postSlotEnabled"":true,""paymentMethodAutoAdvance"":true,""paymentMethodPolicy"":""selected_allowed"",""tablePreference"":""any"",""menuKeyword"":"""",""stopAtMs"":1784092200000,""entryMode"":""auto"",""dryRun"":false,""preOpenLeadMs"":300,""toggleIntervalMs"":100}",14,AVAILABILITY_SHADOW,trace,content,"=""1784091598821""","=""2026-07-15 13:59:58.821""","=""1784091599354.5503""","=""2026-07-15 13:59:59.354""",REFRESHING_SLOTS,슬롯 응답 shadow를 EMPTY로 분류했습니다.,,,,,,,,,0,,,73564.5,0.19999999552965164,9.900000005960464,73574.5,,none,EMPTY,,,,,,,,,,,,,,,,,cycle:1:request:2,EXACT,1,,,true,73564.59999999404,2,body,260822,73524.59999999404,2,73564.5,200,,,2,,false,,,,,,false,73574.69999999553,,no_matching_slot,,,,
run-b9643021-0348-48ef-8773-a450ab8d95ad,0.2.0,"=""1784091593634""","=""2026-07-15 13:59:53.634""","=""1784091633886""","=""2026-07-15 14:00:33.886""",STOPPED,151,0,https://app.catchtable.co.kr/ct/shop/sangnamsushi,2026-08-22,2,"=""1784091600000""","=""2026-07-15 14:00:00.000""","=""1784092200000""","=""2026-07-15 14:10:00.000""",660,1260,"{""targetUrl"":""https://app.catchtable.co.kr/ct/shop/sangnamsushi"",""openAtMs"":1784091600000,""reservationDate"":""2026-08-22"",""personCount"":2,""timeRange"":{""startMinutes"":660,""endMinutes"":1260},""priorityTimes"":[],""postSlotEnabled"":true,""paymentMethodAutoAdvance"":true,""paymentMethodPolicy"":""selected_allowed"",""tablePreference"":""any"",""menuKeyword"":"""",""stopAtMs"":1784092200000,""entryMode"":""auto"",""dryRun"":false,""preOpenLeadMs"":300,""toggleIntervalMs"":100}",15,DATE_TOGGLE_CYCLE,trace,content,"=""1784091599062""","=""2026-07-15 13:59:59.062""","=""1784091599595.7502""","=""2026-07-15 13:59:59.595""",REFRESHING_SLOTS,날짜 토글 #1: NO_SLOT,,,,true,1784091599146.1501,2026-08-21,1784091599126.35,1784091599344.5503,,,0,,,,,,,,,,,,,,,,,,,,,,,,,,1,,0,,,,warmup,,,,,,NO_SLOT,,,12,,,true,1784091599255.6501,1784091599166.35,1784091599316.7502,,,,,true,,false,live
run-b9643021-0348-48ef-8773-a450ab8d95ad,0.2.0,"=""1784091593634""","=""2026-07-15 13:59:53.634""","=""1784091633886""","=""2026-07-15 14:00:33.886""",STOPPED,151,0,https://app.catchtable.co.kr/ct/shop/sangnamsushi,2026-08-22,2,"=""1784091600000""","=""2026-07-15 14:00:00.000""","=""1784092200000""","=""2026-07-15 14:10:00.000""",660,1260,"{""targetUrl"":""https://app.catchtable.co.kr/ct/shop/sangnamsushi"",""openAtMs"":1784091600000,""reservationDate"":""2026-08-22"",""personCount"":2,""timeRange"":{""startMinutes"":660,""endMinutes"":1260},""priorityTimes"":[],""postSlotEnabled"":true,""paymentMethodAutoAdvance"":true,""paymentMethodPolicy"":""selected_allowed"",""tablePreference"":""any"",""menuKeyword"":"""",""stopAtMs"":1784092200000,""entryMode"":""auto"",""dryRun"":false,""preOpenLeadMs"":300,""toggleIntervalMs"":100}",16,AVAILABILITY_SHADOW,trace,content,"=""1784091599287""","=""2026-07-15 13:59:59.287""","=""1784091599820.5503""","=""2026-07-15 13:59:59.820""",REFRESHING_SLOTS,슬롯 응답 shadow를 IRRELEVANT로 분류했습니다.,,,,,,,,,0,,,74009.5,0,31.19999999552965,74040.69999999553,,none,IRRELEVANT,,,,,,,,,,,,,,,,,,NONE,,,,false,74009.5,2,body,260821,73937,3,74009.5,0,,,3,,false,,,,,,false,74040.69999999553,,untrusted_quality,,,,
run-b9643021-0348-48ef-8773-a450ab8d95ad,0.2.0,"=""1784091593634""","=""2026-07-15 13:59:53.634""","=""1784091633886""","=""2026-07-15 14:00:33.886""",STOPPED,151,0,https://app.catchtable.co.kr/ct/shop/sangnamsushi,2026-08-22,2,"=""1784091600000""","=""2026-07-15 14:00:00.000""","=""1784092200000""","=""2026-07-15 14:10:00.000""",660,1260,"{""targetUrl"":""https://app.catchtable.co.kr/ct/shop/sangnamsushi"",""openAtMs"":1784091600000,""reservationDate"":""2026-08-22"",""personCount"":2,""timeRange"":{""startMinutes"":660,""endMinutes"":1260},""priorityTimes"":[],""postSlotEnabled"":true,""paymentMethodAutoAdvance"":true,""paymentMethodPolicy"":""selected_allowed"",""tablePreference"":""any"",""menuKeyword"":"""",""stopAtMs"":1784092200000,""entryMode"":""auto"",""dryRun"":false,""preOpenLeadMs"":300,""toggleIntervalMs"":100}",17,DATE_TOGGLE_CYCLE,trace,content,"=""1784091599538""","=""2026-07-15 13:59:59.538""","=""1784091600071.7502""","=""2026-07-15 14:00:00.071""",REFRESHING_SLOTS,날짜 토글 #2: NO_SLOT,,,,true,1784091599671.35,2026-08-21,1784091599660,1784091599820.7502,,,0,,,,,,,,,,,,,,,,,,,,,,,,,,2,,0,,,,precision,,,,,,NO_SLOT,,,11,,,true,1784091599746.85,1784091599700,1784091599822.85,,,,,true,,false,live
run-b9643021-0348-48ef-8773-a450ab8d95ad,0.2.0,"=""1784091593634""","=""2026-07-15 13:59:53.634""","=""1784091633886""","=""2026-07-15 14:00:33.886""",STOPPED,151,0,https://app.catchtable.co.kr/ct/shop/sangnamsushi,2026-08-22,2,"=""1784091600000""","=""2026-07-15 14:00:00.000""","=""1784092200000""","=""2026-07-15 14:10:00.000""",660,1260,"{""targetUrl"":""https://app.catchtable.co.kr/ct/shop/sangnamsushi"",""openAtMs"":1784091600000,""reservationDate"":""2026-08-22"",""personCount"":2,""timeRange"":{""startMinutes"":660,""endMinutes"":1260},""priorityTimes"":[],""postSlotEnabled"":true,""paymentMethodAutoAdvance"":true,""paymentMethodPolicy"":""selected_allowed"",""tablePreference"":""any"",""menuKeyword"":"""",""stopAtMs"":1784092200000,""entryMode"":""auto"",""dryRun"":false,""preOpenLeadMs"":300,""toggleIntervalMs"":100}",18,AVAILABILITY_SHADOW,trace,content,"=""1784091599772""","=""2026-07-15 13:59:59.772""","=""1784091600305.35""","=""2026-07-15 14:00:00.305""",REFRESHING_SLOTS,슬롯 응답 shadow를 IRRELEVANT로 분류했습니다.,,,,,,,,,0,,,74506.69999999553,0,18.80000000447035,74525.5,,none,IRRELEVANT,,,,,,,,,,,,,,,,,,NONE,,,,false,74506.69999999553,2,body,260821,74437.59999999404,4,74506.69999999553,0,,,4,,false,,,,,,false,74525.5,,untrusted_quality,,,,
run-b9643021-0348-48ef-8773-a450ab8d95ad,0.2.0,"=""1784091593634""","=""2026-07-15 13:59:53.634""","=""1784091633886""","=""2026-07-15 14:00:33.886""",STOPPED,151,0,https://app.catchtable.co.kr/ct/shop/sangnamsushi,2026-08-22,2,"=""1784091600000""","=""2026-07-15 14:00:00.000""","=""1784092200000""","=""2026-07-15 14:10:00.000""",660,1260,"{""targetUrl"":""https://app.catchtable.co.kr/ct/shop/sangnamsushi"",""openAtMs"":1784091600000,""reservationDate"":""2026-08-22"",""personCount"":2,""timeRange"":{""startMinutes"":660,""endMinutes"":1260},""priorityTimes"":[],""postSlotEnabled"":true,""paymentMethodAutoAdvance"":true,""paymentMethodPolicy"":""selected_allowed"",""tablePreference"":""any"",""menuKeyword"":"""",""stopAtMs"":1784092200000,""entryMode"":""auto"",""dryRun"":false,""preOpenLeadMs"":300,""toggleIntervalMs"":100}",19,DATE_TOGGLE_CYCLE,trace,content,"=""1784091600023""","=""2026-07-15 14:00:00.023""","=""1784091600556.35""","=""2026-07-15 14:00:00.556""",REFRESHING_SLOTS,날짜 토글 #3: NO_SLOT,,,,true,1784091600171.5503,2026-08-21,1784091600160,1784091600305.4502,,,0,,,,,,,,,,,,,,,,,,,,,,,,,,3,,0,,,,precision,,,,,,NO_SLOT,,,11,,,true,1784091600244.1501,1784091600200,1784091600308.7502,,,,,true,,false,live
run-b9643021-0348-48ef-8773-a450ab8d95ad,0.2.0,"=""1784091593634""","=""2026-07-15 13:59:53.634""","=""1784091633886""","=""2026-07-15 14:00:33.886""",STOPPED,151,0,https://app.catchtable.co.kr/ct/shop/sangnamsushi,2026-08-22,2,"=""1784091600000""","=""2026-07-15 14:00:00.000""","=""1784092200000""","=""2026-07-15 14:10:00.000""",660,1260,"{""targetUrl"":""https://app.catchtable.co.kr/ct/shop/sangnamsushi"",""openAtMs"":1784091600000,""reservationDate"":""2026-08-22"",""personCount"":2,""timeRange"":{""startMinutes"":660,""endMinutes"":1260},""priorityTimes"":[],""postSlotEnabled"":true,""paymentMethodAutoAdvance"":true,""paymentMethodPolicy"":""selected_allowed"",""tablePreference"":""any"",""menuKeyword"":"""",""stopAtMs"":1784092200000,""entryMode"":""auto"",""dryRun"":false,""preOpenLeadMs"":300,""toggleIntervalMs"":100}",20,AVAILABILITY_SHADOW,trace,content,"=""1784091600149""","=""2026-07-15 14:00:00.149""","=""1784091600682.85""","=""2026-07-15 14:00:00.682""",REFRESHING_SLOTS,슬롯 응답 shadow를 IRRELEVANT로 분류했습니다.,,,,,,,,,0,,,74894.79999999702,0.10000000149011612,8.100000001490116,74902.89999999851,,none,IRRELEVANT,,,,,,,,,,,,,,,,,,NONE,,,,false,74894.79999999702,2,body,260821,74838.79999999702,5,74894.79999999702,0,,,5,,false,,,,,,false,74903,,untrusted_quality,,,,
run-b9643021-0348-48ef-8773-a450ab8d95ad,0.2.0,"=""1784091593634""","=""2026-07-15 13:59:53.634""","=""1784091633886""","=""2026-07-15 14:00:33.886""",STOPPED,151,0,https://app.catchtable.co.kr/ct/shop/sangnamsushi,2026-08-22,2,"=""1784091600000""","=""2026-07-15 14:00:00.000""","=""1784092200000""","=""2026-07-15 14:10:00.000""",660,1260,"{""targetUrl"":""https://app.catchtable.co.kr/ct/shop/sangnamsushi"",""openAtMs"":1784091600000,""reservationDate"":""2026-08-22"",""personCount"":2,""timeRange"":{""startMinutes"":660,""endMinutes"":1260},""priorityTimes"":[],""postSlotEnabled"":true,""paymentMethodAutoAdvance"":true,""paymentMethodPolicy"":""selected_allowed"",""tablePreference"":""any"",""menuKeyword"":"""",""stopAtMs"":1784092200000,""entryMode"":""auto"",""dryRun"":false,""preOpenLeadMs"":300,""toggleIntervalMs"":100}",21,AVAILABILITY_SHADOW,trace,content,"=""1784091600187""","=""2026-07-15 14:00:00.187""","=""1784091600721.0503""","=""2026-07-15 14:00:00.721""",REFRESHING_SLOTS,슬롯 응답 shadow를 EMPTY로 분류했습니다.,,,,,,,,,0,,,74928.59999999404,0.10000000149011612,12.5,74941.09999999404,,none,EMPTY,,,,,,,,,,,,,,,,,cycle:3:request:6,EXACT,3,,,true,74928.59999999404,2,body,260822,74895.5,6,74928.59999999404,200,,,6,,false,,,,,,false,74941.19999999553,,inactive_cycle,,,,
run-b9643021-0348-48ef-8773-a450ab8d95ad,0.2.0,"=""1784091593634""","=""2026-07-15 13:59:53.634""","=""1784091633886""","=""2026-07-15 14:00:33.886""",STOPPED,151,0,https://app.catchtable.co.kr/ct/shop/sangnamsushi,2026-08-22,2,"=""1784091600000""","=""2026-07-15 14:00:00.000""","=""1784092200000""","=""2026-07-15 14:10:00.000""",660,1260,"{""targetUrl"":""https://app.catchtable.co.kr/ct/shop/sangnamsushi"",""openAtMs"":1784091600000,""reservationDate"":""2026-08-22"",""personCount"":2,""timeRange"":{""startMinutes"":660,""endMinutes"":1260},""priorityTimes"":[],""postSlotEnabled"":true,""paymentMethodAutoAdvance"":true,""paymentMethodPolicy"":""selected_allowed"",""tablePreference"":""any"",""menuKeyword"":"""",""stopAtMs"":1784092200000,""entryMode"":""auto"",""dryRun"":false,""preOpenLeadMs"":300,""toggleIntervalMs"":100}",22,DATE_TOGGLE_CYCLE,trace,content,"=""1784091600429""","=""2026-07-15 14:00:00.429""","=""1784091600962.7502""","=""2026-07-15 14:00:00.962""",REFRESHING_SLOTS,날짜 토글 #4: NO_SLOT,,,,true,1784091600579.0503,2026-08-21,1784091600560,1784091600708.6501,,,0,,,,,,,,,,,,,,,,,,,,,,,,,,4,,0,,,,precision,,,,,,NO_SLOT,,,12,,,true,1784091600640.85,1784091600600,1784091600685.35,,,,,true,,false,live
run-b9643021-0348-48ef-8773-a450ab8d95ad,0.2.0,"=""1784091593634""","=""2026-07-15 13:59:53.634""","=""1784091633886""","=""2026-07-15 14:00:33.886""",STOPPED,151,0,https://app.catchtable.co.kr/ct/shop/sangnamsushi,2026-08-22,2,"=""1784091600000""","=""2026-07-15 14:00:00.000""","=""1784092200000""","=""2026-07-15 14:10:00.000""",660,1260,"{""targetUrl"":""https://app.catchtable.co.kr/ct/shop/sangnamsushi"",""openAtMs"":1784091600000,""reservationDate"":""2026-08-22"",""personCount"":2,""timeRange"":{""startMinutes"":660,""endMinutes"":1260},""priorityTimes"":[],""postSlotEnabled"":true,""paymentMethodAutoAdvance"":true,""paymentMethodPolicy"":""selected_allowed"",""tablePreference"":""any"",""menuKeyword"":"""",""stopAtMs"":1784092200000,""entryMode"":""auto"",""dryRun"":false,""preOpenLeadMs"":300,""toggleIntervalMs"":100}",23,AVAILABILITY_SHADOW,trace,content,"=""1784091600679""","=""2026-07-15 14:00:00.679""","=""1784091601212.6501""","=""2026-07-15 14:00:01.212""",REFRESHING_SLOTS,슬롯 응답 shadow를 IRRELEVANT로 분류했습니다.,,,,,,,,,0,,,75415.5,0,17.19999999552965,75432.69999999553,,none,IRRELEVANT,,,,,,,,,,,,,,,,,,NONE,,,,false,75415.5,2,body,260821,75347.59999999404,7,75415.5,0,,,7,,false,,,,,,false,75432.69999999553,,untrusted_quality,,,,
run-b9643021-0348-48ef-8773-a450ab8d95ad,0.2.0,"=""1784091593634""","=""2026-07-15 13:59:53.634""","=""1784091633886""","=""2026-07-15 14:00:33.886""",STOPPED,151,0,https://app.catchtable.co.kr/ct/shop/sangnamsushi,2026-08-22,2,"=""1784091600000""","=""2026-07-15 14:00:00.000""","=""1784092200000""","=""2026-07-15 14:10:00.000""",660,1260,"{""targetUrl"":""https://app.catchtable.co.kr/ct/shop/sangnamsushi"",""openAtMs"":1784091600000,""reservationDate"":""2026-08-22"",""personCount"":2,""timeRange"":{""startMinutes"":660,""endMinutes"":1260},""priorityTimes"":[],""postSlotEnabled"":true,""paymentMethodAutoAdvance"":true,""paymentMethodPolicy"":""selected_allowed"",""tablePreference"":""any"",""menuKeyword"":"""",""stopAtMs"":1784092200000,""entryMode"":""auto"",""dryRun"":false,""preOpenLeadMs"":300,""toggleIntervalMs"":100}",24,DATE_TOGGLE_CYCLE,trace,content,"=""1784091600934""","=""2026-07-15 14:00:00.934""","=""1784091601467.1501""","=""2026-07-15 14:00:01.467""",REFRESHING_SLOTS,날짜 토글 #5: NO_SLOT,,,,true,1784091601073.5503,2026-08-21,1784091601060,1784091601216.4502,,,0,,,,,,,,,,,,,,,,,,,,,,,,,,5,,0,,,,precision,,,,,,NO_SLOT,,,11,,,true,1784091601156.4502,1784091601100,1784091601215.6501,,,,,true,,false,live
run-b9643021-0348-48ef-8773-a450ab8d95ad,0.2.0,"=""1784091593634""","=""2026-07-15 13:59:53.634""","=""1784091633886""","=""2026-07-15 14:00:33.886""",STOPPED,151,0,https://app.catchtable.co.kr/ct/shop/sangnamsushi,2026-08-22,2,"=""1784091600000""","=""2026-07-15 14:00:00.000""","=""1784092200000""","=""2026-07-15 14:10:00.000""",660,1260,"{""targetUrl"":""https://app.catchtable.co.kr/ct/shop/sangnamsushi"",""openAtMs"":1784091600000,""reservationDate"":""2026-08-22"",""personCount"":2,""timeRange"":{""startMinutes"":660,""endMinutes"":1260},""priorityTimes"":[],""postSlotEnabled"":true,""paymentMethodAutoAdvance"":true,""paymentMethodPolicy"":""selected_allowed"",""tablePreference"":""any"",""menuKeyword"":"""",""stopAtMs"":1784092200000,""entryMode"":""auto"",""dryRun"":false,""preOpenLeadMs"":300,""toggleIntervalMs"":100}",25,AVAILABILITY_SHADOW,trace,content,"=""1784091601210""","=""2026-07-15 14:00:01.210""","=""1784091601743.7502""","=""2026-07-15 14:00:01.743""",REFRESHING_SLOTS,슬롯 응답 shadow를 IRRELEVANT로 분류했습니다.,,,,,,,,,0,,,75939.19999999553,0.10000000149011612,24.600000001490116,75963.79999999702,,none,IRRELEVANT,,,,,,,,,,,,,,,,,,NONE,,,,false,75939.19999999553,2,body,260821,75846.59999999404,8,75939.19999999553,0,,,8,,false,,,,,,false,75963.89999999851,,untrusted_quality,,,,
run-b9643021-0348-48ef-8773-a450ab8d95ad,0.2.0,"=""1784091593634""","=""2026-07-15 13:59:53.634""","=""1784091633886""","=""2026-07-15 14:00:33.886""",STOPPED,151,0,https://app.catchtable.co.kr/ct/shop/sangnamsushi,2026-08-22,2,"=""1784091600000""","=""2026-07-15 14:00:00.000""","=""1784092200000""","=""2026-07-15 14:10:00.000""",660,1260,"{""targetUrl"":""https://app.catchtable.co.kr/ct/shop/sangnamsushi"",""openAtMs"":1784091600000,""reservationDate"":""2026-08-22"",""personCount"":2,""timeRange"":{""startMinutes"":660,""endMinutes"":1260},""priorityTimes"":[],""postSlotEnabled"":true,""paymentMethodAutoAdvance"":true,""paymentMethodPolicy"":""selected_allowed"",""tablePreference"":""any"",""menuKeyword"":"""",""stopAtMs"":1784092200000,""entryMode"":""auto"",""dryRun"":false,""preOpenLeadMs"":300,""toggleIntervalMs"":100}",26,DATE_TOGGLE_CYCLE,trace,content,"=""1784091601465""","=""2026-07-15 14:00:01.465""","=""1784091601998.6501""","=""2026-07-15 14:00:01.998""",REFRESHING_SLOTS,날짜 토글 #6: NO_SLOT,,,,true,1784091601580.0503,2026-08-21,1784091601560,1784091601743.9502,,,0,,,,,,,,,,,,,,,,,,,,,,,,,,6,,0,,,,precision,,,,,,NO_SLOT,,,12,,,true,1784091601670.4502,1784091601600,1784091601746.35,,,,,true,,false,live
run-b9643021-0348-48ef-8773-a450ab8d95ad,0.2.0,"=""1784091593634""","=""2026-07-15 13:59:53.634""","=""1784091633886""","=""2026-07-15 14:00:33.886""",STOPPED,151,0,https://app.catchtable.co.kr/ct/shop/sangnamsushi,2026-08-22,2,"=""1784091600000""","=""2026-07-15 14:00:00.000""","=""1784092200000""","=""2026-07-15 14:10:00.000""",660,1260,"{""targetUrl"":""https://app.catchtable.co.kr/ct/shop/sangnamsushi"",""openAtMs"":1784091600000,""reservationDate"":""2026-08-22"",""personCount"":2,""timeRange"":{""startMinutes"":660,""endMinutes"":1260},""priorityTimes"":[],""postSlotEnabled"":true,""paymentMethodAutoAdvance"":true,""paymentMethodPolicy"":""selected_allowed"",""tablePreference"":""any"",""menuKeyword"":"""",""stopAtMs"":1784092200000,""entryMode"":""auto"",""dryRun"":false,""preOpenLeadMs"":300,""toggleIntervalMs"":100}",27,AVAILABILITY_SHADOW,trace,content,"=""1784091601644""","=""2026-07-15 14:00:01.644""","=""1784091602177.85""","=""2026-07-15 14:00:02.177""",REFRESHING_SLOTS,슬롯 응답 shadow를 IRRELEVANT로 분류했습니다.,,,,,,,,,0,,,76390.19999999553,0,7.700000002980232,76398,,none,IRRELEVANT,,,,,,,,,,,,,,,,,,NONE,,,,false,76390.29999999702,2,body,260821,76331.19999999553,9,76390.19999999553,0,,,9,,false,,,,,,false,76398,,untrusted_quality,,,,
run-b9643021-0348-48ef-8773-a450ab8d95ad,0.2.0,"=""1784091593634""","=""2026-07-15 13:59:53.634""","=""1784091633886""","=""2026-07-15 14:00:33.886""",STOPPED,151,0,https://app.catchtable.co.kr/ct/shop/sangnamsushi,2026-08-22,2,"=""1784091600000""","=""2026-07-15 14:00:00.000""","=""1784092200000""","=""2026-07-15 14:10:00.000""",660,1260,"{""targetUrl"":""https://app.catchtable.co.kr/ct/shop/sangnamsushi"",""openAtMs"":1784091600000,""reservationDate"":""2026-08-22"",""personCount"":2,""timeRange"":{""startMinutes"":660,""endMinutes"":1260},""priorityTimes"":[],""postSlotEnabled"":true,""paymentMethodAutoAdvance"":true,""paymentMethodPolicy"":""selected_allowed"",""tablePreference"":""any"",""menuKeyword"":"""",""stopAtMs"":1784092200000,""entryMode"":""auto"",""dryRun"":false,""preOpenLeadMs"":300,""toggleIntervalMs"":100}",28,AVAILABILITY_SHADOW,trace,content,"=""1784091601702""","=""2026-07-15 14:00:01.702""","=""1784091602235.1501""","=""2026-07-15 14:00:02.235""",REFRESHING_SLOTS,슬롯 응답 shadow를 EMPTY로 분류했습니다.,,,,,,,,,0,,,76444.19999999553,0.10000000149011612,10.799999997019768,76455.19999999553,,none,EMPTY,,,,,,,,,,,,,,,,,cycle:6:request:10,EXACT,6,,,true,76444.39999999851,2,body,260822,76390.79999999702,10,76444.19999999553,200,,,10,,false,,,,,,false,76455.29999999702,,inactive_cycle,,,,
run-b9643021-0348-48ef-8773-a450ab8d95ad,0.2.0,"=""1784091593634""","=""2026-07-15 13:59:53.634""","=""1784091633886""","=""2026-07-15 14:00:33.886""",STOPPED,151,0,https://app.catchtable.co.kr/ct/shop/sangnamsushi,2026-08-22,2,"=""1784091600000""","=""2026-07-15 14:00:00.000""","=""1784092200000""","=""2026-07-15 14:10:00.000""",660,1260,"{""targetUrl"":""https://app.catchtable.co.kr/ct/shop/sangnamsushi"",""openAtMs"":1784091600000,""reservationDate"":""2026-08-22"",""personCount"":2,""timeRange"":{""startMinutes"":660,""endMinutes"":1260},""priorityTimes"":[],""postSlotEnabled"":true,""paymentMethodAutoAdvance"":true,""paymentMethodPolicy"":""selected_allowed"",""tablePreference"":""any"",""menuKeyword"":"""",""stopAtMs"":1784092200000,""entryMode"":""auto"",""dryRun"":false,""preOpenLeadMs"":300,""toggleIntervalMs"":100}",29,DATE_TOGGLE_CYCLE,trace,content,"=""1784091601941""","=""2026-07-15 14:00:01.941""","=""1784091602474.9502""","=""2026-07-15 14:00:02.474""",REFRESHING_SLOTS,날짜 토글 #7: NO_SLOT,,,,true,1784091602075.6501,2026-08-21,1784091602060,1784091602224.35,,,0,,,,,,,,,,,,,,,,,,,,,,,,,,7,,0,,,,precision,,,,,,NO_SLOT,,,12,,,true,1784091602134.2502,1784091602100,1784091602179.85,,,,,true,,false,live
run-b9643021-0348-48ef-8773-a450ab8d95ad,0.2.0,"=""1784091593634""","=""2026-07-15 13:59:53.634""","=""1784091633886""","=""2026-07-15 14:00:33.886""",STOPPED,151,0,https://app.catchtable.co.kr/ct/shop/sangnamsushi,2026-08-22,2,"=""1784091600000""","=""2026-07-15 14:00:00.000""","=""1784092200000""","=""2026-07-15 14:10:00.000""",660,1260,"{""targetUrl"":""https://app.catchtable.co.kr/ct/shop/sangnamsushi"",""openAtMs"":1784091600000,""reservationDate"":""2026-08-22"",""personCount"":2,""timeRange"":{""startMinutes"":660,""endMinutes"":1260},""priorityTimes"":[],""postSlotEnabled"":true,""paymentMethodAutoAdvance"":true,""paymentMethodPolicy"":""selected_allowed"",""tablePreference"":""any"",""menuKeyword"":"""",""stopAtMs"":1784092200000,""entryMode"":""auto"",""dryRun"":false,""preOpenLeadMs"":300,""toggleIntervalMs"":100}",30,AVAILABILITY_SHADOW,trace,content,"=""1784091602277""","=""2026-07-15 14:00:02.277""","=""1784091602810.9502""","=""2026-07-15 14:00:02.810""",REFRESHING_SLOTS,슬롯 응답 shadow를 IRRELEVANT로 분류했습니다.,,,,,,,,,0,,,77013.79999999702,0.09999999403953552,17.200000002980232,77031,,none,IRRELEVANT,,,,,,,,,,,,,,,,,,NONE,,,,false,77013.79999999702,2,body,260821,76955.69999999553,11,77013.79999999702,0,,,11,,false,,,,,,false,77031.09999999404,,untrusted_quality,,,,
run-b9643021-0348-48ef-8773-a450ab8d95ad,0.2.0,"=""1784091593634""","=""2026-07-15 13:59:53.634""","=""1784091633886""","=""2026-07-15 14:00:33.886""",STOPPED,151,0,https://app.catchtable.co.kr/ct/shop/sangnamsushi,2026-08-22,2,"=""1784091600000""","=""2026-07-15 14:00:00.000""","=""1784092200000""","=""2026-07-15 14:10:00.000""",660,1260,"{""targetUrl"":""https://app.catchtable.co.kr/ct/shop/sangnamsushi"",""openAtMs"":1784091600000,""reservationDate"":""2026-08-22"",""personCount"":2,""timeRange"":{""startMinutes"":660,""endMinutes"":1260},""priorityTimes"":[],""postSlotEnabled"":true,""paymentMethodAutoAdvance"":true,""paymentMethodPolicy"":""selected_allowed"",""tablePreference"":""any"",""menuKeyword"":"""",""stopAtMs"":1784092200000,""entryMode"":""auto"",""dryRun"":false,""preOpenLeadMs"":300,""toggleIntervalMs"":100}",31,DATE_TOGGLE_CYCLE,trace,content,"=""1784091602533""","=""2026-07-15 14:00:02.533""","=""1784091603066.6501""","=""2026-07-15 14:00:03.066""",REFRESHING_SLOTS,날짜 토글 #8: NO_SLOT,,,,true,1784091602696.35,2026-08-21,1784091602685.0503,1784091602814.9502,,,0,,,,,,,,,,,,,,,,,,,,,,,,,,8,,0,,,,followup,,,,,,NO_SLOT,,,11,,,true,1784091602758.1501,1784091602725.0503,1784091602813.1501,,,,,true,,false,live
run-b9643021-0348-48ef-8773-a450ab8d95ad,0.2.0,"=""1784091593634""","=""2026-07-15 13:59:53.634""","=""1784091633886""","=""2026-07-15 14:00:33.886""",STOPPED,151,0,https://app.catchtable.co.kr/ct/shop/sangnamsushi,2026-08-22,2,"=""1784091600000""","=""2026-07-15 14:00:00.000""","=""1784092200000""","=""2026-07-15 14:10:00.000""",660,1260,"{""targetUrl"":""https://app.catchtable.co.kr/ct/shop/sangnamsushi"",""openAtMs"":1784091600000,""reservationDate"":""2026-08-22"",""personCount"":2,""timeRange"":{""startMinutes"":660,""endMinutes"":1260},""priorityTimes"":[],""postSlotEnabled"":true,""paymentMethodAutoAdvance"":true,""paymentMethodPolicy"":""selected_allowed"",""tablePreference"":""any"",""menuKeyword"":"""",""stopAtMs"":1784092200000,""entryMode"":""auto"",""dryRun"":false,""preOpenLeadMs"":300,""toggleIntervalMs"":100}",32,AVAILABILITY_SHADOW,trace,content,"=""1784091602865""","=""2026-07-15 14:00:02.865""","=""1784091603398.2502""","=""2026-07-15 14:00:03.398""",REFRESHING_SLOTS,슬롯 응답 shadow를 IRRELEVANT로 분류했습니다.,,,,,,,,,0,,,77609.09999999404,0.10000000149011612,9.200000002980232,77618.29999999702,,none,IRRELEVANT,,,,,,,,,,,,,,,,,,NONE,,,,false,77609.09999999404,2,body,260821,77555.29999999702,12,77609.09999999404,0,,,12,,false,,,,,,false,77618.39999999851,,untrusted_quality,,,,
run-b9643021-0348-48ef-8773-a450ab8d95ad,0.2.0,"=""1784091593634""","=""2026-07-15 13:59:53.634""","=""1784091633886""","=""2026-07-15 14:00:33.886""",STOPPED,151,0,https://app.catchtable.co.kr/ct/shop/sangnamsushi,2026-08-22,2,"=""1784091600000""","=""2026-07-15 14:00:00.000""","=""1784092200000""","=""2026-07-15 14:10:00.000""",660,1260,"{""targetUrl"":""https://app.catchtable.co.kr/ct/shop/sangnamsushi"",""openAtMs"":1784091600000,""reservationDate"":""2026-08-22"",""personCount"":2,""timeRange"":{""startMinutes"":660,""endMinutes"":1260},""priorityTimes"":[],""postSlotEnabled"":true,""paymentMethodAutoAdvance"":true,""paymentMethodPolicy"":""selected_allowed"",""tablePreference"":""any"",""menuKeyword"":"""",""stopAtMs"":1784092200000,""entryMode"":""auto"",""dryRun"":false,""preOpenLeadMs"":300,""toggleIntervalMs"":100}",33,AVAILABILITY_SHADOW,trace,content,"=""1784091602902""","=""2026-07-15 14:00:02.902""","=""1784091603435.6501""","=""2026-07-15 14:00:03.435""",REFRESHING_SLOTS,슬롯 응답 shadow를 EMPTY로 분류했습니다.,,,,,,,,,0,,,77645.59999999404,0,10.100000001490116,77655.79999999702,,none,EMPTY,,,,,,,,,,,,,,,,,cycle:8:request:13,EXACT,8,,,true,77645.69999999553,2,body,260822,77610.09999999404,13,77645.59999999404,200,,,13,,false,,,,,,false,77655.79999999702,,inactive_cycle,,,,
run-b9643021-0348-48ef-8773-a450ab8d95ad,0.2.0,"=""1784091593634""","=""2026-07-15 13:59:53.634""","=""1784091633886""","=""2026-07-15 14:00:33.886""",STOPPED,151,0,https://app.catchtable.co.kr/ct/shop/sangnamsushi,2026-08-22,2,"=""1784091600000""","=""2026-07-15 14:00:00.000""","=""1784092200000""","=""2026-07-15 14:10:00.000""",660,1260,"{""targetUrl"":""https://app.catchtable.co.kr/ct/shop/sangnamsushi"",""openAtMs"":1784091600000,""reservationDate"":""2026-08-22"",""personCount"":2,""timeRange"":{""startMinutes"":660,""endMinutes"":1260},""priorityTimes"":[],""postSlotEnabled"":true,""paymentMethodAutoAdvance"":true,""paymentMethodPolicy"":""selected_allowed"",""tablePreference"":""any"",""menuKeyword"":"""",""stopAtMs"":1784092200000,""entryMode"":""auto"",""dryRun"":false,""preOpenLeadMs"":300,""toggleIntervalMs"":100}",34,DATE_TOGGLE_CYCLE,trace,content,"=""1784091603143""","=""2026-07-15 14:00:03.143""","=""1784091603676.7502""","=""2026-07-15 14:00:03.676""",REFRESHING_SLOTS,날짜 토글 #9: NO_SLOT,,,,true,1784091603292.5503,2026-08-21,1784091603276.85,1784091603425.6501,,,0,,,,,,,,,,,,,,,,,,,,,,,,,,9,,0,,,,followup,,,,,,NO_SLOT,,,11,,,true,1784091603356.7502,1784091603316.85,1784091603400.7502,,,,,true,,false,live
run-b9643021-0348-48ef-8773-a450ab8d95ad,0.2.0,"=""1784091593634""","=""2026-07-15 13:59:53.634""","=""1784091633886""","=""2026-07-15 14:00:33.886""",STOPPED,151,0,https://app.catchtable.co.kr/ct/shop/sangnamsushi,2026-08-22,2,"=""1784091600000""","=""2026-07-15 14:00:00.000""","=""1784092200000""","=""2026-07-15 14:10:00.000""",660,1260,"{""targetUrl"":""https://app.catchtable.co.kr/ct/shop/sangnamsushi"",""openAtMs"":1784091600000,""reservationDate"":""2026-08-22"",""personCount"":2,""timeRange"":{""startMinutes"":660,""endMinutes"":1260},""priorityTimes"":[],""postSlotEnabled"":true,""paymentMethodAutoAdvance"":true,""paymentMethodPolicy"":""selected_allowed"",""tablePreference"":""any"",""menuKeyword"":"""",""stopAtMs"":1784092200000,""entryMode"":""auto"",""dryRun"":false,""preOpenLeadMs"":300,""toggleIntervalMs"":100}",35,AVAILABILITY_SHADOW,trace,content,"=""1784091603471""","=""2026-07-15 14:00:03.471""","=""1784091604005.0503""","=""2026-07-15 14:00:04.005""",REFRESHING_SLOTS,슬롯 응답 shadow를 IRRELEVANT로 분류했습니다.,,,,,,,,,0,,,78208.89999999851,0,16.299999997019768,78225.19999999553,,none,IRRELEVANT,,,,,,,,,,,,,,,,,,NONE,,,,false,78208.89999999851,2,body,260821,78155.19999999553,14,78208.89999999851,0,,,14,,false,,,,,,false,78225.19999999553,,untrusted_quality,,,,
run-b9643021-0348-48ef-8773-a450ab8d95ad,0.2.0,"=""1784091593634""","=""2026-07-15 13:59:53.634""","=""1784091633886""","=""2026-07-15 14:00:33.886""",STOPPED,151,0,https://app.catchtable.co.kr/ct/shop/sangnamsushi,2026-08-22,2,"=""1784091600000""","=""2026-07-15 14:00:00.000""","=""1784092200000""","=""2026-07-15 14:10:00.000""",660,1260,"{""targetUrl"":""https://app.catchtable.co.kr/ct/shop/sangnamsushi"",""openAtMs"":1784091600000,""reservationDate"":""2026-08-22"",""personCount"":2,""timeRange"":{""startMinutes"":660,""endMinutes"":1260},""priorityTimes"":[],""postSlotEnabled"":true,""paymentMethodAutoAdvance"":true,""paymentMethodPolicy"":""selected_allowed"",""tablePreference"":""any"",""menuKeyword"":"""",""stopAtMs"":1784092200000,""entryMode"":""auto"",""dryRun"":false,""preOpenLeadMs"":300,""toggleIntervalMs"":100}",36,DATE_TOGGLE_CYCLE,trace,content,"=""1784091603725""","=""2026-07-15 14:00:03.725""","=""1784091604258.2502""","=""2026-07-15 14:00:04.258""",REFRESHING_SLOTS,날짜 토글 #10: NO_SLOT,,,,true,1784091603899.6501,2026-08-21,1784091603886.85,1784091604007.4502,,,0,,,,,,,,,,,,,,,,,,,,,,,,,,10,,0,,,,followup,,,,,,NO_SLOT,,,11,,,true,1784091603956.2502,1784091603926.85,1784091604007.1501,,,,,true,,false,live
run-b9643021-0348-48ef-8773-a450ab8d95ad,0.2.0,"=""1784091593634""","=""2026-07-15 13:59:53.634""","=""1784091633886""","=""2026-07-15 14:00:33.886""",STOPPED,151,0,https://app.catchtable.co.kr/ct/shop/sangnamsushi,2026-08-22,2,"=""1784091600000""","=""2026-07-15 14:00:00.000""","=""1784092200000""","=""2026-07-15 14:10:00.000""",660,1260,"{""targetUrl"":""https://app.catchtable.co.kr/ct/shop/sangnamsushi"",""openAtMs"":1784091600000,""reservationDate"":""2026-08-22"",""personCount"":2,""timeRange"":{""startMinutes"":660,""endMinutes"":1260},""priorityTimes"":[],""postSlotEnabled"":true,""paymentMethodAutoAdvance"":true,""paymentMethodPolicy"":""selected_allowed"",""tablePreference"":""any"",""menuKeyword"":"""",""stopAtMs"":1784092200000,""entryMode"":""auto"",""dryRun"":false,""preOpenLeadMs"":300,""toggleIntervalMs"":100}",37,AVAILABILITY_SHADOW,trace,content,"=""1784091604052""","=""2026-07-15 14:00:04.052""","=""1784091604585.35""","=""2026-07-15 14:00:04.585""",REFRESHING_SLOTS,슬롯 응답 shadow를 IRRELEVANT로 분류했습니다.,,,,,,,,,0,,,78797.39999999851,0,8.100000001490116,78805.5,,none,IRRELEVANT,,,,,,,,,,,,,,,,,,NONE,,,,false,78797.39999999851,2,body,260821,78742.89999999851,15,78797.39999999851,0,,,15,,false,,,,,,false,78805.5,,untrusted_quality,,,,
run-b9643021-0348-48ef-8773-a450ab8d95ad,0.2.0,"=""1784091593634""","=""2026-07-15 13:59:53.634""","=""1784091633886""","=""2026-07-15 14:00:33.886""",STOPPED,151,0,https://app.catchtable.co.kr/ct/shop/sangnamsushi,2026-08-22,2,"=""1784091600000""","=""2026-07-15 14:00:00.000""","=""1784092200000""","=""2026-07-15 14:10:00.000""",660,1260,"{""targetUrl"":""https://app.catchtable.co.kr/ct/shop/sangnamsushi"",""openAtMs"":1784091600000,""reservationDate"":""2026-08-22"",""personCount"":2,""timeRange"":{""startMinutes"":660,""endMinutes"":1260},""priorityTimes"":[],""postSlotEnabled"":true,""paymentMethodAutoAdvance"":true,""paymentMethodPolicy"":""selected_allowed"",""tablePreference"":""any"",""menuKeyword"":"""",""stopAtMs"":1784092200000,""entryMode"":""auto"",""dryRun"":false,""preOpenLeadMs"":300,""toggleIntervalMs"":100}",38,AVAILABILITY_SHADOW,trace,content,"=""1784091604110""","=""2026-07-15 14:00:04.110""","=""1784091604643.9502""","=""2026-07-15 14:00:04.643""",REFRESHING_SLOTS,슬롯 응답 shadow를 EMPTY로 분류했습니다.,,,,,,,,,0,,,78855.19999999553,0,8.899999998509884,78864.09999999404,,none,EMPTY,,,,,,,,,,,,,,,,,cycle:10:request:16,EXACT,10,,,true,78855.19999999553,2,body,260822,78798.09999999404,16,78855.19999999553,200,,,16,,false,,,,,,false,78864.09999999404,,inactive_cycle,,,,
run-b9643021-0348-48ef-8773-a450ab8d95ad,0.2.0,"=""1784091593634""","=""2026-07-15 13:59:53.634""","=""1784091633886""","=""2026-07-15 14:00:33.886""",STOPPED,151,0,https://app.catchtable.co.kr/ct/shop/sangnamsushi,2026-08-22,2,"=""1784091600000""","=""2026-07-15 14:00:00.000""","=""1784092200000""","=""2026-07-15 14:10:00.000""",660,1260,"{""targetUrl"":""https://app.catchtable.co.kr/ct/shop/sangnamsushi"",""openAtMs"":1784091600000,""reservationDate"":""2026-08-22"",""personCount"":2,""timeRange"":{""startMinutes"":660,""endMinutes"":1260},""priorityTimes"":[],""postSlotEnabled"":true,""paymentMethodAutoAdvance"":true,""paymentMethodPolicy"":""selected_allowed"",""tablePreference"":""any"",""menuKeyword"":"""",""stopAtMs"":1784092200000,""entryMode"":""auto"",""dryRun"":false,""preOpenLeadMs"":300,""toggleIntervalMs"":100}",39,DATE_TOGGLE_CYCLE,trace,content,"=""1784091604355""","=""2026-07-15 14:00:04.355""","=""1784091604888.9502""","=""2026-07-15 14:00:04.888""",REFRESHING_SLOTS,날짜 토글 #11: NO_SLOT,,,,true,1784091604478.4502,2026-08-21,1784091604468.35,1784091604635.2502,,,0,,,,,,,,,,,,,,,,,,,,,,,,,,11,,0,,,,followup,,,,,,NO_SLOT,,,13,,,true,1784091604545.6501,1784091604508.35,1784091604587.5503,,,,,true,,false,live
run-b9643021-0348-48ef-8773-a450ab8d95ad,0.2.0,"=""1784091593634""","=""2026-07-15 13:59:53.634""","=""1784091633886""","=""2026-07-15 14:00:33.886""",STOPPED,151,0,https://app.catchtable.co.kr/ct/shop/sangnamsushi,2026-08-22,2,"=""1784091600000""","=""2026-07-15 14:00:00.000""","=""1784092200000""","=""2026-07-15 14:10:00.000""",660,1260,"{""targetUrl"":""https://app.catchtable.co.kr/ct/shop/sangnamsushi"",""openAtMs"":1784091600000,""reservationDate"":""2026-08-22"",""personCount"":2,""timeRange"":{""startMinutes"":660,""endMinutes"":1260},""priorityTimes"":[],""postSlotEnabled"":true,""paymentMethodAutoAdvance"":true,""paymentMethodPolicy"":""selected_allowed"",""tablePreference"":""any"",""menuKeyword"":"""",""stopAtMs"":1784092200000,""entryMode"":""auto"",""dryRun"":false,""preOpenLeadMs"":300,""toggleIntervalMs"":100}",40,AVAILABILITY_SHADOW,trace,content,"=""1784091604704""","=""2026-07-15 14:00:04.704""","=""1784091605237.4502""","=""2026-07-15 14:00:05.237""",REFRESHING_SLOTS,슬롯 응답 shadow를 IRRELEVANT로 분류했습니다.,,,,,,,,,0,,,79441.89999999851,0,15.699999995529652,79457.59999999404,,none,IRRELEVANT,,,,,,,,,,,,,,,,,,NONE,,,,false,79441.89999999851,2,body,260821,79370.79999999702,17,79441.89999999851,0,,,17,,false,,,,,,false,79457.59999999404,,untrusted_quality,,,,
run-b9643021-0348-48ef-8773-a450ab8d95ad,0.2.0,"=""1784091593634""","=""2026-07-15 13:59:53.634""","=""1784091633886""","=""2026-07-15 14:00:33.886""",STOPPED,151,0,https://app.catchtable.co.kr/ct/shop/sangnamsushi,2026-08-22,2,"=""1784091600000""","=""2026-07-15 14:00:00.000""","=""1784092200000""","=""2026-07-15 14:10:00.000""",660,1260,"{""targetUrl"":""https://app.catchtable.co.kr/ct/shop/sangnamsushi"",""openAtMs"":1784091600000,""reservationDate"":""2026-08-22"",""personCount"":2,""timeRange"":{""startMinutes"":660,""endMinutes"":1260},""priorityTimes"":[],""postSlotEnabled"":true,""paymentMethodAutoAdvance"":true,""paymentMethodPolicy"":""selected_allowed"",""tablePreference"":""any"",""menuKeyword"":"""",""stopAtMs"":1784092200000,""entryMode"":""auto"",""dryRun"":false,""preOpenLeadMs"":300,""toggleIntervalMs"":100}",41,DATE_TOGGLE_CYCLE,trace,content,"=""1784091604954""","=""2026-07-15 14:00:04.954""","=""1784091605487.7502""","=""2026-07-15 14:00:05.487""",REFRESHING_SLOTS,날짜 토글 #12: NO_SLOT,,,,true,1784091605112.1501,2026-08-21,1784091605099.1501,1784091605237.6501,,,0,,,,,,,,,,,,,,,,,,,,,,,,,,12,,0,,,,followup,,,,,,NO_SLOT,,,11,,,true,1784091605176.35,1784091605139.1501,1784091605239.9502,,,,,true,,false,live
run-b9643021-0348-48ef-8773-a450ab8d95ad,0.2.0,"=""1784091593634""","=""2026-07-15 13:59:53.634""","=""1784091633886""","=""2026-07-15 14:00:33.886""",STOPPED,151,0,https://app.catchtable.co.kr/ct/shop/sangnamsushi,2026-08-22,2,"=""1784091600000""","=""2026-07-15 14:00:00.000""","=""1784092200000""","=""2026-07-15 14:10:00.000""",660,1260,"{""targetUrl"":""https://app.catchtable.co.kr/ct/shop/sangnamsushi"",""openAtMs"":1784091600000,""reservationDate"":""2026-08-22"",""personCount"":2,""timeRange"":{""startMinutes"":660,""endMinutes"":1260},""priorityTimes"":[],""postSlotEnabled"":true,""paymentMethodAutoAdvance"":true,""paymentMethodPolicy"":""selected_allowed"",""tablePreference"":""any"",""menuKeyword"":"""",""stopAtMs"":1784092200000,""entryMode"":""auto"",""dryRun"":false,""preOpenLeadMs"":300,""toggleIntervalMs"":100}",42,AVAILABILITY_SHADOW,trace,content,"=""1784091605265""","=""2026-07-15 14:00:05.265""","=""1784091605798.85""","=""2026-07-15 14:00:05.798""",REFRESHING_SLOTS,슬롯 응답 shadow를 IRRELEVANT로 분류했습니다.,,,,,,,,,0,,,80011.19999999553,0.10000000149011612,7.700000002980232,80018.89999999851,,none,IRRELEVANT,,,,,,,,,,,,,,,,,,NONE,,,,false,80011.19999999553,2,body,260821,79962.19999999553,18,80011.19999999553,0,,,18,,false,,,,,,false,80019,,untrusted_quality,,,,
run-b9643021-0348-48ef-8773-a450ab8d95ad,0.2.0,"=""1784091593634""","=""2026-07-15 13:59:53.634""","=""1784091633886""","=""2026-07-15 14:00:33.886""",STOPPED,151,0,https://app.catchtable.co.kr/ct/shop/sangnamsushi,2026-08-22,2,"=""1784091600000""","=""2026-07-15 14:00:00.000""","=""1784092200000""","=""2026-07-15 14:10:00.000""",660,1260,"{""targetUrl"":""https://app.catchtable.co.kr/ct/shop/sangnamsushi"",""openAtMs"":1784091600000,""reservationDate"":""2026-08-22"",""personCount"":2,""timeRange"":{""startMinutes"":660,""endMinutes"":1260},""priorityTimes"":[],""postSlotEnabled"":true,""paymentMethodAutoAdvance"":true,""paymentMethodPolicy"":""selected_allowed"",""tablePreference"":""any"",""menuKeyword"":"""",""stopAtMs"":1784092200000,""entryMode"":""auto"",""dryRun"":false,""preOpenLeadMs"":300,""toggleIntervalMs"":100}",43,AVAILABILITY_SHADOW,trace,content,"=""1784091605303""","=""2026-07-15 14:00:05.303""","=""1784091605836.4502""","=""2026-07-15 14:00:05.836""",REFRESHING_SLOTS,슬롯 응답 shadow를 EMPTY로 분류했습니다.,,,,,,,,,0,,,80045.89999999851,0,10.699999995529652,80056.59999999404,,none,EMPTY,,,,,,,,,,,,,,,,,cycle:12:request:19,EXACT,12,,,true,80045.89999999851,2,body,260822,80011.79999999702,19,80045.89999999851,200,,,19,,false,,,,,,false,80056.59999999404,,inactive_cycle,,,,
run-b9643021-0348-48ef-8773-a450ab8d95ad,0.2.0,"=""1784091593634""","=""2026-07-15 13:59:53.634""","=""1784091633886""","=""2026-07-15 14:00:33.886""",STOPPED,151,0,https://app.catchtable.co.kr/ct/shop/sangnamsushi,2026-08-22,2,"=""1784091600000""","=""2026-07-15 14:00:00.000""","=""1784092200000""","=""2026-07-15 14:10:00.000""",660,1260,"{""targetUrl"":""https://app.catchtable.co.kr/ct/shop/sangnamsushi"",""openAtMs"":1784091600000,""reservationDate"":""2026-08-22"",""personCount"":2,""timeRange"":{""startMinutes"":660,""endMinutes"":1260},""priorityTimes"":[],""postSlotEnabled"":true,""paymentMethodAutoAdvance"":true,""paymentMethodPolicy"":""selected_allowed"",""tablePreference"":""any"",""menuKeyword"":"""",""stopAtMs"":1784092200000,""entryMode"":""auto"",""dryRun"":false,""preOpenLeadMs"":300,""toggleIntervalMs"":100}",44,DATE_TOGGLE_CYCLE,trace,content,"=""1784091605543""","=""2026-07-15 14:00:05.543""","=""1784091606076.85""","=""2026-07-15 14:00:06.076""",REFRESHING_SLOTS,날짜 토글 #13: NO_SLOT,,,,true,1784091605707.6501,2026-08-21,1784091605697.85,1784091605826.35,,,0,,,,,,,,,,,,,,,,,,,,,,,,,,13,,0,,,,followup,,,,,,NO_SLOT,,,11,,,true,1784091605762.85,1784091605737.85,1784091605801.9502,,,,,true,,false,live
run-b9643021-0348-48ef-8773-a450ab8d95ad,0.2.0,"=""1784091593634""","=""2026-07-15 13:59:53.634""","=""1784091633886""","=""2026-07-15 14:00:33.886""",STOPPED,151,0,https://app.catchtable.co.kr/ct/shop/sangnamsushi,2026-08-22,2,"=""1784091600000""","=""2026-07-15 14:00:00.000""","=""1784092200000""","=""2026-07-15 14:10:00.000""",660,1260,"{""targetUrl"":""https://app.catchtable.co.kr/ct/shop/sangnamsushi"",""openAtMs"":1784091600000,""reservationDate"":""2026-08-22"",""personCount"":2,""timeRange"":{""startMinutes"":660,""endMinutes"":1260},""priorityTimes"":[],""postSlotEnabled"":true,""paymentMethodAutoAdvance"":true,""paymentMethodPolicy"":""selected_allowed"",""tablePreference"":""any"",""menuKeyword"":"""",""stopAtMs"":1784092200000,""entryMode"":""auto"",""dryRun"":false,""preOpenLeadMs"":300,""toggleIntervalMs"":100}",45,AVAILABILITY_SHADOW,trace,content,"=""1784091605877""","=""2026-07-15 14:00:05.877""","=""1784091606410.7502""","=""2026-07-15 14:00:06.410""",REFRESHING_SLOTS,슬롯 응답 shadow를 IRRELEVANT로 분류했습니다.,,,,,,,,,0,,,80614.09999999404,0,16.80000000447035,80630.89999999851,,none,IRRELEVANT,,,,,,,,,,,,,,,,,,NONE,,,,false,80614.09999999404,2,body,260821,80558.59999999404,20,80614.09999999404,0,,,20,,false,,,,,,false,80630.89999999851,,untrusted_quality,,,,
run-b9643021-0348-48ef-8773-a450ab8d95ad,0.2.0,"=""1784091593634""","=""2026-07-15 13:59:53.634""","=""1784091633886""","=""2026-07-15 14:00:33.886""",STOPPED,151,0,https://app.catchtable.co.kr/ct/shop/sangnamsushi,2026-08-22,2,"=""1784091600000""","=""2026-07-15 14:00:00.000""","=""1784092200000""","=""2026-07-15 14:10:00.000""",660,1260,"{""targetUrl"":""https://app.catchtable.co.kr/ct/shop/sangnamsushi"",""openAtMs"":1784091600000,""reservationDate"":""2026-08-22"",""personCount"":2,""timeRange"":{""startMinutes"":660,""endMinutes"":1260},""priorityTimes"":[],""postSlotEnabled"":true,""paymentMethodAutoAdvance"":true,""paymentMethodPolicy"":""selected_allowed"",""tablePreference"":""any"",""menuKeyword"":"""",""stopAtMs"":1784092200000,""entryMode"":""auto"",""dryRun"":false,""preOpenLeadMs"":300,""toggleIntervalMs"":100}",46,DATE_TOGGLE_CYCLE,trace,content,"=""1784091606130""","=""2026-07-15 14:00:06.130""","=""1784091606663.7502""","=""2026-07-15 14:00:06.663""",REFRESHING_SLOTS,날짜 토글 #14: NO_SLOT,,,,true,1784091606300.9502,2026-08-21,1784091606286.9502,1784091606413.5503,,,0,,,,,,,,,,,,,,,,,,,,,,,,,,14,,0,,,,followup,,,,,,NO_SLOT,,,11,,,true,1784091606361.4502,1784091606326.9502,1784091606412.9502,,,,,true,,false,live
run-b9643021-0348-48ef-8773-a450ab8d95ad,0.2.0,"=""1784091593634""","=""2026-07-15 13:59:53.634""","=""1784091633886""","=""2026-07-15 14:00:33.886""",STOPPED,151,0,https://app.catchtable.co.kr/ct/shop/sangnamsushi,2026-08-22,2,"=""1784091600000""","=""2026-07-15 14:00:00.000""","=""1784092200000""","=""2026-07-15 14:10:00.000""",660,1260,"{""targetUrl"":""https://app.catchtable.co.kr/ct/shop/sangnamsushi"",""openAtMs"":1784091600000,""reservationDate"":""2026-08-22"",""personCount"":2,""timeRange"":{""startMinutes"":660,""endMinutes"":1260},""priorityTimes"":[],""postSlotEnabled"":true,""paymentMethodAutoAdvance"":true,""paymentMethodPolicy"":""selected_allowed"",""tablePreference"":""any"",""menuKeyword"":"""",""stopAtMs"":1784092200000,""entryMode"":""auto"",""dryRun"":false,""preOpenLeadMs"":300,""toggleIntervalMs"":100}",47,AVAILABILITY_SHADOW,trace,content,"=""1784091606447""","=""2026-07-15 14:00:06.447""","=""1784091606981.1501""","=""2026-07-15 14:00:06.981""",REFRESHING_SLOTS,슬롯 응답 shadow를 IRRELEVANT로 분류했습니다.,,,,,,,,,0,,,81194.19999999553,0.10000000149011612,7,81201.19999999553,,none,IRRELEVANT,,,,,,,,,,,,,,,,,,NONE,,,,false,81194.19999999553,2,body,260821,81142.69999999553,21,81194.19999999553,0,,,21,,false,,,,,,false,81201.29999999702,,untrusted_quality,,,,
run-b9643021-0348-48ef-8773-a450ab8d95ad,0.2.0,"=""1784091593634""","=""2026-07-15 13:59:53.634""","=""1784091633886""","=""2026-07-15 14:00:33.886""",STOPPED,151,0,https://app.catchtable.co.kr/ct/shop/sangnamsushi,2026-08-22,2,"=""1784091600000""","=""2026-07-15 14:00:00.000""","=""1784092200000""","=""2026-07-15 14:10:00.000""",660,1260,"{""targetUrl"":""https://app.catchtable.co.kr/ct/shop/sangnamsushi"",""openAtMs"":1784091600000,""reservationDate"":""2026-08-22"",""personCount"":2,""timeRange"":{""startMinutes"":660,""endMinutes"":1260},""priorityTimes"":[],""postSlotEnabled"":true,""paymentMethodAutoAdvance"":true,""paymentMethodPolicy"":""selected_allowed"",""tablePreference"":""any"",""menuKeyword"":"""",""stopAtMs"":1784092200000,""entryMode"":""auto"",""dryRun"":false,""preOpenLeadMs"":300,""toggleIntervalMs"":100}",48,AVAILABILITY_SHADOW,trace,content,"=""1784091606489""","=""2026-07-15 14:00:06.489""","=""1784091607022.7502""","=""2026-07-15 14:00:07.022""",REFRESHING_SLOTS,슬롯 응답 shadow를 EMPTY로 분류했습니다.,,,,,,,,,0,,,81231.19999999553,0,11.600000001490116,81242.89999999851,,none,EMPTY,,,,,,,,,,,,,,,,,cycle:14:request:22,EXACT,14,,,true,81231.29999999702,2,body,260822,81194.69999999553,22,81231.19999999553,200,,,22,,false,,,,,,false,81242.89999999851,,inactive_cycle,,,,
run-b9643021-0348-48ef-8773-a450ab8d95ad,0.2.0,"=""1784091593634""","=""2026-07-15 13:59:53.634""","=""1784091633886""","=""2026-07-15 14:00:33.886""",STOPPED,151,0,https://app.catchtable.co.kr/ct/shop/sangnamsushi,2026-08-22,2,"=""1784091600000""","=""2026-07-15 14:00:00.000""","=""1784092200000""","=""2026-07-15 14:10:00.000""",660,1260,"{""targetUrl"":""https://app.catchtable.co.kr/ct/shop/sangnamsushi"",""openAtMs"":1784091600000,""reservationDate"":""2026-08-22"",""personCount"":2,""timeRange"":{""startMinutes"":660,""endMinutes"":1260},""priorityTimes"":[],""postSlotEnabled"":true,""paymentMethodAutoAdvance"":true,""paymentMethodPolicy"":""selected_allowed"",""tablePreference"":""any"",""menuKeyword"":"""",""stopAtMs"":1784092200000,""entryMode"":""auto"",""dryRun"":false,""preOpenLeadMs"":300,""toggleIntervalMs"":100}",49,DATE_TOGGLE_CYCLE,trace,content,"=""1784091606728""","=""2026-07-15 14:00:06.728""","=""1784091607261.4502""","=""2026-07-15 14:00:07.261""",REFRESHING_SLOTS,날짜 토글 #15: NO_SLOT,,,,true,1784091606887.4502,2026-08-21,1784091606873.7502,1784091607011.2502,,,0,,,,,,,,,,,,,,,,,,,,,,,,,,15,,0,,,,followup,,,,,,NO_SLOT,,,12,,,true,1784091606944.7502,1784091606913.7502,1784091606984.1501,,,,,true,,false,live
run-b9643021-0348-48ef-8773-a450ab8d95ad,0.2.0,"=""1784091593634""","=""2026-07-15 13:59:53.634""","=""1784091633886""","=""2026-07-15 14:00:33.886""",STOPPED,151,0,https://app.catchtable.co.kr/ct/shop/sangnamsushi,2026-08-22,2,"=""1784091600000""","=""2026-07-15 14:00:00.000""","=""1784092200000""","=""2026-07-15 14:10:00.000""",660,1260,"{""targetUrl"":""https://app.catchtable.co.kr/ct/shop/sangnamsushi"",""openAtMs"":1784091600000,""reservationDate"":""2026-08-22"",""personCount"":2,""timeRange"":{""startMinutes"":660,""endMinutes"":1260},""priorityTimes"":[],""postSlotEnabled"":true,""paymentMethodAutoAdvance"":true,""paymentMethodPolicy"":""selected_allowed"",""tablePreference"":""any"",""menuKeyword"":"""",""stopAtMs"":1784092200000,""entryMode"":""auto"",""dryRun"":false,""preOpenLeadMs"":300,""toggleIntervalMs"":100}",50,AVAILABILITY_SHADOW,trace,content,"=""1784091607067""","=""2026-07-15 14:00:07.067""","=""1784091607600.5503""","=""2026-07-15 14:00:07.600""",REFRESHING_SLOTS,슬롯 응답 shadow를 IRRELEVANT로 분류했습니다.,,,,,,,,,0,,,81802.5,0,18.19999999552965,81820.69999999553,,none,IRRELEVANT,,,,,,,,,,,,,,,,,,NONE,,,,false,81802.5,2,body,260821,81743.5,23,81802.5,0,,,23,,false,,,,,,false,81820.69999999553,,untrusted_quality,,,,
run-b9643021-0348-48ef-8773-a450ab8d95ad,0.2.0,"=""1784091593634""","=""2026-07-15 13:59:53.634""","=""1784091633886""","=""2026-07-15 14:00:33.886""",STOPPED,151,0,https://app.catchtable.co.kr/ct/shop/sangnamsushi,2026-08-22,2,"=""1784091600000""","=""2026-07-15 14:00:00.000""","=""1784092200000""","=""2026-07-15 14:10:00.000""",660,1260,"{""targetUrl"":""https://app.catchtable.co.kr/ct/shop/sangnamsushi"",""openAtMs"":1784091600000,""reservationDate"":""2026-08-22"",""personCount"":2,""timeRange"":{""startMinutes"":660,""endMinutes"":1260},""priorityTimes"":[],""postSlotEnabled"":true,""paymentMethodAutoAdvance"":true,""paymentMethodPolicy"":""selected_allowed"",""tablePreference"":""any"",""menuKeyword"":"""",""stopAtMs"":1784092200000,""entryMode"":""auto"",""dryRun"":false,""preOpenLeadMs"":300,""toggleIntervalMs"":100}",51,DATE_TOGGLE_CYCLE,trace,content,"=""1784091607320""","=""2026-07-15 14:00:07.320""","=""1784091607853.7502""","=""2026-07-15 14:00:07.853""",REFRESHING_SLOTS,날짜 토글 #16: NO_SLOT,,,,true,1784091607489.0503,2026-08-21,1784091607471.5503,1784091607603.35,,,0,,,,,,,,,,,,,,,,,,,,,,,,,,16,,0,,,,followup,,,,,,NO_SLOT,,,11,,,true,1784091607549.4502,1784091607511.5503,1784091607602.85,,,,,true,,false,live
run-b9643021-0348-48ef-8773-a450ab8d95ad,0.2.0,"=""1784091593634""","=""2026-07-15 13:59:53.634""","=""1784091633886""","=""2026-07-15 14:00:33.886""",STOPPED,151,0,https://app.catchtable.co.kr/ct/shop/sangnamsushi,2026-08-22,2,"=""1784091600000""","=""2026-07-15 14:00:00.000""","=""1784092200000""","=""2026-07-15 14:10:00.000""",660,1260,"{""targetUrl"":""https://app.catchtable.co.kr/ct/shop/sangnamsushi"",""openAtMs"":1784091600000,""reservationDate"":""2026-08-22"",""personCount"":2,""timeRange"":{""startMinutes"":660,""endMinutes"":1260},""priorityTimes"":[],""postSlotEnabled"":true,""paymentMethodAutoAdvance"":true,""paymentMethodPolicy"":""selected_allowed"",""tablePreference"":""any"",""menuKeyword"":"""",""stopAtMs"":1784092200000,""entryMode"":""auto"",""dryRun"":false,""preOpenLeadMs"":300,""toggleIntervalMs"":100}",52,AVAILABILITY_SHADOW,trace,content,"=""1784091607631""","=""2026-07-15 14:00:07.631""","=""1784091608164.85""","=""2026-07-15 14:00:08.164""",REFRESHING_SLOTS,슬롯 응답 shadow를 IRRELEVANT로 분류했습니다.,,,,,,,,,0,,,82377.29999999702,0,7.700000002980232,82385,,none,IRRELEVANT,,,,,,,,,,,,,,,,,,NONE,,,,false,82377.29999999702,2,body,260821,82330.5,24,82377.29999999702,0,,,24,,false,,,,,,false,82385,,untrusted_quality,,,,
run-b9643021-0348-48ef-8773-a450ab8d95ad,0.2.0,"=""1784091593634""","=""2026-07-15 13:59:53.634""","=""1784091633886""","=""2026-07-15 14:00:33.886""",STOPPED,151,0,https://app.catchtable.co.kr/ct/shop/sangnamsushi,2026-08-22,2,"=""1784091600000""","=""2026-07-15 14:00:00.000""","=""1784092200000""","=""2026-07-15 14:10:00.000""",660,1260,"{""targetUrl"":""https://app.catchtable.co.kr/ct/shop/sangnamsushi"",""openAtMs"":1784091600000,""reservationDate"":""2026-08-22"",""personCount"":2,""timeRange"":{""startMinutes"":660,""endMinutes"":1260},""priorityTimes"":[],""postSlotEnabled"":true,""paymentMethodAutoAdvance"":true,""paymentMethodPolicy"":""selected_allowed"",""tablePreference"":""any"",""menuKeyword"":"""",""stopAtMs"":1784092200000,""entryMode"":""auto"",""dryRun"":false,""preOpenLeadMs"":300,""toggleIntervalMs"":100}",53,AVAILABILITY_SHADOW,trace,content,"=""1784091607671""","=""2026-07-15 14:00:07.671""","=""1784091608204.35""","=""2026-07-15 14:00:08.204""",REFRESHING_SLOTS,슬롯 응답 shadow를 EMPTY로 분류했습니다.,,,,,,,,,0,,,82414.39999999851,0,10,82424.5,,none,EMPTY,,,,,,,,,,,,,,,,,cycle:16:request:25,EXACT,16,,,true,82414.5,2,body,260822,82377.79999999702,25,82414.39999999851,200,,,25,,false,,,,,,false,82424.5,,inactive_cycle,,,,
run-b9643021-0348-48ef-8773-a450ab8d95ad,0.2.0,"=""1784091593634""","=""2026-07-15 13:59:53.634""","=""1784091633886""","=""2026-07-15 14:00:33.886""",STOPPED,151,0,https://app.catchtable.co.kr/ct/shop/sangnamsushi,2026-08-22,2,"=""1784091600000""","=""2026-07-15 14:00:00.000""","=""1784092200000""","=""2026-07-15 14:10:00.000""",660,1260,"{""targetUrl"":""https://app.catchtable.co.kr/ct/shop/sangnamsushi"",""openAtMs"":1784091600000,""reservationDate"":""2026-08-22"",""personCount"":2,""timeRange"":{""startMinutes"":660,""endMinutes"":1260},""priorityTimes"":[],""postSlotEnabled"":true,""paymentMethodAutoAdvance"":true,""paymentMethodPolicy"":""selected_allowed"",""tablePreference"":""any"",""menuKeyword"":"""",""stopAtMs"":1784092200000,""entryMode"":""auto"",""dryRun"":false,""preOpenLeadMs"":300,""toggleIntervalMs"":100}",54,DATE_TOGGLE_CYCLE,trace,content,"=""1784091607916""","=""2026-07-15 14:00:07.916""","=""1784091608449.1501""","=""2026-07-15 14:00:08.449""",REFRESHING_SLOTS,날짜 토글 #17: NO_SLOT,,,,true,1784091608077.4502,2026-08-21,1784091608063.9502,1784091608194.9502,,,0,,,,,,,,,,,,,,,,,,,,,,,,,,17,,0,,,,followup,,,,,,NO_SLOT,,,12,,,true,1784091608130.1501,1784091608103.9502,1784091608169.0503,,,,,true,,false,live
run-b9643021-0348-48ef-8773-a450ab8d95ad,0.2.0,"=""1784091593634""","=""2026-07-15 13:59:53.634""","=""1784091633886""","=""2026-07-15 14:00:33.886""",STOPPED,151,0,https://app.catchtable.co.kr/ct/shop/sangnamsushi,2026-08-22,2,"=""1784091600000""","=""2026-07-15 14:00:00.000""","=""1784092200000""","=""2026-07-15 14:10:00.000""",660,1260,"{""targetUrl"":""https://app.catchtable.co.kr/ct/shop/sangnamsushi"",""openAtMs"":1784091600000,""reservationDate"":""2026-08-22"",""personCount"":2,""timeRange"":{""startMinutes"":660,""endMinutes"":1260},""priorityTimes"":[],""postSlotEnabled"":true,""paymentMethodAutoAdvance"":true,""paymentMethodPolicy"":""selected_allowed"",""tablePreference"":""any"",""menuKeyword"":"""",""stopAtMs"":1784092200000,""entryMode"":""auto"",""dryRun"":false,""preOpenLeadMs"":300,""toggleIntervalMs"":100}",55,AVAILABILITY_SHADOW,trace,content,"=""1784091608242""","=""2026-07-15 14:00:08.242""","=""1784091608775.35""","=""2026-07-15 14:00:08.775""",REFRESHING_SLOTS,슬롯 응답 shadow를 IRRELEVANT로 분류했습니다.,,,,,,,,,0,,,82981.69999999553,0,13.800000004470348,82995.5,,none,IRRELEVANT,,,,,,,,,,,,,,,,,,NONE,,,,false,82981.69999999553,2,body,260821,82927.69999999553,26,82981.69999999553,0,,,26,,false,,,,,,false,82995.5,,untrusted_quality,,,,
run-b9643021-0348-48ef-8773-a450ab8d95ad,0.2.0,"=""1784091593634""","=""2026-07-15 13:59:53.634""","=""1784091633886""","=""2026-07-15 14:00:33.886""",STOPPED,151,0,https://app.catchtable.co.kr/ct/shop/sangnamsushi,2026-08-22,2,"=""1784091600000""","=""2026-07-15 14:00:00.000""","=""1784092200000""","=""2026-07-15 14:10:00.000""",660,1260,"{""targetUrl"":""https://app.catchtable.co.kr/ct/shop/sangnamsushi"",""openAtMs"":1784091600000,""reservationDate"":""2026-08-22"",""personCount"":2,""timeRange"":{""startMinutes"":660,""endMinutes"":1260},""priorityTimes"":[],""postSlotEnabled"":true,""paymentMethodAutoAdvance"":true,""paymentMethodPolicy"":""selected_allowed"",""tablePreference"":""any"",""menuKeyword"":"""",""stopAtMs"":1784092200000,""entryMode"":""auto"",""dryRun"":false,""preOpenLeadMs"":300,""toggleIntervalMs"":100}",56,DATE_TOGGLE_CYCLE,trace,content,"=""1784091608500""","=""2026-07-15 14:00:08.500""","=""1784091609033.2502""","=""2026-07-15 14:00:09.033""",REFRESHING_SLOTS,날짜 토글 #18: NO_SLOT,,,,true,1784091608673.0503,2026-08-21,1784091608659.2502,1784091608783.1501,,,0,,,,,,,,,,,,,,,,,,,,,,,,,,18,,0,,,,followup,,,,,,NO_SLOT,,,11,,,true,1784091608728.9502,1784091608699.2502,1784091608777.6501,,,,,true,,false,live
run-b9643021-0348-48ef-8773-a450ab8d95ad,0.2.0,"=""1784091593634""","=""2026-07-15 13:59:53.634""","=""1784091633886""","=""2026-07-15 14:00:33.886""",STOPPED,151,0,https://app.catchtable.co.kr/ct/shop/sangnamsushi,2026-08-22,2,"=""1784091600000""","=""2026-07-15 14:00:00.000""","=""1784092200000""","=""2026-07-15 14:10:00.000""",660,1260,"{""targetUrl"":""https://app.catchtable.co.kr/ct/shop/sangnamsushi"",""openAtMs"":1784091600000,""reservationDate"":""2026-08-22"",""personCount"":2,""timeRange"":{""startMinutes"":660,""endMinutes"":1260},""priorityTimes"":[],""postSlotEnabled"":true,""paymentMethodAutoAdvance"":true,""paymentMethodPolicy"":""selected_allowed"",""tablePreference"":""any"",""menuKeyword"":"""",""stopAtMs"":1784092200000,""entryMode"":""auto"",""dryRun"":false,""preOpenLeadMs"":300,""toggleIntervalMs"":100}",57,AVAILABILITY_SHADOW,trace,content,"=""1784091608822""","=""2026-07-15 14:00:08.822""","=""1784091609355.6501""","=""2026-07-15 14:00:09.355""",REFRESHING_SLOTS,슬롯 응답 shadow를 IRRELEVANT로 분류했습니다.,,,,,,,,,0,,,83569.5,0.10000000149011612,6.199999995529652,83575.69999999553,,none,IRRELEVANT,,,,,,,,,,,,,,,,,,NONE,,,,false,83569.5,2,body,260821,83520.79999999702,27,83569.5,0,,,27,,false,,,,,,false,83575.79999999702,,untrusted_quality,,,,
run-b9643021-0348-48ef-8773-a450ab8d95ad,0.2.0,"=""1784091593634""","=""2026-07-15 13:59:53.634""","=""1784091633886""","=""2026-07-15 14:00:33.886""",STOPPED,151,0,https://app.catchtable.co.kr/ct/shop/sangnamsushi,2026-08-22,2,"=""1784091600000""","=""2026-07-15 14:00:00.000""","=""1784092200000""","=""2026-07-15 14:10:00.000""",660,1260,"{""targetUrl"":""https://app.catchtable.co.kr/ct/shop/sangnamsushi"",""openAtMs"":1784091600000,""reservationDate"":""2026-08-22"",""personCount"":2,""timeRange"":{""startMinutes"":660,""endMinutes"":1260},""priorityTimes"":[],""postSlotEnabled"":true,""paymentMethodAutoAdvance"":true,""paymentMethodPolicy"":""selected_allowed"",""tablePreference"":""any"",""menuKeyword"":"""",""stopAtMs"":1784092200000,""entryMode"":""auto"",""dryRun"":false,""preOpenLeadMs"":300,""toggleIntervalMs"":100}",58,AVAILABILITY_SHADOW,trace,content,"=""1784091608858""","=""2026-07-15 14:00:08.858""","=""1784091609391.4502""","=""2026-07-15 14:00:09.391""",REFRESHING_SLOTS,슬롯 응답 shadow를 EMPTY로 분류했습니다.,,,,,,,,,0,,,83601,0,10.599999994039536,83611.59999999404,,none,EMPTY,,,,,,,,,,,,,,,,,cycle:18:request:28,EXACT,18,,,true,83601,2,body,260822,83570,28,83601,200,,,28,,false,,,,,,false,83611.59999999404,,inactive_cycle,,,,
run-b9643021-0348-48ef-8773-a450ab8d95ad,0.2.0,"=""1784091593634""","=""2026-07-15 13:59:53.634""","=""1784091633886""","=""2026-07-15 14:00:33.886""",STOPPED,151,0,https://app.catchtable.co.kr/ct/shop/sangnamsushi,2026-08-22,2,"=""1784091600000""","=""2026-07-15 14:00:00.000""","=""1784092200000""","=""2026-07-15 14:10:00.000""",660,1260,"{""targetUrl"":""https://app.catchtable.co.kr/ct/shop/sangnamsushi"",""openAtMs"":1784091600000,""reservationDate"":""2026-08-22"",""personCount"":2,""timeRange"":{""startMinutes"":660,""endMinutes"":1260},""priorityTimes"":[],""postSlotEnabled"":true,""paymentMethodAutoAdvance"":true,""paymentMethodPolicy"":""selected_allowed"",""tablePreference"":""any"",""menuKeyword"":"""",""stopAtMs"":1784092200000,""entryMode"":""auto"",""dryRun"":false,""preOpenLeadMs"":300,""toggleIntervalMs"":100}",59,DATE_TOGGLE_CYCLE,trace,content,"=""1784091609101""","=""2026-07-15 14:00:09.101""","=""1784091609634.4502""","=""2026-07-15 14:00:09.634""",REFRESHING_SLOTS,날짜 토글 #19: NO_SLOT,,,,true,1784091609258.5503,2026-08-21,1784091609243.2502,1784091609381.1501,,,0,,,,,,,,,,,,,,,,,,,,,,,,,,19,,0,,,,followup,,,,,,NO_SLOT,,,12,,,true,1784091609321.2502,1784091609283.2502,1784091609357.85,,,,,true,,false,live
run-b9643021-0348-48ef-8773-a450ab8d95ad,0.2.0,"=""1784091593634""","=""2026-07-15 13:59:53.634""","=""1784091633886""","=""2026-07-15 14:00:33.886""",STOPPED,151,0,https://app.catchtable.co.kr/ct/shop/sangnamsushi,2026-08-22,2,"=""1784091600000""","=""2026-07-15 14:00:00.000""","=""1784092200000""","=""2026-07-15 14:10:00.000""",660,1260,"{""targetUrl"":""https://app.catchtable.co.kr/ct/shop/sangnamsushi"",""openAtMs"":1784091600000,""reservationDate"":""2026-08-22"",""personCount"":2,""timeRange"":{""startMinutes"":660,""endMinutes"":1260},""priorityTimes"":[],""postSlotEnabled"":true,""paymentMethodAutoAdvance"":true,""paymentMethodPolicy"":""selected_allowed"",""tablePreference"":""any"",""menuKeyword"":"""",""stopAtMs"":1784092200000,""entryMode"":""auto"",""dryRun"":false,""preOpenLeadMs"":300,""toggleIntervalMs"":100}",60,AVAILABILITY_SHADOW,trace,content,"=""1784091609430""","=""2026-07-15 14:00:09.430""","=""1784091609963.9502""","=""2026-07-15 14:00:09.963""",REFRESHING_SLOTS,슬롯 응답 shadow를 IRRELEVANT로 분류했습니다.,,,,,,,,,0,,,84171.5,0.09999999403953552,12.5,84184,,none,IRRELEVANT,,,,,,,,,,,,,,,,,,NONE,,,,false,84171.5,2,body,260821,84116.29999999702,29,84171.5,0,,,29,,false,,,,,,false,84184.09999999404,,untrusted_quality,,,,
run-b9643021-0348-48ef-8773-a450ab8d95ad,0.2.0,"=""1784091593634""","=""2026-07-15 13:59:53.634""","=""1784091633886""","=""2026-07-15 14:00:33.886""",STOPPED,151,0,https://app.catchtable.co.kr/ct/shop/sangnamsushi,2026-08-22,2,"=""1784091600000""","=""2026-07-15 14:00:00.000""","=""1784092200000""","=""2026-07-15 14:10:00.000""",660,1260,"{""targetUrl"":""https://app.catchtable.co.kr/ct/shop/sangnamsushi"",""openAtMs"":1784091600000,""reservationDate"":""2026-08-22"",""personCount"":2,""timeRange"":{""startMinutes"":660,""endMinutes"":1260},""priorityTimes"":[],""postSlotEnabled"":true,""paymentMethodAutoAdvance"":true,""paymentMethodPolicy"":""selected_allowed"",""tablePreference"":""any"",""menuKeyword"":"""",""stopAtMs"":1784092200000,""entryMode"":""auto"",""dryRun"":false,""preOpenLeadMs"":300,""toggleIntervalMs"":100}",61,DATE_TOGGLE_CYCLE,trace,content,"=""1784091609689""","=""2026-07-15 14:00:09.689""","=""1784091610222.4502""","=""2026-07-15 14:00:10.222""",REFRESHING_SLOTS,날짜 토글 #20: NO_SLOT,,,,true,1784091609860.2502,2026-08-21,1784091609844.5503,1784091609971.0503,,,0,,,,,,,,,,,,,,,,,,,,,,,,,,20,,0,,,,followup,,,,,,NO_SLOT,,,11,,,true,1784091609920.7502,1784091609884.5503,1784091609966.7502,,,,,true,,false,live
run-b9643021-0348-48ef-8773-a450ab8d95ad,0.2.0,"=""1784091593634""","=""2026-07-15 13:59:53.634""","=""1784091633886""","=""2026-07-15 14:00:33.886""",STOPPED,151,0,https://app.catchtable.co.kr/ct/shop/sangnamsushi,2026-08-22,2,"=""1784091600000""","=""2026-07-15 14:00:00.000""","=""1784092200000""","=""2026-07-15 14:10:00.000""",660,1260,"{""targetUrl"":""https://app.catchtable.co.kr/ct/shop/sangnamsushi"",""openAtMs"":1784091600000,""reservationDate"":""2026-08-22"",""personCount"":2,""timeRange"":{""startMinutes"":660,""endMinutes"":1260},""priorityTimes"":[],""postSlotEnabled"":true,""paymentMethodAutoAdvance"":true,""paymentMethodPolicy"":""selected_allowed"",""tablePreference"":""any"",""menuKeyword"":"""",""stopAtMs"":1784092200000,""entryMode"":""auto"",""dryRun"":false,""preOpenLeadMs"":300,""toggleIntervalMs"":100}",62,AVAILABILITY_SHADOW,trace,content,"=""1784091610007""","=""2026-07-15 14:00:10.007""","=""1784091610540.2502""","=""2026-07-15 14:00:10.540""",REFRESHING_SLOTS,슬롯 응답 shadow를 IRRELEVANT로 분류했습니다.,,,,,,,,,0,,,84753.29999999702,0,7.100000001490116,84760.39999999851,,none,IRRELEVANT,,,,,,,,,,,,,,,,,,NONE,,,,false,84753.29999999702,2,body,260821,84699.5,30,84753.29999999702,0,,,30,,false,,,,,,false,84760.39999999851,,untrusted_quality,,,,
run-b9643021-0348-48ef-8773-a450ab8d95ad,0.2.0,"=""1784091593634""","=""2026-07-15 13:59:53.634""","=""1784091633886""","=""2026-07-15 14:00:33.886""",STOPPED,151,0,https://app.catchtable.co.kr/ct/shop/sangnamsushi,2026-08-22,2,"=""1784091600000""","=""2026-07-15 14:00:00.000""","=""1784092200000""","=""2026-07-15 14:10:00.000""",660,1260,"{""targetUrl"":""https://app.catchtable.co.kr/ct/shop/sangnamsushi"",""openAtMs"":1784091600000,""reservationDate"":""2026-08-22"",""personCount"":2,""timeRange"":{""startMinutes"":660,""endMinutes"":1260},""priorityTimes"":[],""postSlotEnabled"":true,""paymentMethodAutoAdvance"":true,""paymentMethodPolicy"":""selected_allowed"",""tablePreference"":""any"",""menuKeyword"":"""",""stopAtMs"":1784092200000,""entryMode"":""auto"",""dryRun"":false,""preOpenLeadMs"":300,""toggleIntervalMs"":100}",63,AVAILABILITY_SHADOW,trace,content,"=""1784091610045""","=""2026-07-15 14:00:10.045""","=""1784091610578.9502""","=""2026-07-15 14:00:10.578""",REFRESHING_SLOTS,슬롯 응답 shadow를 EMPTY로 분류했습니다.,,,,,,,,,0,,,84789.79999999702,0,9.299999997019768,84799.09999999404,,none,EMPTY,,,,,,,,,,,,,,,,,cycle:20:request:31,EXACT,20,,,true,84789.79999999702,2,body,260822,84753.79999999702,31,84789.79999999702,200,,,31,,false,,,,,,false,84799.09999999404,,inactive_cycle,,,,
run-b9643021-0348-48ef-8773-a450ab8d95ad,0.2.0,"=""1784091593634""","=""2026-07-15 13:59:53.634""","=""1784091633886""","=""2026-07-15 14:00:33.886""",STOPPED,151,0,https://app.catchtable.co.kr/ct/shop/sangnamsushi,2026-08-22,2,"=""1784091600000""","=""2026-07-15 14:00:00.000""","=""1784092200000""","=""2026-07-15 14:10:00.000""",660,1260,"{""targetUrl"":""https://app.catchtable.co.kr/ct/shop/sangnamsushi"",""openAtMs"":1784091600000,""reservationDate"":""2026-08-22"",""personCount"":2,""timeRange"":{""startMinutes"":660,""endMinutes"":1260},""priorityTimes"":[],""postSlotEnabled"":true,""paymentMethodAutoAdvance"":true,""paymentMethodPolicy"":""selected_allowed"",""tablePreference"":""any"",""menuKeyword"":"""",""stopAtMs"":1784092200000,""entryMode"":""auto"",""dryRun"":false,""preOpenLeadMs"":300,""toggleIntervalMs"":100}",64,DATE_TOGGLE_CYCLE,trace,content,"=""1784091610287""","=""2026-07-15 14:00:10.287""","=""1784091610820.1501""","=""2026-07-15 14:00:10.820""",REFRESHING_SLOTS,날짜 토글 #21: NO_SLOT,,,,true,1784091610444.0503,2026-08-21,1784091610432.5503,1784091610569.9502,,,0,,,,,,,,,,,,,,,,,,,,,,,,,,21,,0,,,,followup,,,,,,NO_SLOT,,,12,,,true,1784091610502.35,1784091610472.5503,1784091610543.0503,,,,,true,,false,live
run-b9643021-0348-48ef-8773-a450ab8d95ad,0.2.0,"=""1784091593634""","=""2026-07-15 13:59:53.634""","=""1784091633886""","=""2026-07-15 14:00:33.886""",STOPPED,151,0,https://app.catchtable.co.kr/ct/shop/sangnamsushi,2026-08-22,2,"=""1784091600000""","=""2026-07-15 14:00:00.000""","=""1784092200000""","=""2026-07-15 14:10:00.000""",660,1260,"{""targetUrl"":""https://app.catchtable.co.kr/ct/shop/sangnamsushi"",""openAtMs"":1784091600000,""reservationDate"":""2026-08-22"",""personCount"":2,""timeRange"":{""startMinutes"":660,""endMinutes"":1260},""priorityTimes"":[],""postSlotEnabled"":true,""paymentMethodAutoAdvance"":true,""paymentMethodPolicy"":""selected_allowed"",""tablePreference"":""any"",""menuKeyword"":"""",""stopAtMs"":1784092200000,""entryMode"":""auto"",""dryRun"":false,""preOpenLeadMs"":300,""toggleIntervalMs"":100}",65,AVAILABILITY_SHADOW,trace,content,"=""1784091610612""","=""2026-07-15 14:00:10.612""","=""1784091611145.9502""","=""2026-07-15 14:00:11.145""",REFRESHING_SLOTS,슬롯 응답 shadow를 IRRELEVANT로 분류했습니다.,,,,,,,,,0,,,85350.79999999702,0,15.299999997019768,85366.09999999404,,none,IRRELEVANT,,,,,,,,,,,,,,,,,,NONE,,,,false,85350.79999999702,2,body,260821,85298.89999999851,32,85350.79999999702,0,,,32,,false,,,,,,false,85366.09999999404,,untrusted_quality,,,,
run-b9643021-0348-48ef-8773-a450ab8d95ad,0.2.0,"=""1784091593634""","=""2026-07-15 13:59:53.634""","=""1784091633886""","=""2026-07-15 14:00:33.886""",STOPPED,151,0,https://app.catchtable.co.kr/ct/shop/sangnamsushi,2026-08-22,2,"=""1784091600000""","=""2026-07-15 14:00:00.000""","=""1784092200000""","=""2026-07-15 14:10:00.000""",660,1260,"{""targetUrl"":""https://app.catchtable.co.kr/ct/shop/sangnamsushi"",""openAtMs"":1784091600000,""reservationDate"":""2026-08-22"",""personCount"":2,""timeRange"":{""startMinutes"":660,""endMinutes"":1260},""priorityTimes"":[],""postSlotEnabled"":true,""paymentMethodAutoAdvance"":true,""paymentMethodPolicy"":""selected_allowed"",""tablePreference"":""any"",""menuKeyword"":"""",""stopAtMs"":1784092200000,""entryMode"":""auto"",""dryRun"":false,""preOpenLeadMs"":300,""toggleIntervalMs"":100}",66,DATE_TOGGLE_CYCLE,trace,content,"=""1784091610867""","=""2026-07-15 14:00:10.867""","=""1784091611400.7502""","=""2026-07-15 14:00:11.400""",REFRESHING_SLOTS,날짜 토글 #22: NO_SLOT,,,,true,1784091611045.5503,2026-08-21,1784091611030.2502,1784091611149.6501,,,0,,,,,,,,,,,,,,,,,,,,,,,,,,22,,0,,,,followup,,,,,,NO_SLOT,,,11,,,true,1784091611102.6501,1784091611070.2502,1784091611148.85,,,,,true,,false,live
run-b9643021-0348-48ef-8773-a450ab8d95ad,0.2.0,"=""1784091593634""","=""2026-07-15 13:59:53.634""","=""1784091633886""","=""2026-07-15 14:00:33.886""",STOPPED,151,0,https://app.catchtable.co.kr/ct/shop/sangnamsushi,2026-08-22,2,"=""1784091600000""","=""2026-07-15 14:00:00.000""","=""1784092200000""","=""2026-07-15 14:10:00.000""",660,1260,"{""targetUrl"":""https://app.catchtable.co.kr/ct/shop/sangnamsushi"",""openAtMs"":1784091600000,""reservationDate"":""2026-08-22"",""personCount"":2,""timeRange"":{""startMinutes"":660,""endMinutes"":1260},""priorityTimes"":[],""postSlotEnabled"":true,""paymentMethodAutoAdvance"":true,""paymentMethodPolicy"":""selected_allowed"",""tablePreference"":""any"",""menuKeyword"":"""",""stopAtMs"":1784092200000,""entryMode"":""auto"",""dryRun"":false,""preOpenLeadMs"":300,""toggleIntervalMs"":100}",67,AVAILABILITY_SHADOW,trace,content,"=""1784091611179""","=""2026-07-15 14:00:11.179""","=""1784091611712.6501""","=""2026-07-15 14:00:11.712""",REFRESHING_SLOTS,슬롯 응답 shadow를 IRRELEVANT로 분류했습니다.,,,,,,,,,0,,,85926.39999999851,0,6.399999998509884,85932.79999999702,,none,IRRELEVANT,,,,,,,,,,,,,,,,,,NONE,,,,false,85926.39999999851,2,body,260821,85876.5,33,85926.39999999851,0,,,33,,false,,,,,,false,85932.79999999702,,untrusted_quality,,,,
run-b9643021-0348-48ef-8773-a450ab8d95ad,0.2.0,"=""1784091593634""","=""2026-07-15 13:59:53.634""","=""1784091633886""","=""2026-07-15 14:00:33.886""",STOPPED,151,0,https://app.catchtable.co.kr/ct/shop/sangnamsushi,2026-08-22,2,"=""1784091600000""","=""2026-07-15 14:00:00.000""","=""1784092200000""","=""2026-07-15 14:10:00.000""",660,1260,"{""targetUrl"":""https://app.catchtable.co.kr/ct/shop/sangnamsushi"",""openAtMs"":1784091600000,""reservationDate"":""2026-08-22"",""personCount"":2,""timeRange"":{""startMinutes"":660,""endMinutes"":1260},""priorityTimes"":[],""postSlotEnabled"":true,""paymentMethodAutoAdvance"":true,""paymentMethodPolicy"":""selected_allowed"",""tablePreference"":""any"",""menuKeyword"":"""",""stopAtMs"":1784092200000,""entryMode"":""auto"",""dryRun"":false,""preOpenLeadMs"":300,""toggleIntervalMs"":100}",68,AVAILABILITY_SHADOW,trace,content,"=""1784091611212""","=""2026-07-15 14:00:11.212""","=""1784091611745.5503""","=""2026-07-15 14:00:11.745""",REFRESHING_SLOTS,슬롯 응답 shadow를 EMPTY로 분류했습니다.,,,,,,,,,0,,,85957.5,0,8.199999995529652,85965.69999999553,,none,EMPTY,,,,,,,,,,,,,,,,,cycle:22:request:34,EXACT,22,,,true,85957.5,2,body,260822,85926.89999999851,34,85957.5,200,,,34,,false,,,,,,false,85965.69999999553,,inactive_cycle,,,,
run-b9643021-0348-48ef-8773-a450ab8d95ad,0.2.0,"=""1784091593634""","=""2026-07-15 13:59:53.634""","=""1784091633886""","=""2026-07-15 14:00:33.886""",STOPPED,151,0,https://app.catchtable.co.kr/ct/shop/sangnamsushi,2026-08-22,2,"=""1784091600000""","=""2026-07-15 14:00:00.000""","=""1784092200000""","=""2026-07-15 14:10:00.000""",660,1260,"{""targetUrl"":""https://app.catchtable.co.kr/ct/shop/sangnamsushi"",""openAtMs"":1784091600000,""reservationDate"":""2026-08-22"",""personCount"":2,""timeRange"":{""startMinutes"":660,""endMinutes"":1260},""priorityTimes"":[],""postSlotEnabled"":true,""paymentMethodAutoAdvance"":true,""paymentMethodPolicy"":""selected_allowed"",""tablePreference"":""any"",""menuKeyword"":"""",""stopAtMs"":1784092200000,""entryMode"":""auto"",""dryRun"":false,""preOpenLeadMs"":300,""toggleIntervalMs"":100}",69,DATE_TOGGLE_CYCLE,trace,content,"=""1784091611454""","=""2026-07-15 14:00:11.454""","=""1784091611987.5503""","=""2026-07-15 14:00:11.987""",REFRESHING_SLOTS,날짜 토글 #23: NO_SLOT,,,,true,1784091611623.7502,2026-08-21,1784091611610.85,1784091611737.4502,,,0,,,,,,,,,,,,,,,,,,,,,,,,,,23,,0,,,,followup,,,,,,NO_SLOT,,,11,,,true,1784091611678.0503,1784091611650.85,1784091611715.4502,,,,,true,,false,live
run-b9643021-0348-48ef-8773-a450ab8d95ad,0.2.0,"=""1784091593634""","=""2026-07-15 13:59:53.634""","=""1784091633886""","=""2026-07-15 14:00:33.886""",STOPPED,151,0,https://app.catchtable.co.kr/ct/shop/sangnamsushi,2026-08-22,2,"=""1784091600000""","=""2026-07-15 14:00:00.000""","=""1784092200000""","=""2026-07-15 14:10:00.000""",660,1260,"{""targetUrl"":""https://app.catchtable.co.kr/ct/shop/sangnamsushi"",""openAtMs"":1784091600000,""reservationDate"":""2026-08-22"",""personCount"":2,""timeRange"":{""startMinutes"":660,""endMinutes"":1260},""priorityTimes"":[],""postSlotEnabled"":true,""paymentMethodAutoAdvance"":true,""paymentMethodPolicy"":""selected_allowed"",""tablePreference"":""any"",""menuKeyword"":"""",""stopAtMs"":1784092200000,""entryMode"":""auto"",""dryRun"":false,""preOpenLeadMs"":300,""toggleIntervalMs"":100}",70,AVAILABILITY_SHADOW,trace,content,"=""1784091611777""","=""2026-07-15 14:00:11.777""","=""1784091612310.9502""","=""2026-07-15 14:00:12.310""",REFRESHING_SLOTS,슬롯 응답 shadow를 IRRELEVANT로 분류했습니다.,,,,,,,,,0,,,86514.69999999553,0.09999999403953552,16.30000000447035,86531,,none,IRRELEVANT,,,,,,,,,,,,,,,,,,NONE,,,,false,86514.69999999553,2,body,260821,86460.79999999702,35,86514.69999999553,0,,,35,,false,,,,,,false,86531.09999999404,,untrusted_quality,,,,
run-b9643021-0348-48ef-8773-a450ab8d95ad,0.2.0,"=""1784091593634""","=""2026-07-15 13:59:53.634""","=""1784091633886""","=""2026-07-15 14:00:33.886""",STOPPED,151,0,https://app.catchtable.co.kr/ct/shop/sangnamsushi,2026-08-22,2,"=""1784091600000""","=""2026-07-15 14:00:00.000""","=""1784092200000""","=""2026-07-15 14:10:00.000""",660,1260,"{""targetUrl"":""https://app.catchtable.co.kr/ct/shop/sangnamsushi"",""openAtMs"":1784091600000,""reservationDate"":""2026-08-22"",""personCount"":2,""timeRange"":{""startMinutes"":660,""endMinutes"":1260},""priorityTimes"":[],""postSlotEnabled"":true,""paymentMethodAutoAdvance"":true,""paymentMethodPolicy"":""selected_allowed"",""tablePreference"":""any"",""menuKeyword"":"""",""stopAtMs"":1784092200000,""entryMode"":""auto"",""dryRun"":false,""preOpenLeadMs"":300,""toggleIntervalMs"":100}",71,DATE_TOGGLE_CYCLE,trace,content,"=""1784091612031""","=""2026-07-15 14:00:12.031""","=""1784091612564.9502""","=""2026-07-15 14:00:12.564""",REFRESHING_SLOTS,날짜 토글 #24: NO_SLOT,,,,true,1784091612209.35,2026-08-21,1784091612197.6501,1784091612314.5503,,,0,,,,,,,,,,,,,,,,,,,,,,,,,,24,,0,,,,followup,,,,,,NO_SLOT,,,11,,,true,1784091612265.1501,1784091612237.6501,1784091612313.0503,,,,,true,,false,live
run-b9643021-0348-48ef-8773-a450ab8d95ad,0.2.0,"=""1784091593634""","=""2026-07-15 13:59:53.634""","=""1784091633886""","=""2026-07-15 14:00:33.886""",STOPPED,151,0,https://app.catchtable.co.kr/ct/shop/sangnamsushi,2026-08-22,2,"=""1784091600000""","=""2026-07-15 14:00:00.000""","=""1784092200000""","=""2026-07-15 14:10:00.000""",660,1260,"{""targetUrl"":""https://app.catchtable.co.kr/ct/shop/sangnamsushi"",""openAtMs"":1784091600000,""reservationDate"":""2026-08-22"",""personCount"":2,""timeRange"":{""startMinutes"":660,""endMinutes"":1260},""priorityTimes"":[],""postSlotEnabled"":true,""paymentMethodAutoAdvance"":true,""paymentMethodPolicy"":""selected_allowed"",""tablePreference"":""any"",""menuKeyword"":"""",""stopAtMs"":1784092200000,""entryMode"":""auto"",""dryRun"":false,""preOpenLeadMs"":300,""toggleIntervalMs"":100}",72,AVAILABILITY_SHADOW,trace,content,"=""1784091612351""","=""2026-07-15 14:00:12.351""","=""1784091612884.1501""","=""2026-07-15 14:00:12.884""",REFRESHING_SLOTS,슬롯 응답 shadow를 IRRELEVANT로 분류했습니다.,,,,,,,,,0,,,87097.89999999851,0,6.399999998509884,87104.29999999702,,none,IRRELEVANT,,,,,,,,,,,,,,,,,,NONE,,,,false,87097.89999999851,2,body,260821,87045.59999999404,36,87097.89999999851,0,,,36,,false,,,,,,false,87104.29999999702,,untrusted_quality,,,,
run-b9643021-0348-48ef-8773-a450ab8d95ad,0.2.0,"=""1784091593634""","=""2026-07-15 13:59:53.634""","=""1784091633886""","=""2026-07-15 14:00:33.886""",STOPPED,151,0,https://app.catchtable.co.kr/ct/shop/sangnamsushi,2026-08-22,2,"=""1784091600000""","=""2026-07-15 14:00:00.000""","=""1784092200000""","=""2026-07-15 14:10:00.000""",660,1260,"{""targetUrl"":""https://app.catchtable.co.kr/ct/shop/sangnamsushi"",""openAtMs"":1784091600000,""reservationDate"":""2026-08-22"",""personCount"":2,""timeRange"":{""startMinutes"":660,""endMinutes"":1260},""priorityTimes"":[],""postSlotEnabled"":true,""paymentMethodAutoAdvance"":true,""paymentMethodPolicy"":""selected_allowed"",""tablePreference"":""any"",""menuKeyword"":"""",""stopAtMs"":1784092200000,""entryMode"":""auto"",""dryRun"":false,""preOpenLeadMs"":300,""toggleIntervalMs"":100}",73,AVAILABILITY_SHADOW,trace,content,"=""1784091612391""","=""2026-07-15 14:00:12.391""","=""1784091612924.6501""","=""2026-07-15 14:00:12.924""",REFRESHING_SLOTS,슬롯 응답 shadow를 EMPTY로 분류했습니다.,,,,,,,,,0,,,87136.39999999851,0,8.399999998509884,87144.79999999702,,none,EMPTY,,,,,,,,,,,,,,,,,cycle:24:request:37,EXACT,24,,,true,87136.39999999851,2,body,260822,87098.5,37,87136.39999999851,200,,,37,,false,,,,,,false,87144.79999999702,,inactive_cycle,,,,
run-b9643021-0348-48ef-8773-a450ab8d95ad,0.2.0,"=""1784091593634""","=""2026-07-15 13:59:53.634""","=""1784091633886""","=""2026-07-15 14:00:33.886""",STOPPED,151,0,https://app.catchtable.co.kr/ct/shop/sangnamsushi,2026-08-22,2,"=""1784091600000""","=""2026-07-15 14:00:00.000""","=""1784092200000""","=""2026-07-15 14:10:00.000""",660,1260,"{""targetUrl"":""https://app.catchtable.co.kr/ct/shop/sangnamsushi"",""openAtMs"":1784091600000,""reservationDate"":""2026-08-22"",""personCount"":2,""timeRange"":{""startMinutes"":660,""endMinutes"":1260},""priorityTimes"":[],""postSlotEnabled"":true,""paymentMethodAutoAdvance"":true,""paymentMethodPolicy"":""selected_allowed"",""tablePreference"":""any"",""menuKeyword"":"""",""stopAtMs"":1784092200000,""entryMode"":""auto"",""dryRun"":false,""preOpenLeadMs"":300,""toggleIntervalMs"":100}",74,DATE_TOGGLE_CYCLE,trace,content,"=""1784091612634""","=""2026-07-15 14:00:12.634""","=""1784091613167.85""","=""2026-07-15 14:00:13.167""",REFRESHING_SLOTS,날짜 토글 #25: NO_SLOT,,,,true,1784091612789.0503,2026-08-21,1784091612775.0503,1784091612916.6501,,,0,,,,,,,,,,,,,,,,,,,,,,,,,,25,,0,,,,followup,,,,,,NO_SLOT,,,12,,,true,1784091612849.5503,1784091612815.0503,1784091612887.0503,,,,,true,,false,live
run-b9643021-0348-48ef-8773-a450ab8d95ad,0.2.0,"=""1784091593634""","=""2026-07-15 13:59:53.634""","=""1784091633886""","=""2026-07-15 14:00:33.886""",STOPPED,151,0,https://app.catchtable.co.kr/ct/shop/sangnamsushi,2026-08-22,2,"=""1784091600000""","=""2026-07-15 14:00:00.000""","=""1784092200000""","=""2026-07-15 14:10:00.000""",660,1260,"{""targetUrl"":""https://app.catchtable.co.kr/ct/shop/sangnamsushi"",""openAtMs"":1784091600000,""reservationDate"":""2026-08-22"",""personCount"":2,""timeRange"":{""startMinutes"":660,""endMinutes"":1260},""priorityTimes"":[],""postSlotEnabled"":true,""paymentMethodAutoAdvance"":true,""paymentMethodPolicy"":""selected_allowed"",""tablePreference"":""any"",""menuKeyword"":"""",""stopAtMs"":1784092200000,""entryMode"":""auto"",""dryRun"":false,""preOpenLeadMs"":300,""toggleIntervalMs"":100}",75,AVAILABILITY_SHADOW,trace,content,"=""1784091612961""","=""2026-07-15 14:00:12.961""","=""1784091613494.2502""","=""2026-07-15 14:00:13.494""",REFRESHING_SLOTS,슬롯 응답 shadow를 IRRELEVANT로 분류했습니다.,,,,,,,,,0,,,87699,0,15.399999998509884,87714.39999999851,,none,IRRELEVANT,,,,,,,,,,,,,,,,,,NONE,,,,false,87699,2,body,260821,87646.59999999404,38,87699,0,,,38,,false,,,,,,false,87714.39999999851,,untrusted_quality,,,,
run-b9643021-0348-48ef-8773-a450ab8d95ad,0.2.0,"=""1784091593634""","=""2026-07-15 13:59:53.634""","=""1784091633886""","=""2026-07-15 14:00:33.886""",STOPPED,151,0,https://app.catchtable.co.kr/ct/shop/sangnamsushi,2026-08-22,2,"=""1784091600000""","=""2026-07-15 14:00:00.000""","=""1784092200000""","=""2026-07-15 14:10:00.000""",660,1260,"{""targetUrl"":""https://app.catchtable.co.kr/ct/shop/sangnamsushi"",""openAtMs"":1784091600000,""reservationDate"":""2026-08-22"",""personCount"":2,""timeRange"":{""startMinutes"":660,""endMinutes"":1260},""priorityTimes"":[],""postSlotEnabled"":true,""paymentMethodAutoAdvance"":true,""paymentMethodPolicy"":""selected_allowed"",""tablePreference"":""any"",""menuKeyword"":"""",""stopAtMs"":1784092200000,""entryMode"":""auto"",""dryRun"":false,""preOpenLeadMs"":300,""toggleIntervalMs"":100}",76,DATE_TOGGLE_CYCLE,trace,content,"=""1784091613216""","=""2026-07-15 14:00:13.216""","=""1784091613749.9502""","=""2026-07-15 14:00:13.749""",REFRESHING_SLOTS,날짜 토글 #26: NO_SLOT,,,,true,1784091613394.2502,2026-08-21,1784091613377.85,1784091613496.7502,,,0,,,,,,,,,,,,,,,,,,,,,,,,,,26,,0,,,,followup,,,,,,NO_SLOT,,,11,,,true,1784091613447.2502,1784091613417.85,1784091613496.35,,,,,true,,false,live
run-b9643021-0348-48ef-8773-a450ab8d95ad,0.2.0,"=""1784091593634""","=""2026-07-15 13:59:53.634""","=""1784091633886""","=""2026-07-15 14:00:33.886""",STOPPED,151,0,https://app.catchtable.co.kr/ct/shop/sangnamsushi,2026-08-22,2,"=""1784091600000""","=""2026-07-15 14:00:00.000""","=""1784092200000""","=""2026-07-15 14:10:00.000""",660,1260,"{""targetUrl"":""https://app.catchtable.co.kr/ct/shop/sangnamsushi"",""openAtMs"":1784091600000,""reservationDate"":""2026-08-22"",""personCount"":2,""timeRange"":{""startMinutes"":660,""endMinutes"":1260},""priorityTimes"":[],""postSlotEnabled"":true,""paymentMethodAutoAdvance"":true,""paymentMethodPolicy"":""selected_allowed"",""tablePreference"":""any"",""menuKeyword"":"""",""stopAtMs"":1784092200000,""entryMode"":""auto"",""dryRun"":false,""preOpenLeadMs"":300,""toggleIntervalMs"":100}",77,AVAILABILITY_SHADOW,trace,content,"=""1784091613532""","=""2026-07-15 14:00:13.532""","=""1784091614065.35""","=""2026-07-15 14:00:14.065""",REFRESHING_SLOTS,슬롯 응답 shadow를 IRRELEVANT로 분류했습니다.,,,,,,,,,0,,,88278.5,0,7,88285.5,,none,IRRELEVANT,,,,,,,,,,,,,,,,,,NONE,,,,false,88278.5,2,body,260821,88230.89999999851,39,88278.5,0,,,39,,false,,,,,,false,88285.5,,untrusted_quality,,,,
run-b9643021-0348-48ef-8773-a450ab8d95ad,0.2.0,"=""1784091593634""","=""2026-07-15 13:59:53.634""","=""1784091633886""","=""2026-07-15 14:00:33.886""",STOPPED,151,0,https://app.catchtable.co.kr/ct/shop/sangnamsushi,2026-08-22,2,"=""1784091600000""","=""2026-07-15 14:00:00.000""","=""1784092200000""","=""2026-07-15 14:10:00.000""",660,1260,"{""targetUrl"":""https://app.catchtable.co.kr/ct/shop/sangnamsushi"",""openAtMs"":1784091600000,""reservationDate"":""2026-08-22"",""personCount"":2,""timeRange"":{""startMinutes"":660,""endMinutes"":1260},""priorityTimes"":[],""postSlotEnabled"":true,""paymentMethodAutoAdvance"":true,""paymentMethodPolicy"":""selected_allowed"",""tablePreference"":""any"",""menuKeyword"":"""",""stopAtMs"":1784092200000,""entryMode"":""auto"",""dryRun"":false,""preOpenLeadMs"":300,""toggleIntervalMs"":100}",78,AVAILABILITY_SHADOW,trace,content,"=""1784091613569""","=""2026-07-15 14:00:13.569""","=""1784091614102.6501""","=""2026-07-15 14:00:14.102""",REFRESHING_SLOTS,슬롯 응답 shadow를 EMPTY로 분류했습니다.,,,,,,,,,0,,,88314.29999999702,0,8.5,88322.79999999702,,none,EMPTY,,,,,,,,,,,,,,,,,cycle:26:request:40,EXACT,26,,,true,88314.29999999702,2,body,260822,88278.89999999851,40,88314.29999999702,200,,,40,,false,,,,,,false,88322.79999999702,,inactive_cycle,,,,
run-b9643021-0348-48ef-8773-a450ab8d95ad,0.2.0,"=""1784091593634""","=""2026-07-15 13:59:53.634""","=""1784091633886""","=""2026-07-15 14:00:33.886""",STOPPED,151,0,https://app.catchtable.co.kr/ct/shop/sangnamsushi,2026-08-22,2,"=""1784091600000""","=""2026-07-15 14:00:00.000""","=""1784092200000""","=""2026-07-15 14:10:00.000""",660,1260,"{""targetUrl"":""https://app.catchtable.co.kr/ct/shop/sangnamsushi"",""openAtMs"":1784091600000,""reservationDate"":""2026-08-22"",""personCount"":2,""timeRange"":{""startMinutes"":660,""endMinutes"":1260},""priorityTimes"":[],""postSlotEnabled"":true,""paymentMethodAutoAdvance"":true,""paymentMethodPolicy"":""selected_allowed"",""tablePreference"":""any"",""menuKeyword"":"""",""stopAtMs"":1784092200000,""entryMode"":""auto"",""dryRun"":false,""preOpenLeadMs"":300,""toggleIntervalMs"":100}",79,DATE_TOGGLE_CYCLE,trace,content,"=""1784091613815""","=""2026-07-15 14:00:13.815""","=""1784091614348.7502""","=""2026-07-15 14:00:14.348""",REFRESHING_SLOTS,날짜 토글 #27: NO_SLOT,,,,true,1784091613977.0503,2026-08-21,1784091613960.0503,1784091614094.2502,,,0,,,,,,,,,,,,,,,,,,,,,,,,,,27,,0,,,,followup,,,,,,NO_SLOT,,,13,,,true,1784091614031.9502,1784091614000.0503,1784091614067.7502,,,,,true,,false,live
run-b9643021-0348-48ef-8773-a450ab8d95ad,0.2.0,"=""1784091593634""","=""2026-07-15 13:59:53.634""","=""1784091633886""","=""2026-07-15 14:00:33.886""",STOPPED,151,0,https://app.catchtable.co.kr/ct/shop/sangnamsushi,2026-08-22,2,"=""1784091600000""","=""2026-07-15 14:00:00.000""","=""1784092200000""","=""2026-07-15 14:10:00.000""",660,1260,"{""targetUrl"":""https://app.catchtable.co.kr/ct/shop/sangnamsushi"",""openAtMs"":1784091600000,""reservationDate"":""2026-08-22"",""personCount"":2,""timeRange"":{""startMinutes"":660,""endMinutes"":1260},""priorityTimes"":[],""postSlotEnabled"":true,""paymentMethodAutoAdvance"":true,""paymentMethodPolicy"":""selected_allowed"",""tablePreference"":""any"",""menuKeyword"":"""",""stopAtMs"":1784092200000,""entryMode"":""auto"",""dryRun"":false,""preOpenLeadMs"":300,""toggleIntervalMs"":100}",80,AVAILABILITY_SHADOW,trace,content,"=""1784091614145""","=""2026-07-15 14:00:14.145""","=""1784091614678.6501""","=""2026-07-15 14:00:14.678""",REFRESHING_SLOTS,슬롯 응답 shadow를 IRRELEVANT로 분류했습니다.,,,,,,,,,0,,,88882,0,16.799999997019768,88898.79999999702,,none,IRRELEVANT,,,,,,,,,,,,,,,,,,NONE,,,,false,88882,2,body,260821,88825.5,41,88882,0,,,41,,false,,,,,,false,88898.79999999702,,untrusted_quality,,,,
run-b9643021-0348-48ef-8773-a450ab8d95ad,0.2.0,"=""1784091593634""","=""2026-07-15 13:59:53.634""","=""1784091633886""","=""2026-07-15 14:00:33.886""",STOPPED,151,0,https://app.catchtable.co.kr/ct/shop/sangnamsushi,2026-08-22,2,"=""1784091600000""","=""2026-07-15 14:00:00.000""","=""1784092200000""","=""2026-07-15 14:10:00.000""",660,1260,"{""targetUrl"":""https://app.catchtable.co.kr/ct/shop/sangnamsushi"",""openAtMs"":1784091600000,""reservationDate"":""2026-08-22"",""personCount"":2,""timeRange"":{""startMinutes"":660,""endMinutes"":1260},""priorityTimes"":[],""postSlotEnabled"":true,""paymentMethodAutoAdvance"":true,""paymentMethodPolicy"":""selected_allowed"",""tablePreference"":""any"",""menuKeyword"":"""",""stopAtMs"":1784092200000,""entryMode"":""auto"",""dryRun"":false,""preOpenLeadMs"":300,""toggleIntervalMs"":100}",81,DATE_TOGGLE_CYCLE,trace,content,"=""1784091614402""","=""2026-07-15 14:00:14.402""","=""1784091614935.7502""","=""2026-07-15 14:00:14.935""",REFRESHING_SLOTS,날짜 토글 #28: NO_SLOT,,,,true,1784091614570.5503,2026-08-21,1784091614558.7502,1784091614681.7502,,,0,,,,,,,,,,,,,,,,,,,,,,,,,,28,,0,,,,followup,,,,,,NO_SLOT,,,12,,,true,1784091614631.1501,1784091614598.7502,1784091614680.7502,,,,,true,,false,live
run-b9643021-0348-48ef-8773-a450ab8d95ad,0.2.0,"=""1784091593634""","=""2026-07-15 13:59:53.634""","=""1784091633886""","=""2026-07-15 14:00:33.886""",STOPPED,151,0,https://app.catchtable.co.kr/ct/shop/sangnamsushi,2026-08-22,2,"=""1784091600000""","=""2026-07-15 14:00:00.000""","=""1784092200000""","=""2026-07-15 14:10:00.000""",660,1260,"{""targetUrl"":""https://app.catchtable.co.kr/ct/shop/sangnamsushi"",""openAtMs"":1784091600000,""reservationDate"":""2026-08-22"",""personCount"":2,""timeRange"":{""startMinutes"":660,""endMinutes"":1260},""priorityTimes"":[],""postSlotEnabled"":true,""paymentMethodAutoAdvance"":true,""paymentMethodPolicy"":""selected_allowed"",""tablePreference"":""any"",""menuKeyword"":"""",""stopAtMs"":1784092200000,""entryMode"":""auto"",""dryRun"":false,""preOpenLeadMs"":300,""toggleIntervalMs"":100}",82,AVAILABILITY_SHADOW,trace,content,"=""1784091614707""","=""2026-07-15 14:00:14.707""","=""1784091615241.1501""","=""2026-07-15 14:00:15.241""",REFRESHING_SLOTS,슬롯 응답 shadow를 IRRELEVANT로 분류했습니다.,,,,,,,,,0,,,89454.29999999702,0,6.899999998509884,89461.19999999553,,none,IRRELEVANT,,,,,,,,,,,,,,,,,,NONE,,,,false,89454.29999999702,2,body,260821,89406.89999999851,42,89454.29999999702,0,,,42,,false,,,,,,false,89461.19999999553,,untrusted_quality,,,,
run-b9643021-0348-48ef-8773-a450ab8d95ad,0.2.0,"=""1784091593634""","=""2026-07-15 13:59:53.634""","=""1784091633886""","=""2026-07-15 14:00:33.886""",STOPPED,151,0,https://app.catchtable.co.kr/ct/shop/sangnamsushi,2026-08-22,2,"=""1784091600000""","=""2026-07-15 14:00:00.000""","=""1784092200000""","=""2026-07-15 14:10:00.000""",660,1260,"{""targetUrl"":""https://app.catchtable.co.kr/ct/shop/sangnamsushi"",""openAtMs"":1784091600000,""reservationDate"":""2026-08-22"",""personCount"":2,""timeRange"":{""startMinutes"":660,""endMinutes"":1260},""priorityTimes"":[],""postSlotEnabled"":true,""paymentMethodAutoAdvance"":true,""paymentMethodPolicy"":""selected_allowed"",""tablePreference"":""any"",""menuKeyword"":"""",""stopAtMs"":1784092200000,""entryMode"":""auto"",""dryRun"":false,""preOpenLeadMs"":300,""toggleIntervalMs"":100}",83,AVAILABILITY_SHADOW,trace,content,"=""1784091614743""","=""2026-07-15 14:00:14.743""","=""1784091615276.4502""","=""2026-07-15 14:00:15.276""",REFRESHING_SLOTS,슬롯 응답 shadow를 EMPTY로 분류했습니다.,,,,,,,,,0,,,89487.5,0,9.099999994039536,89496.59999999404,,none,EMPTY,,,,,,,,,,,,,,,,,cycle:28:request:43,EXACT,28,,,true,89487.5,2,body,260822,89454.89999999851,43,89487.5,200,,,43,,false,,,,,,false,89496.59999999404,,inactive_cycle,,,,
run-b9643021-0348-48ef-8773-a450ab8d95ad,0.2.0,"=""1784091593634""","=""2026-07-15 13:59:53.634""","=""1784091633886""","=""2026-07-15 14:00:33.886""",STOPPED,151,0,https://app.catchtable.co.kr/ct/shop/sangnamsushi,2026-08-22,2,"=""1784091600000""","=""2026-07-15 14:00:00.000""","=""1784092200000""","=""2026-07-15 14:10:00.000""",660,1260,"{""targetUrl"":""https://app.catchtable.co.kr/ct/shop/sangnamsushi"",""openAtMs"":1784091600000,""reservationDate"":""2026-08-22"",""personCount"":2,""timeRange"":{""startMinutes"":660,""endMinutes"":1260},""priorityTimes"":[],""postSlotEnabled"":true,""paymentMethodAutoAdvance"":true,""paymentMethodPolicy"":""selected_allowed"",""tablePreference"":""any"",""menuKeyword"":"""",""stopAtMs"":1784092200000,""entryMode"":""auto"",""dryRun"":false,""preOpenLeadMs"":300,""toggleIntervalMs"":100}",84,DATE_TOGGLE_CYCLE,trace,content,"=""1784091614989""","=""2026-07-15 14:00:14.989""","=""1784091615522.5503""","=""2026-07-15 14:00:15.522""",REFRESHING_SLOTS,날짜 토글 #29: NO_SLOT,,,,true,1784091615155.0503,2026-08-21,1784091615145.85,1784091615267.9502,,,0,,,,,,,,,,,,,,,,,,,,,,,,,,29,,0,,,,followup,,,,,,NO_SLOT,,,12,,,true,1784091615206.6501,1784091615185.85,1784091615243.35,,,,,true,,false,live
run-b9643021-0348-48ef-8773-a450ab8d95ad,0.2.0,"=""1784091593634""","=""2026-07-15 13:59:53.634""","=""1784091633886""","=""2026-07-15 14:00:33.886""",STOPPED,151,0,https://app.catchtable.co.kr/ct/shop/sangnamsushi,2026-08-22,2,"=""1784091600000""","=""2026-07-15 14:00:00.000""","=""1784092200000""","=""2026-07-15 14:10:00.000""",660,1260,"{""targetUrl"":""https://app.catchtable.co.kr/ct/shop/sangnamsushi"",""openAtMs"":1784091600000,""reservationDate"":""2026-08-22"",""personCount"":2,""timeRange"":{""startMinutes"":660,""endMinutes"":1260},""priorityTimes"":[],""postSlotEnabled"":true,""paymentMethodAutoAdvance"":true,""paymentMethodPolicy"":""selected_allowed"",""tablePreference"":""any"",""menuKeyword"":"""",""stopAtMs"":1784092200000,""entryMode"":""auto"",""dryRun"":false,""preOpenLeadMs"":300,""toggleIntervalMs"":100}",85,AVAILABILITY_SHADOW,trace,content,"=""1784091615310""","=""2026-07-15 14:00:15.310""","=""1784091615843.9502""","=""2026-07-15 14:00:15.843""",REFRESHING_SLOTS,슬롯 응답 shadow를 IRRELEVANT로 분류했습니다.,,,,,,,,,0,,,90049.5,0,14.599999994039536,90064.09999999404,,none,IRRELEVANT,,,,,,,,,,,,,,,,,,NONE,,,,false,90049.5,2,body,260821,89998.19999999553,44,90049.5,0,,,44,,false,,,,,,false,90064.09999999404,,untrusted_quality,,,,
run-b9643021-0348-48ef-8773-a450ab8d95ad,0.2.0,"=""1784091593634""","=""2026-07-15 13:59:53.634""","=""1784091633886""","=""2026-07-15 14:00:33.886""",STOPPED,151,0,https://app.catchtable.co.kr/ct/shop/sangnamsushi,2026-08-22,2,"=""1784091600000""","=""2026-07-15 14:00:00.000""","=""1784092200000""","=""2026-07-15 14:10:00.000""",660,1260,"{""targetUrl"":""https://app.catchtable.co.kr/ct/shop/sangnamsushi"",""openAtMs"":1784091600000,""reservationDate"":""2026-08-22"",""personCount"":2,""timeRange"":{""startMinutes"":660,""endMinutes"":1260},""priorityTimes"":[],""postSlotEnabled"":true,""paymentMethodAutoAdvance"":true,""paymentMethodPolicy"":""selected_allowed"",""tablePreference"":""any"",""menuKeyword"":"""",""stopAtMs"":1784092200000,""entryMode"":""auto"",""dryRun"":false,""preOpenLeadMs"":300,""toggleIntervalMs"":100}",86,DATE_TOGGLE_CYCLE,trace,content,"=""1784091615569""","=""2026-07-15 14:00:15.569""","=""1784091616102.9502""","=""2026-07-15 14:00:16.102""",REFRESHING_SLOTS,날짜 토글 #30: NO_SLOT,,,,true,1784091615744.7502,2026-08-21,1784091615732.5503,1784091615852.0503,,,0,,,,,,,,,,,,,,,,,,,,,,,,,,30,,0,,,,followup,,,,,,NO_SLOT,,,11,,,true,1784091615798.2502,1784091615772.5503,1784091615846.1501,,,,,true,,false,live
run-b9643021-0348-48ef-8773-a450ab8d95ad,0.2.0,"=""1784091593634""","=""2026-07-15 13:59:53.634""","=""1784091633886""","=""2026-07-15 14:00:33.886""",STOPPED,151,0,https://app.catchtable.co.kr/ct/shop/sangnamsushi,2026-08-22,2,"=""1784091600000""","=""2026-07-15 14:00:00.000""","=""1784092200000""","=""2026-07-15 14:10:00.000""",660,1260,"{""targetUrl"":""https://app.catchtable.co.kr/ct/shop/sangnamsushi"",""openAtMs"":1784091600000,""reservationDate"":""2026-08-22"",""personCount"":2,""timeRange"":{""startMinutes"":660,""endMinutes"":1260},""priorityTimes"":[],""postSlotEnabled"":true,""paymentMethodAutoAdvance"":true,""paymentMethodPolicy"":""selected_allowed"",""tablePreference"":""any"",""menuKeyword"":"""",""stopAtMs"":1784092200000,""entryMode"":""auto"",""dryRun"":false,""preOpenLeadMs"":300,""toggleIntervalMs"":100}",87,AVAILABILITY_SHADOW,trace,content,"=""1784091615902""","=""2026-07-15 14:00:15.902""","=""1784091616435.2502""","=""2026-07-15 14:00:16.435""",REFRESHING_SLOTS,슬롯 응답 shadow를 IRRELEVANT로 분류했습니다.,,,,,,,,,0,,,90649.09999999404,0,6.300000004470348,90655.39999999851,,none,IRRELEVANT,,,,,,,,,,,,,,,,,,NONE,,,,false,90649.09999999404,2,body,260821,90599.5,45,90649.09999999404,0,,,45,,false,,,,,,false,90655.39999999851,,untrusted_quality,,,,
run-b9643021-0348-48ef-8773-a450ab8d95ad,0.2.0,"=""1784091593634""","=""2026-07-15 13:59:53.634""","=""1784091633886""","=""2026-07-15 14:00:33.886""",STOPPED,151,0,https://app.catchtable.co.kr/ct/shop/sangnamsushi,2026-08-22,2,"=""1784091600000""","=""2026-07-15 14:00:00.000""","=""1784092200000""","=""2026-07-15 14:10:00.000""",660,1260,"{""targetUrl"":""https://app.catchtable.co.kr/ct/shop/sangnamsushi"",""openAtMs"":1784091600000,""reservationDate"":""2026-08-22"",""personCount"":2,""timeRange"":{""startMinutes"":660,""endMinutes"":1260},""priorityTimes"":[],""postSlotEnabled"":true,""paymentMethodAutoAdvance"":true,""paymentMethodPolicy"":""selected_allowed"",""tablePreference"":""any"",""menuKeyword"":"""",""stopAtMs"":1784092200000,""entryMode"":""auto"",""dryRun"":false,""preOpenLeadMs"":300,""toggleIntervalMs"":100}",88,AVAILABILITY_SHADOW,trace,content,"=""1784091615936""","=""2026-07-15 14:00:15.936""","=""1784091616469.7502""","=""2026-07-15 14:00:16.469""",REFRESHING_SLOTS,슬롯 응답 shadow를 EMPTY로 분류했습니다.,,,,,,,,,0,,,90681.89999999851,0,8,90689.89999999851,,none,EMPTY,,,,,,,,,,,,,,,,,cycle:30:request:46,EXACT,30,,,true,90681.89999999851,2,body,260822,90649.59999999404,46,90681.89999999851,200,,,46,,false,,,,,,false,90689.89999999851,,inactive_cycle,,,,
run-b9643021-0348-48ef-8773-a450ab8d95ad,0.2.0,"=""1784091593634""","=""2026-07-15 13:59:53.634""","=""1784091633886""","=""2026-07-15 14:00:33.886""",STOPPED,151,0,https://app.catchtable.co.kr/ct/shop/sangnamsushi,2026-08-22,2,"=""1784091600000""","=""2026-07-15 14:00:00.000""","=""1784092200000""","=""2026-07-15 14:10:00.000""",660,1260,"{""targetUrl"":""https://app.catchtable.co.kr/ct/shop/sangnamsushi"",""openAtMs"":1784091600000,""reservationDate"":""2026-08-22"",""personCount"":2,""timeRange"":{""startMinutes"":660,""endMinutes"":1260},""priorityTimes"":[],""postSlotEnabled"":true,""paymentMethodAutoAdvance"":true,""paymentMethodPolicy"":""selected_allowed"",""tablePreference"":""any"",""menuKeyword"":"""",""stopAtMs"":1784092200000,""entryMode"":""auto"",""dryRun"":false,""preOpenLeadMs"":300,""toggleIntervalMs"":100}",89,DATE_TOGGLE_CYCLE,trace,content,"=""1784091616179""","=""2026-07-15 14:00:16.179""","=""1784091616712.7502""","=""2026-07-15 14:00:16.712""",REFRESHING_SLOTS,날짜 토글 #31: NO_SLOT,,,,true,1784091616336.4502,2026-08-21,1784091616312.9502,1784091616461.85,,,0,,,,,,,,,,,,,,,,,,,,,,,,,,31,,0,,,,followup,,,,,,NO_SLOT,,,11,,,true,1784091616401.4502,1784091616352.9502,1784091616437.35,,,,,true,,false,live
run-b9643021-0348-48ef-8773-a450ab8d95ad,0.2.0,"=""1784091593634""","=""2026-07-15 13:59:53.634""","=""1784091633886""","=""2026-07-15 14:00:33.886""",STOPPED,151,0,https://app.catchtable.co.kr/ct/shop/sangnamsushi,2026-08-22,2,"=""1784091600000""","=""2026-07-15 14:00:00.000""","=""1784092200000""","=""2026-07-15 14:10:00.000""",660,1260,"{""targetUrl"":""https://app.catchtable.co.kr/ct/shop/sangnamsushi"",""openAtMs"":1784091600000,""reservationDate"":""2026-08-22"",""personCount"":2,""timeRange"":{""startMinutes"":660,""endMinutes"":1260},""priorityTimes"":[],""postSlotEnabled"":true,""paymentMethodAutoAdvance"":true,""paymentMethodPolicy"":""selected_allowed"",""tablePreference"":""any"",""menuKeyword"":"""",""stopAtMs"":1784092200000,""entryMode"":""auto"",""dryRun"":false,""preOpenLeadMs"":300,""toggleIntervalMs"":100}",90,AVAILABILITY_SHADOW,trace,content,"=""1784091616504""","=""2026-07-15 14:00:16.504""","=""1784091617037.2502""","=""2026-07-15 14:00:17.037""",REFRESHING_SLOTS,슬롯 응답 shadow를 IRRELEVANT로 분류했습니다.,,,,,,,,,0,,,91241.79999999702,0,15.600000001490116,91257.39999999851,,none,IRRELEVANT,,,,,,,,,,,,,,,,,,NONE,,,,false,91241.79999999702,2,body,260821,91189.79999999702,47,91241.79999999702,0,,,47,,false,,,,,,false,91257.39999999851,,untrusted_quality,,,,
run-b9643021-0348-48ef-8773-a450ab8d95ad,0.2.0,"=""1784091593634""","=""2026-07-15 13:59:53.634""","=""1784091633886""","=""2026-07-15 14:00:33.886""",STOPPED,151,0,https://app.catchtable.co.kr/ct/shop/sangnamsushi,2026-08-22,2,"=""1784091600000""","=""2026-07-15 14:00:00.000""","=""1784092200000""","=""2026-07-15 14:10:00.000""",660,1260,"{""targetUrl"":""https://app.catchtable.co.kr/ct/shop/sangnamsushi"",""openAtMs"":1784091600000,""reservationDate"":""2026-08-22"",""personCount"":2,""timeRange"":{""startMinutes"":660,""endMinutes"":1260},""priorityTimes"":[],""postSlotEnabled"":true,""paymentMethodAutoAdvance"":true,""paymentMethodPolicy"":""selected_allowed"",""tablePreference"":""any"",""menuKeyword"":"""",""stopAtMs"":1784092200000,""entryMode"":""auto"",""dryRun"":false,""preOpenLeadMs"":300,""toggleIntervalMs"":100}",91,DATE_TOGGLE_CYCLE,trace,content,"=""1784091616758""","=""2026-07-15 14:00:16.758""","=""1784091617291.35""","=""2026-07-15 14:00:17.291""",REFRESHING_SLOTS,날짜 토글 #32: NO_SLOT,,,,true,1784091616936.9502,2026-08-21,1784091616922.85,1784091617039.7502,,,0,,,,,,,,,,,,,,,,,,,,,,,,,,32,,0,,,,followup,,,,,,NO_SLOT,,,11,,,true,1784091616993.7502,1784091616962.85,1784091617039.35,,,,,true,,false,live
run-b9643021-0348-48ef-8773-a450ab8d95ad,0.2.0,"=""1784091593634""","=""2026-07-15 13:59:53.634""","=""1784091633886""","=""2026-07-15 14:00:33.886""",STOPPED,151,0,https://app.catchtable.co.kr/ct/shop/sangnamsushi,2026-08-22,2,"=""1784091600000""","=""2026-07-15 14:00:00.000""","=""1784092200000""","=""2026-07-15 14:10:00.000""",660,1260,"{""targetUrl"":""https://app.catchtable.co.kr/ct/shop/sangnamsushi"",""openAtMs"":1784091600000,""reservationDate"":""2026-08-22"",""personCount"":2,""timeRange"":{""startMinutes"":660,""endMinutes"":1260},""priorityTimes"":[],""postSlotEnabled"":true,""paymentMethodAutoAdvance"":true,""paymentMethodPolicy"":""selected_allowed"",""tablePreference"":""any"",""menuKeyword"":"""",""stopAtMs"":1784092200000,""entryMode"":""auto"",""dryRun"":false,""preOpenLeadMs"":300,""toggleIntervalMs"":100}",92,AVAILABILITY_SHADOW,trace,content,"=""1784091617074""","=""2026-07-15 14:00:17.074""","=""1784091617607.5503""","=""2026-07-15 14:00:17.607""",REFRESHING_SLOTS,슬롯 응답 shadow를 IRRELEVANT로 분류했습니다.,,,,,,,,,0,,,91820.59999999404,0,7.100000001490116,91827.69999999553,,none,IRRELEVANT,,,,,,,,,,,,,,,,,,NONE,,,,false,91820.59999999404,2,body,260821,91770.89999999851,48,91820.59999999404,0,,,48,,false,,,,,,false,91827.69999999553,,untrusted_quality,,,,
run-b9643021-0348-48ef-8773-a450ab8d95ad,0.2.0,"=""1784091593634""","=""2026-07-15 13:59:53.634""","=""1784091633886""","=""2026-07-15 14:00:33.886""",STOPPED,151,0,https://app.catchtable.co.kr/ct/shop/sangnamsushi,2026-08-22,2,"=""1784091600000""","=""2026-07-15 14:00:00.000""","=""1784092200000""","=""2026-07-15 14:10:00.000""",660,1260,"{""targetUrl"":""https://app.catchtable.co.kr/ct/shop/sangnamsushi"",""openAtMs"":1784091600000,""reservationDate"":""2026-08-22"",""personCount"":2,""timeRange"":{""startMinutes"":660,""endMinutes"":1260},""priorityTimes"":[],""postSlotEnabled"":true,""paymentMethodAutoAdvance"":true,""paymentMethodPolicy"":""selected_allowed"",""tablePreference"":""any"",""menuKeyword"":"""",""stopAtMs"":1784092200000,""entryMode"":""auto"",""dryRun"":false,""preOpenLeadMs"":300,""toggleIntervalMs"":100}",93,AVAILABILITY_SHADOW,trace,content,"=""1784091617110""","=""2026-07-15 14:00:17.110""","=""1784091617643.9502""","=""2026-07-15 14:00:17.643""",REFRESHING_SLOTS,슬롯 응답 shadow를 EMPTY로 분류했습니다.,,,,,,,,,0,,,91854.89999999851,0,9.199999995529652,91864.09999999404,,none,EMPTY,,,,,,,,,,,,,,,,,cycle:32:request:49,EXACT,32,,,true,91854.89999999851,2,body,260822,91821.09999999404,49,91854.89999999851,200,,,49,,false,,,,,,false,91864.09999999404,,inactive_cycle,,,,
run-b9643021-0348-48ef-8773-a450ab8d95ad,0.2.0,"=""1784091593634""","=""2026-07-15 13:59:53.634""","=""1784091633886""","=""2026-07-15 14:00:33.886""",STOPPED,151,0,https://app.catchtable.co.kr/ct/shop/sangnamsushi,2026-08-22,2,"=""1784091600000""","=""2026-07-15 14:00:00.000""","=""1784092200000""","=""2026-07-15 14:10:00.000""",660,1260,"{""targetUrl"":""https://app.catchtable.co.kr/ct/shop/sangnamsushi"",""openAtMs"":1784091600000,""reservationDate"":""2026-08-22"",""personCount"":2,""timeRange"":{""startMinutes"":660,""endMinutes"":1260},""priorityTimes"":[],""postSlotEnabled"":true,""paymentMethodAutoAdvance"":true,""paymentMethodPolicy"":""selected_allowed"",""tablePreference"":""any"",""menuKeyword"":"""",""stopAtMs"":1784092200000,""entryMode"":""auto"",""dryRun"":false,""preOpenLeadMs"":300,""toggleIntervalMs"":100}",94,DATE_TOGGLE_CYCLE,trace,content,"=""1784091617352""","=""2026-07-15 14:00:17.352""","=""1784091617885.7502""","=""2026-07-15 14:00:17.885""",REFRESHING_SLOTS,날짜 토글 #33: NO_SLOT,,,,true,1784091617520.6501,2026-08-21,1784091617501.5503,1784091617635.35,,,0,,,,,,,,,,,,,,,,,,,,,,,,,,33,,0,,,,followup,,,,,,NO_SLOT,,,12,,,true,1784091617570.6501,1784091617541.5503,1784091617610.1501,,,,,true,,false,live
run-b9643021-0348-48ef-8773-a450ab8d95ad,0.2.0,"=""1784091593634""","=""2026-07-15 13:59:53.634""","=""1784091633886""","=""2026-07-15 14:00:33.886""",STOPPED,151,0,https://app.catchtable.co.kr/ct/shop/sangnamsushi,2026-08-22,2,"=""1784091600000""","=""2026-07-15 14:00:00.000""","=""1784092200000""","=""2026-07-15 14:10:00.000""",660,1260,"{""targetUrl"":""https://app.catchtable.co.kr/ct/shop/sangnamsushi"",""openAtMs"":1784091600000,""reservationDate"":""2026-08-22"",""personCount"":2,""timeRange"":{""startMinutes"":660,""endMinutes"":1260},""priorityTimes"":[],""postSlotEnabled"":true,""paymentMethodAutoAdvance"":true,""paymentMethodPolicy"":""selected_allowed"",""tablePreference"":""any"",""menuKeyword"":"""",""stopAtMs"":1784092200000,""entryMode"":""auto"",""dryRun"":false,""preOpenLeadMs"":300,""toggleIntervalMs"":100}",95,AVAILABILITY_SHADOW,trace,content,"=""1784091617677""","=""2026-07-15 14:00:17.677""","=""1784091618210.6501""","=""2026-07-15 14:00:18.210""",REFRESHING_SLOTS,슬롯 응답 shadow를 IRRELEVANT로 분류했습니다.,,,,,,,,,0,,,92416.39999999851,0,14.399999998509884,92430.79999999702,,none,IRRELEVANT,,,,,,,,,,,,,,,,,,NONE,,,,false,92416.39999999851,2,body,260821,92363.09999999404,50,92416.39999999851,0,,,50,,false,,,,,,false,92430.79999999702,,untrusted_quality,,,,
run-b9643021-0348-48ef-8773-a450ab8d95ad,0.2.0,"=""1784091593634""","=""2026-07-15 13:59:53.634""","=""1784091633886""","=""2026-07-15 14:00:33.886""",STOPPED,151,0,https://app.catchtable.co.kr/ct/shop/sangnamsushi,2026-08-22,2,"=""1784091600000""","=""2026-07-15 14:00:00.000""","=""1784092200000""","=""2026-07-15 14:10:00.000""",660,1260,"{""targetUrl"":""https://app.catchtable.co.kr/ct/shop/sangnamsushi"",""openAtMs"":1784091600000,""reservationDate"":""2026-08-22"",""personCount"":2,""timeRange"":{""startMinutes"":660,""endMinutes"":1260},""priorityTimes"":[],""postSlotEnabled"":true,""paymentMethodAutoAdvance"":true,""paymentMethodPolicy"":""selected_allowed"",""tablePreference"":""any"",""menuKeyword"":"""",""stopAtMs"":1784092200000,""entryMode"":""auto"",""dryRun"":false,""preOpenLeadMs"":300,""toggleIntervalMs"":100}",96,DATE_TOGGLE_CYCLE,trace,content,"=""1784091617930""","=""2026-07-15 14:00:17.930""","=""1784091618463.5503""","=""2026-07-15 14:00:18.463""",REFRESHING_SLOTS,날짜 토글 #34: NO_SLOT,,,,true,1784091618107.0503,2026-08-21,1784091618095.85,1784091618213.5503,,,0,,,,,,,,,,,,,,,,,,,,,,,,,,34,,0,,,,followup,,,,,,NO_SLOT,,,12,,,true,1784091618165.7502,1784091618135.85,1784091618213.1501,,,,,true,,false,live
run-b9643021-0348-48ef-8773-a450ab8d95ad,0.2.0,"=""1784091593634""","=""2026-07-15 13:59:53.634""","=""1784091633886""","=""2026-07-15 14:00:33.886""",STOPPED,151,0,https://app.catchtable.co.kr/ct/shop/sangnamsushi,2026-08-22,2,"=""1784091600000""","=""2026-07-15 14:00:00.000""","=""1784092200000""","=""2026-07-15 14:10:00.000""",660,1260,"{""targetUrl"":""https://app.catchtable.co.kr/ct/shop/sangnamsushi"",""openAtMs"":1784091600000,""reservationDate"":""2026-08-22"",""personCount"":2,""timeRange"":{""startMinutes"":660,""endMinutes"":1260},""priorityTimes"":[],""postSlotEnabled"":true,""paymentMethodAutoAdvance"":true,""paymentMethodPolicy"":""selected_allowed"",""tablePreference"":""any"",""menuKeyword"":"""",""stopAtMs"":1784092200000,""entryMode"":""auto"",""dryRun"":false,""preOpenLeadMs"":300,""toggleIntervalMs"":100}",97,AVAILABILITY_SHADOW,trace,content,"=""1784091618257""","=""2026-07-15 14:00:18.257""","=""1784091618790.2502""","=""2026-07-15 14:00:18.790""",REFRESHING_SLOTS,슬롯 응답 shadow를 IRRELEVANT로 분류했습니다.,,,,,,,,,0,,,93003.5,0,6.899999998509884,93010.39999999851,,none,IRRELEVANT,,,,,,,,,,,,,,,,,,NONE,,,,false,93003.5,2,body,260821,92948.89999999851,51,93003.5,0,,,51,,false,,,,,,false,93010.39999999851,,untrusted_quality,,,,
run-b9643021-0348-48ef-8773-a450ab8d95ad,0.2.0,"=""1784091593634""","=""2026-07-15 13:59:53.634""","=""1784091633886""","=""2026-07-15 14:00:33.886""",STOPPED,151,0,https://app.catchtable.co.kr/ct/shop/sangnamsushi,2026-08-22,2,"=""1784091600000""","=""2026-07-15 14:00:00.000""","=""1784092200000""","=""2026-07-15 14:10:00.000""",660,1260,"{""targetUrl"":""https://app.catchtable.co.kr/ct/shop/sangnamsushi"",""openAtMs"":1784091600000,""reservationDate"":""2026-08-22"",""personCount"":2,""timeRange"":{""startMinutes"":660,""endMinutes"":1260},""priorityTimes"":[],""postSlotEnabled"":true,""paymentMethodAutoAdvance"":true,""paymentMethodPolicy"":""selected_allowed"",""tablePreference"":""any"",""menuKeyword"":"""",""stopAtMs"":1784092200000,""entryMode"":""auto"",""dryRun"":false,""preOpenLeadMs"":300,""toggleIntervalMs"":100}",98,AVAILABILITY_SHADOW,trace,content,"=""1784091618291""","=""2026-07-15 14:00:18.291""","=""1784091618824.7502""","=""2026-07-15 14:00:18.824""",REFRESHING_SLOTS,슬롯 응답 shadow를 EMPTY로 분류했습니다.,,,,,,,,,0,,,93036.5,0.10000000149011612,8.299999997019768,93044.79999999702,,none,EMPTY,,,,,,,,,,,,,,,,,cycle:34:request:52,EXACT,34,,,true,93036.5,2,body,260822,93004.09999999404,52,93036.5,200,,,52,,false,,,,,,false,93044.89999999851,,inactive_cycle,,,,
run-b9643021-0348-48ef-8773-a450ab8d95ad,0.2.0,"=""1784091593634""","=""2026-07-15 13:59:53.634""","=""1784091633886""","=""2026-07-15 14:00:33.886""",STOPPED,151,0,https://app.catchtable.co.kr/ct/shop/sangnamsushi,2026-08-22,2,"=""1784091600000""","=""2026-07-15 14:00:00.000""","=""1784092200000""","=""2026-07-15 14:10:00.000""",660,1260,"{""targetUrl"":""https://app.catchtable.co.kr/ct/shop/sangnamsushi"",""openAtMs"":1784091600000,""reservationDate"":""2026-08-22"",""personCount"":2,""timeRange"":{""startMinutes"":660,""endMinutes"":1260},""priorityTimes"":[],""postSlotEnabled"":true,""paymentMethodAutoAdvance"":true,""paymentMethodPolicy"":""selected_allowed"",""tablePreference"":""any"",""menuKeyword"":"""",""stopAtMs"":1784092200000,""entryMode"":""auto"",""dryRun"":false,""preOpenLeadMs"":300,""toggleIntervalMs"":100}",99,DATE_TOGGLE_CYCLE,trace,content,"=""1784091618537""","=""2026-07-15 14:00:18.537""","=""1784091619070.85""","=""2026-07-15 14:00:19.070""",REFRESHING_SLOTS,날짜 토글 #35: NO_SLOT,,,,true,1784091618685.35,2026-08-21,1784091618673.6501,1784091618816.5503,,,0,,,,,,,,,,,,,,,,,,,,,,,,,,35,,0,,,,followup,,,,,,NO_SLOT,,,12,,,true,1784091618753.6501,1784091618713.6501,1784091618794.0503,,,,,true,,false,live
run-b9643021-0348-48ef-8773-a450ab8d95ad,0.2.0,"=""1784091593634""","=""2026-07-15 13:59:53.634""","=""1784091633886""","=""2026-07-15 14:00:33.886""",STOPPED,151,0,https://app.catchtable.co.kr/ct/shop/sangnamsushi,2026-08-22,2,"=""1784091600000""","=""2026-07-15 14:00:00.000""","=""1784092200000""","=""2026-07-15 14:10:00.000""",660,1260,"{""targetUrl"":""https://app.catchtable.co.kr/ct/shop/sangnamsushi"",""openAtMs"":1784091600000,""reservationDate"":""2026-08-22"",""personCount"":2,""timeRange"":{""startMinutes"":660,""endMinutes"":1260},""priorityTimes"":[],""postSlotEnabled"":true,""paymentMethodAutoAdvance"":true,""paymentMethodPolicy"":""selected_allowed"",""tablePreference"":""any"",""menuKeyword"":"""",""stopAtMs"":1784092200000,""entryMode"":""auto"",""dryRun"":false,""preOpenLeadMs"":300,""toggleIntervalMs"":100}",100,AVAILABILITY_SHADOW,trace,content,"=""1784091618905""","=""2026-07-15 14:00:18.905""","=""1784091619438.5503""","=""2026-07-15 14:00:19.438""",REFRESHING_SLOTS,슬롯 응답 shadow를 IRRELEVANT로 분류했습니다.,,,,,,,,,0,,,93640.79999999702,0.10000000149011612,17.799999997019768,93658.59999999404,,none,IRRELEVANT,,,,,,,,,,,,,,,,,,NONE,,,,false,93640.79999999702,2,body,260821,93583.39999999851,53,93640.79999999702,0,,,53,,false,,,,,,false,93658.69999999553,,untrusted_quality,,,,
run-b9643021-0348-48ef-8773-a450ab8d95ad,0.2.0,"=""1784091593634""","=""2026-07-15 13:59:53.634""","=""1784091633886""","=""2026-07-15 14:00:33.886""",STOPPED,151,0,https://app.catchtable.co.kr/ct/shop/sangnamsushi,2026-08-22,2,"=""1784091600000""","=""2026-07-15 14:00:00.000""","=""1784092200000""","=""2026-07-15 14:10:00.000""",660,1260,"{""targetUrl"":""https://app.catchtable.co.kr/ct/shop/sangnamsushi"",""openAtMs"":1784091600000,""reservationDate"":""2026-08-22"",""personCount"":2,""timeRange"":{""startMinutes"":660,""endMinutes"":1260},""priorityTimes"":[],""postSlotEnabled"":true,""paymentMethodAutoAdvance"":true,""paymentMethodPolicy"":""selected_allowed"",""tablePreference"":""any"",""menuKeyword"":"""",""stopAtMs"":1784092200000,""entryMode"":""auto"",""dryRun"":false,""preOpenLeadMs"":300,""toggleIntervalMs"":100}",101,DATE_TOGGLE_CYCLE,trace,content,"=""1784091619158""","=""2026-07-15 14:00:19.158""","=""1784091619691.7502""","=""2026-07-15 14:00:19.691""",REFRESHING_SLOTS,날짜 토글 #36: NO_SLOT,,,,true,1784091619309.35,2026-08-21,1784091619280.9502,1784091619441.4502,,,0,,,,,,,,,,,,,,,,,,,,,,,,,,36,,0,,,,followup,,,,,,NO_SLOT,,,11,,,true,1784091619386.5503,1784091619320.9502,1784091619440.9502,,,,,true,,false,live
run-b9643021-0348-48ef-8773-a450ab8d95ad,0.2.0,"=""1784091593634""","=""2026-07-15 13:59:53.634""","=""1784091633886""","=""2026-07-15 14:00:33.886""",STOPPED,151,0,https://app.catchtable.co.kr/ct/shop/sangnamsushi,2026-08-22,2,"=""1784091600000""","=""2026-07-15 14:00:00.000""","=""1784092200000""","=""2026-07-15 14:10:00.000""",660,1260,"{""targetUrl"":""https://app.catchtable.co.kr/ct/shop/sangnamsushi"",""openAtMs"":1784091600000,""reservationDate"":""2026-08-22"",""personCount"":2,""timeRange"":{""startMinutes"":660,""endMinutes"":1260},""priorityTimes"":[],""postSlotEnabled"":true,""paymentMethodAutoAdvance"":true,""paymentMethodPolicy"":""selected_allowed"",""tablePreference"":""any"",""menuKeyword"":"""",""stopAtMs"":1784092200000,""entryMode"":""auto"",""dryRun"":false,""preOpenLeadMs"":300,""toggleIntervalMs"":100}",102,AVAILABILITY_SHADOW,trace,content,"=""1784091619470""","=""2026-07-15 14:00:19.470""","=""1784091620003.0503""","=""2026-07-15 14:00:20.003""",REFRESHING_SLOTS,슬롯 응답 shadow를 IRRELEVANT로 분류했습니다.,,,,,,,,,0,,,94216.29999999702,0,6.899999998509884,94223.19999999553,,none,IRRELEVANT,,,,,,,,,,,,,,,,,,NONE,,,,false,94216.29999999702,2,body,260821,94168.39999999851,54,94216.29999999702,0,,,54,,false,,,,,,false,94223.19999999553,,untrusted_quality,,,,
run-b9643021-0348-48ef-8773-a450ab8d95ad,0.2.0,"=""1784091593634""","=""2026-07-15 13:59:53.634""","=""1784091633886""","=""2026-07-15 14:00:33.886""",STOPPED,151,0,https://app.catchtable.co.kr/ct/shop/sangnamsushi,2026-08-22,2,"=""1784091600000""","=""2026-07-15 14:00:00.000""","=""1784092200000""","=""2026-07-15 14:10:00.000""",660,1260,"{""targetUrl"":""https://app.catchtable.co.kr/ct/shop/sangnamsushi"",""openAtMs"":1784091600000,""reservationDate"":""2026-08-22"",""personCount"":2,""timeRange"":{""startMinutes"":660,""endMinutes"":1260},""priorityTimes"":[],""postSlotEnabled"":true,""paymentMethodAutoAdvance"":true,""paymentMethodPolicy"":""selected_allowed"",""tablePreference"":""any"",""menuKeyword"":"""",""stopAtMs"":1784092200000,""entryMode"":""auto"",""dryRun"":false,""preOpenLeadMs"":300,""toggleIntervalMs"":100}",103,AVAILABILITY_SHADOW,trace,content,"=""1784091619506""","=""2026-07-15 14:00:19.506""","=""1784091620039.1501""","=""2026-07-15 14:00:20.039""",REFRESHING_SLOTS,슬롯 응답 shadow를 EMPTY로 분류했습니다.,,,,,,,,,0,,,94250.09999999404,0,9.100000001490116,94259.29999999702,,none,EMPTY,,,,,,,,,,,,,,,,,cycle:36:request:55,EXACT,36,,,true,94250.19999999553,2,body,260822,94216.69999999553,55,94250.09999999404,200,,,55,,false,,,,,,false,94259.29999999702,,inactive_cycle,,,,
run-b9643021-0348-48ef-8773-a450ab8d95ad,0.2.0,"=""1784091593634""","=""2026-07-15 13:59:53.634""","=""1784091633886""","=""2026-07-15 14:00:33.886""",STOPPED,151,0,https://app.catchtable.co.kr/ct/shop/sangnamsushi,2026-08-22,2,"=""1784091600000""","=""2026-07-15 14:00:00.000""","=""1784092200000""","=""2026-07-15 14:10:00.000""",660,1260,"{""targetUrl"":""https://app.catchtable.co.kr/ct/shop/sangnamsushi"",""openAtMs"":1784091600000,""reservationDate"":""2026-08-22"",""personCount"":2,""timeRange"":{""startMinutes"":660,""endMinutes"":1260},""priorityTimes"":[],""postSlotEnabled"":true,""paymentMethodAutoAdvance"":true,""paymentMethodPolicy"":""selected_allowed"",""tablePreference"":""any"",""menuKeyword"":"""",""stopAtMs"":1784092200000,""entryMode"":""auto"",""dryRun"":false,""preOpenLeadMs"":300,""toggleIntervalMs"":100}",104,DATE_TOGGLE_CYCLE,trace,content,"=""1784091619747""","=""2026-07-15 14:00:19.747""","=""1784091620280.5503""","=""2026-07-15 14:00:20.280""",REFRESHING_SLOTS,날짜 토글 #37: NO_SLOT,,,,true,1784091619912.5503,2026-08-21,1784091619901.85,1784091620030.1501,,,0,,,,,,,,,,,,,,,,,,,,,,,,,,37,,0,,,,followup,,,,,,NO_SLOT,,,11,,,true,1784091619969.2502,1784091619941.85,1784091620005.1501,,,,,true,,false,live
run-b9643021-0348-48ef-8773-a450ab8d95ad,0.2.0,"=""1784091593634""","=""2026-07-15 13:59:53.634""","=""1784091633886""","=""2026-07-15 14:00:33.886""",STOPPED,151,0,https://app.catchtable.co.kr/ct/shop/sangnamsushi,2026-08-22,2,"=""1784091600000""","=""2026-07-15 14:00:00.000""","=""1784092200000""","=""2026-07-15 14:10:00.000""",660,1260,"{""targetUrl"":""https://app.catchtable.co.kr/ct/shop/sangnamsushi"",""openAtMs"":1784091600000,""reservationDate"":""2026-08-22"",""personCount"":2,""timeRange"":{""startMinutes"":660,""endMinutes"":1260},""priorityTimes"":[],""postSlotEnabled"":true,""paymentMethodAutoAdvance"":true,""paymentMethodPolicy"":""selected_allowed"",""tablePreference"":""any"",""menuKeyword"":"""",""stopAtMs"":1784092200000,""entryMode"":""auto"",""dryRun"":false,""preOpenLeadMs"":300,""toggleIntervalMs"":100}",105,AVAILABILITY_SHADOW,trace,content,"=""1784091620075""","=""2026-07-15 14:00:20.075""","=""1784091620608.1501""","=""2026-07-15 14:00:20.608""",REFRESHING_SLOTS,슬롯 응답 shadow를 IRRELEVANT로 분류했습니다.,,,,,,,,,0,,,94813.59999999404,0,14.700000002980232,94828.29999999702,,none,IRRELEVANT,,,,,,,,,,,,,,,,,,NONE,,,,false,94813.59999999404,2,body,260821,94760.79999999702,56,94813.59999999404,0,,,56,,false,,,,,,false,94828.29999999702,,untrusted_quality,,,,
run-b9643021-0348-48ef-8773-a450ab8d95ad,0.2.0,"=""1784091593634""","=""2026-07-15 13:59:53.634""","=""1784091633886""","=""2026-07-15 14:00:33.886""",STOPPED,151,0,https://app.catchtable.co.kr/ct/shop/sangnamsushi,2026-08-22,2,"=""1784091600000""","=""2026-07-15 14:00:00.000""","=""1784092200000""","=""2026-07-15 14:10:00.000""",660,1260,"{""targetUrl"":""https://app.catchtable.co.kr/ct/shop/sangnamsushi"",""openAtMs"":1784091600000,""reservationDate"":""2026-08-22"",""personCount"":2,""timeRange"":{""startMinutes"":660,""endMinutes"":1260},""priorityTimes"":[],""postSlotEnabled"":true,""paymentMethodAutoAdvance"":true,""paymentMethodPolicy"":""selected_allowed"",""tablePreference"":""any"",""menuKeyword"":"""",""stopAtMs"":1784092200000,""entryMode"":""auto"",""dryRun"":false,""preOpenLeadMs"":300,""toggleIntervalMs"":100}",106,DATE_TOGGLE_CYCLE,trace,content,"=""1784091620332""","=""2026-07-15 14:00:20.332""","=""1784091620865.1501""","=""2026-07-15 14:00:20.865""",REFRESHING_SLOTS,날짜 토글 #38: NO_SLOT,,,,true,1784091620504.35,2026-08-21,1784091620490.6501,1784091620611.0503,,,0,,,,,,,,,,,,,,,,,,,,,,,,,,38,,0,,,,followup,,,,,,NO_SLOT,,,12,,,true,1784091620561.9502,1784091620530.6501,1784091620610.5503,,,,,true,,false,live
run-b9643021-0348-48ef-8773-a450ab8d95ad,0.2.0,"=""1784091593634""","=""2026-07-15 13:59:53.634""","=""1784091633886""","=""2026-07-15 14:00:33.886""",STOPPED,151,0,https://app.catchtable.co.kr/ct/shop/sangnamsushi,2026-08-22,2,"=""1784091600000""","=""2026-07-15 14:00:00.000""","=""1784092200000""","=""2026-07-15 14:10:00.000""",660,1260,"{""targetUrl"":""https://app.catchtable.co.kr/ct/shop/sangnamsushi"",""openAtMs"":1784091600000,""reservationDate"":""2026-08-22"",""personCount"":2,""timeRange"":{""startMinutes"":660,""endMinutes"":1260},""priorityTimes"":[],""postSlotEnabled"":true,""paymentMethodAutoAdvance"":true,""paymentMethodPolicy"":""selected_allowed"",""tablePreference"":""any"",""menuKeyword"":"""",""stopAtMs"":1784092200000,""entryMode"":""auto"",""dryRun"":false,""preOpenLeadMs"":300,""toggleIntervalMs"":100}",107,AVAILABILITY_SHADOW,trace,content,"=""1784091620652""","=""2026-07-15 14:00:20.652""","=""1784091621185.85""","=""2026-07-15 14:00:21.185""",REFRESHING_SLOTS,슬롯 응답 shadow를 IRRELEVANT로 분류했습니다.,,,,,,,,,0,,,95397.09999999404,0,8.900000005960464,95406,,none,IRRELEVANT,,,,,,,,,,,,,,,,,,NONE,,,,false,95397.09999999404,2,body,260821,95342.09999999404,57,95397.09999999404,0,,,57,,false,,,,,,false,95406,,untrusted_quality,,,,
run-b9643021-0348-48ef-8773-a450ab8d95ad,0.2.0,"=""1784091593634""","=""2026-07-15 13:59:53.634""","=""1784091633886""","=""2026-07-15 14:00:33.886""",STOPPED,151,0,https://app.catchtable.co.kr/ct/shop/sangnamsushi,2026-08-22,2,"=""1784091600000""","=""2026-07-15 14:00:00.000""","=""1784092200000""","=""2026-07-15 14:10:00.000""",660,1260,"{""targetUrl"":""https://app.catchtable.co.kr/ct/shop/sangnamsushi"",""openAtMs"":1784091600000,""reservationDate"":""2026-08-22"",""personCount"":2,""timeRange"":{""startMinutes"":660,""endMinutes"":1260},""priorityTimes"":[],""postSlotEnabled"":true,""paymentMethodAutoAdvance"":true,""paymentMethodPolicy"":""selected_allowed"",""tablePreference"":""any"",""menuKeyword"":"""",""stopAtMs"":1784092200000,""entryMode"":""auto"",""dryRun"":false,""preOpenLeadMs"":300,""toggleIntervalMs"":100}",108,AVAILABILITY_SHADOW,trace,content,"=""1784091620686""","=""2026-07-15 14:00:20.686""","=""1784091621219.7502""","=""2026-07-15 14:00:21.219""",REFRESHING_SLOTS,슬롯 응답 shadow를 EMPTY로 분류했습니다.,,,,,,,,,0,,,95431.5,0,8.399999998509884,95439.89999999851,,none,EMPTY,,,,,,,,,,,,,,,,,cycle:38:request:58,EXACT,38,,,true,95431.5,2,body,260822,95398.09999999404,58,95431.5,200,,,58,,false,,,,,,false,95439.89999999851,,inactive_cycle,,,,
run-b9643021-0348-48ef-8773-a450ab8d95ad,0.2.0,"=""1784091593634""","=""2026-07-15 13:59:53.634""","=""1784091633886""","=""2026-07-15 14:00:33.886""",STOPPED,151,0,https://app.catchtable.co.kr/ct/shop/sangnamsushi,2026-08-22,2,"=""1784091600000""","=""2026-07-15 14:00:00.000""","=""1784092200000""","=""2026-07-15 14:10:00.000""",660,1260,"{""targetUrl"":""https://app.catchtable.co.kr/ct/shop/sangnamsushi"",""openAtMs"":1784091600000,""reservationDate"":""2026-08-22"",""personCount"":2,""timeRange"":{""startMinutes"":660,""endMinutes"":1260},""priorityTimes"":[],""postSlotEnabled"":true,""paymentMethodAutoAdvance"":true,""paymentMethodPolicy"":""selected_allowed"",""tablePreference"":""any"",""menuKeyword"":"""",""stopAtMs"":1784092200000,""entryMode"":""auto"",""dryRun"":false,""preOpenLeadMs"":300,""toggleIntervalMs"":100}",109,DATE_TOGGLE_CYCLE,trace,content,"=""1784091620933""","=""2026-07-15 14:00:20.933""","=""1784091621466.2502""","=""2026-07-15 14:00:21.466""",REFRESHING_SLOTS,날짜 토글 #39: NO_SLOT,,,,true,1784091621089.4502,2026-08-21,1784091621075.2502,1784091621211.5503,,,0,,,,,,,,,,,,,,,,,,,,,,,,,,39,,0,,,,followup,,,,,,NO_SLOT,,,12,,,true,1784091621142.9502,1784091621115.2502,1784091621188.35,,,,,true,,false,live
run-b9643021-0348-48ef-8773-a450ab8d95ad,0.2.0,"=""1784091593634""","=""2026-07-15 13:59:53.634""","=""1784091633886""","=""2026-07-15 14:00:33.886""",STOPPED,151,0,https://app.catchtable.co.kr/ct/shop/sangnamsushi,2026-08-22,2,"=""1784091600000""","=""2026-07-15 14:00:00.000""","=""1784092200000""","=""2026-07-15 14:10:00.000""",660,1260,"{""targetUrl"":""https://app.catchtable.co.kr/ct/shop/sangnamsushi"",""openAtMs"":1784091600000,""reservationDate"":""2026-08-22"",""personCount"":2,""timeRange"":{""startMinutes"":660,""endMinutes"":1260},""priorityTimes"":[],""postSlotEnabled"":true,""paymentMethodAutoAdvance"":true,""paymentMethodPolicy"":""selected_allowed"",""tablePreference"":""any"",""menuKeyword"":"""",""stopAtMs"":1784092200000,""entryMode"":""auto"",""dryRun"":false,""preOpenLeadMs"":300,""toggleIntervalMs"":100}",110,AVAILABILITY_SHADOW,trace,content,"=""1784091621259""","=""2026-07-15 14:00:21.259""","=""1784091621792.4502""","=""2026-07-15 14:00:21.792""",REFRESHING_SLOTS,슬롯 응답 shadow를 IRRELEVANT로 분류했습니다.,,,,,,,,,0,,,95997.19999999553,0,15.399999998509884,96012.59999999404,,none,IRRELEVANT,,,,,,,,,,,,,,,,,,NONE,,,,false,95997.19999999553,2,body,260821,95945.39999999851,59,95997.19999999553,0,,,59,,false,,,,,,false,96012.59999999404,,untrusted_quality,,,,
run-b9643021-0348-48ef-8773-a450ab8d95ad,0.2.0,"=""1784091593634""","=""2026-07-15 13:59:53.634""","=""1784091633886""","=""2026-07-15 14:00:33.886""",STOPPED,151,0,https://app.catchtable.co.kr/ct/shop/sangnamsushi,2026-08-22,2,"=""1784091600000""","=""2026-07-15 14:00:00.000""","=""1784092200000""","=""2026-07-15 14:10:00.000""",660,1260,"{""targetUrl"":""https://app.catchtable.co.kr/ct/shop/sangnamsushi"",""openAtMs"":1784091600000,""reservationDate"":""2026-08-22"",""personCount"":2,""timeRange"":{""startMinutes"":660,""endMinutes"":1260},""priorityTimes"":[],""postSlotEnabled"":true,""paymentMethodAutoAdvance"":true,""paymentMethodPolicy"":""selected_allowed"",""tablePreference"":""any"",""menuKeyword"":"""",""stopAtMs"":1784092200000,""entryMode"":""auto"",""dryRun"":false,""preOpenLeadMs"":300,""toggleIntervalMs"":100}",111,DATE_TOGGLE_CYCLE,trace,content,"=""1784091621515""","=""2026-07-15 14:00:21.515""","=""1784091622048.7502""","=""2026-07-15 14:00:22.048""",REFRESHING_SLOTS,날짜 토글 #40: NO_SLOT,,,,true,1784091621689.5503,2026-08-21,1784091621676.35,1784091621794.9502,,,0,,,,,,,,,,,,,,,,,,,,,,,,,,40,,0,,,,followup,,,,,,NO_SLOT,,,12,,,true,1784091621746.6501,1784091621716.35,1784091621794.6501,,,,,true,,false,live
run-b9643021-0348-48ef-8773-a450ab8d95ad,0.2.0,"=""1784091593634""","=""2026-07-15 13:59:53.634""","=""1784091633886""","=""2026-07-15 14:00:33.886""",STOPPED,151,0,https://app.catchtable.co.kr/ct/shop/sangnamsushi,2026-08-22,2,"=""1784091600000""","=""2026-07-15 14:00:00.000""","=""1784092200000""","=""2026-07-15 14:10:00.000""",660,1260,"{""targetUrl"":""https://app.catchtable.co.kr/ct/shop/sangnamsushi"",""openAtMs"":1784091600000,""reservationDate"":""2026-08-22"",""personCount"":2,""timeRange"":{""startMinutes"":660,""endMinutes"":1260},""priorityTimes"":[],""postSlotEnabled"":true,""paymentMethodAutoAdvance"":true,""paymentMethodPolicy"":""selected_allowed"",""tablePreference"":""any"",""menuKeyword"":"""",""stopAtMs"":1784092200000,""entryMode"":""auto"",""dryRun"":false,""preOpenLeadMs"":300,""toggleIntervalMs"":100}",112,AVAILABILITY_SHADOW,trace,content,"=""1784091621826""","=""2026-07-15 14:00:21.826""","=""1784091622359.9502""","=""2026-07-15 14:00:22.359""",REFRESHING_SLOTS,슬롯 응답 shadow를 IRRELEVANT로 분류했습니다.,,,,,,,,,0,,,96573.09999999404,0.09999999403953552,6.9000000059604645,96580,,none,IRRELEVANT,,,,,,,,,,,,,,,,,,NONE,,,,false,96573.09999999404,2,body,260821,96523.89999999851,60,96573.09999999404,0,,,60,,false,,,,,,false,96580.09999999404,,untrusted_quality,,,,
run-b9643021-0348-48ef-8773-a450ab8d95ad,0.2.0,"=""1784091593634""","=""2026-07-15 13:59:53.634""","=""1784091633886""","=""2026-07-15 14:00:33.886""",STOPPED,151,0,https://app.catchtable.co.kr/ct/shop/sangnamsushi,2026-08-22,2,"=""1784091600000""","=""2026-07-15 14:00:00.000""","=""1784092200000""","=""2026-07-15 14:10:00.000""",660,1260,"{""targetUrl"":""https://app.catchtable.co.kr/ct/shop/sangnamsushi"",""openAtMs"":1784091600000,""reservationDate"":""2026-08-22"",""personCount"":2,""timeRange"":{""startMinutes"":660,""endMinutes"":1260},""priorityTimes"":[],""postSlotEnabled"":true,""paymentMethodAutoAdvance"":true,""paymentMethodPolicy"":""selected_allowed"",""tablePreference"":""any"",""menuKeyword"":"""",""stopAtMs"":1784092200000,""entryMode"":""auto"",""dryRun"":false,""preOpenLeadMs"":300,""toggleIntervalMs"":100}",113,AVAILABILITY_SHADOW,trace,content,"=""1784091621859""","=""2026-07-15 14:00:21.859""","=""1784091622392.85""","=""2026-07-15 14:00:22.392""",REFRESHING_SLOTS,슬롯 응답 shadow를 EMPTY로 분류했습니다.,,,,,,,,,0,,,96604.89999999851,0,8,96613,,none,EMPTY,,,,,,,,,,,,,,,,,cycle:40:request:61,EXACT,40,,,true,96605,2,body,260822,96573.59999999404,61,96604.89999999851,200,,,61,,false,,,,,,false,96613,,inactive_cycle,,,,
run-b9643021-0348-48ef-8773-a450ab8d95ad,0.2.0,"=""1784091593634""","=""2026-07-15 13:59:53.634""","=""1784091633886""","=""2026-07-15 14:00:33.886""",STOPPED,151,0,https://app.catchtable.co.kr/ct/shop/sangnamsushi,2026-08-22,2,"=""1784091600000""","=""2026-07-15 14:00:00.000""","=""1784092200000""","=""2026-07-15 14:10:00.000""",660,1260,"{""targetUrl"":""https://app.catchtable.co.kr/ct/shop/sangnamsushi"",""openAtMs"":1784091600000,""reservationDate"":""2026-08-22"",""personCount"":2,""timeRange"":{""startMinutes"":660,""endMinutes"":1260},""priorityTimes"":[],""postSlotEnabled"":true,""paymentMethodAutoAdvance"":true,""paymentMethodPolicy"":""selected_allowed"",""tablePreference"":""any"",""menuKeyword"":"""",""stopAtMs"":1784092200000,""entryMode"":""auto"",""dryRun"":false,""preOpenLeadMs"":300,""toggleIntervalMs"":100}",114,DATE_TOGGLE_CYCLE,trace,content,"=""1784091622106""","=""2026-07-15 14:00:22.106""","=""1784091622639.5503""","=""2026-07-15 14:00:22.639""",REFRESHING_SLOTS,날짜 토글 #41: NO_SLOT,,,,true,1784091622270.35,2026-08-21,1784091622258.85,1784091622385.0503,,,0,,,,,,,,,,,,,,,,,,,,,,,,,,41,,0,,,,followup,,,,,,NO_SLOT,,,12,,,true,1784091622324.85,1784091622298.85,1784091622361.85,,,,,true,,false,live
run-b9643021-0348-48ef-8773-a450ab8d95ad,0.2.0,"=""1784091593634""","=""2026-07-15 13:59:53.634""","=""1784091633886""","=""2026-07-15 14:00:33.886""",STOPPED,151,0,https://app.catchtable.co.kr/ct/shop/sangnamsushi,2026-08-22,2,"=""1784091600000""","=""2026-07-15 14:00:00.000""","=""1784092200000""","=""2026-07-15 14:10:00.000""",660,1260,"{""targetUrl"":""https://app.catchtable.co.kr/ct/shop/sangnamsushi"",""openAtMs"":1784091600000,""reservationDate"":""2026-08-22"",""personCount"":2,""timeRange"":{""startMinutes"":660,""endMinutes"":1260},""priorityTimes"":[],""postSlotEnabled"":true,""paymentMethodAutoAdvance"":true,""paymentMethodPolicy"":""selected_allowed"",""tablePreference"":""any"",""menuKeyword"":"""",""stopAtMs"":1784092200000,""entryMode"":""auto"",""dryRun"":false,""preOpenLeadMs"":300,""toggleIntervalMs"":100}",115,AVAILABILITY_SHADOW,trace,content,"=""1784091622431""","=""2026-07-15 14:00:22.431""","=""1784091622965.1501""","=""2026-07-15 14:00:22.965""",REFRESHING_SLOTS,슬롯 응답 shadow를 IRRELEVANT로 분류했습니다.,,,,,,,,,0,,,97168.5,0,16.799999997019768,97185.29999999702,,none,IRRELEVANT,,,,,,,,,,,,,,,,,,NONE,,,,false,97168.5,2,body,260821,97112.89999999851,62,97168.5,0,,,62,,false,,,,,,false,97185.29999999702,,untrusted_quality,,,,
run-b9643021-0348-48ef-8773-a450ab8d95ad,0.2.0,"=""1784091593634""","=""2026-07-15 13:59:53.634""","=""1784091633886""","=""2026-07-15 14:00:33.886""",STOPPED,151,0,https://app.catchtable.co.kr/ct/shop/sangnamsushi,2026-08-22,2,"=""1784091600000""","=""2026-07-15 14:00:00.000""","=""1784092200000""","=""2026-07-15 14:10:00.000""",660,1260,"{""targetUrl"":""https://app.catchtable.co.kr/ct/shop/sangnamsushi"",""openAtMs"":1784091600000,""reservationDate"":""2026-08-22"",""personCount"":2,""timeRange"":{""startMinutes"":660,""endMinutes"":1260},""priorityTimes"":[],""postSlotEnabled"":true,""paymentMethodAutoAdvance"":true,""paymentMethodPolicy"":""selected_allowed"",""tablePreference"":""any"",""menuKeyword"":"""",""stopAtMs"":1784092200000,""entryMode"":""auto"",""dryRun"":false,""preOpenLeadMs"":300,""toggleIntervalMs"":100}",116,DATE_TOGGLE_CYCLE,trace,content,"=""1784091622685""","=""2026-07-15 14:00:22.685""","=""1784091623218.85""","=""2026-07-15 14:00:23.218""",REFRESHING_SLOTS,날짜 토글 #42: NO_SLOT,,,,true,1784091622858.6501,2026-08-21,1784091622849.6501,1784091622967.85,,,0,,,,,,,,,,,,,,,,,,,,,,,,,,42,,0,,,,followup,,,,,,NO_SLOT,,,11,,,true,1784091622918.2502,1784091622889.6501,1784091622967.4502,,,,,true,,false,live
run-b9643021-0348-48ef-8773-a450ab8d95ad,0.2.0,"=""1784091593634""","=""2026-07-15 13:59:53.634""","=""1784091633886""","=""2026-07-15 14:00:33.886""",STOPPED,151,0,https://app.catchtable.co.kr/ct/shop/sangnamsushi,2026-08-22,2,"=""1784091600000""","=""2026-07-15 14:00:00.000""","=""1784092200000""","=""2026-07-15 14:10:00.000""",660,1260,"{""targetUrl"":""https://app.catchtable.co.kr/ct/shop/sangnamsushi"",""openAtMs"":1784091600000,""reservationDate"":""2026-08-22"",""personCount"":2,""timeRange"":{""startMinutes"":660,""endMinutes"":1260},""priorityTimes"":[],""postSlotEnabled"":true,""paymentMethodAutoAdvance"":true,""paymentMethodPolicy"":""selected_allowed"",""tablePreference"":""any"",""menuKeyword"":"""",""stopAtMs"":1784092200000,""entryMode"":""auto"",""dryRun"":false,""preOpenLeadMs"":300,""toggleIntervalMs"":100}",117,AVAILABILITY_SHADOW,trace,content,"=""1784091623002""","=""2026-07-15 14:00:23.002""","=""1784091623535.6501""","=""2026-07-15 14:00:23.535""",REFRESHING_SLOTS,슬롯 응답 shadow를 IRRELEVANT로 분류했습니다.,,,,,,,,,0,,,97748.79999999702,0,7,97755.79999999702,,none,IRRELEVANT,,,,,,,,,,,,,,,,,,NONE,,,,false,97748.79999999702,2,body,260821,97695.39999999851,63,97748.79999999702,0,,,63,,false,,,,,,false,97755.79999999702,,untrusted_quality,,,,
run-b9643021-0348-48ef-8773-a450ab8d95ad,0.2.0,"=""1784091593634""","=""2026-07-15 13:59:53.634""","=""1784091633886""","=""2026-07-15 14:00:33.886""",STOPPED,151,0,https://app.catchtable.co.kr/ct/shop/sangnamsushi,2026-08-22,2,"=""1784091600000""","=""2026-07-15 14:00:00.000""","=""1784092200000""","=""2026-07-15 14:10:00.000""",660,1260,"{""targetUrl"":""https://app.catchtable.co.kr/ct/shop/sangnamsushi"",""openAtMs"":1784091600000,""reservationDate"":""2026-08-22"",""personCount"":2,""timeRange"":{""startMinutes"":660,""endMinutes"":1260},""priorityTimes"":[],""postSlotEnabled"":true,""paymentMethodAutoAdvance"":true,""paymentMethodPolicy"":""selected_allowed"",""tablePreference"":""any"",""menuKeyword"":"""",""stopAtMs"":1784092200000,""entryMode"":""auto"",""dryRun"":false,""preOpenLeadMs"":300,""toggleIntervalMs"":100}",118,AVAILABILITY_SHADOW,trace,content,"=""1784091623042""","=""2026-07-15 14:00:23.042""","=""1784091623575.6501""","=""2026-07-15 14:00:23.575""",REFRESHING_SLOTS,슬롯 응답 shadow를 EMPTY로 분류했습니다.,,,,,,,,,0,,,97787.79999999702,0,8,97795.79999999702,,none,EMPTY,,,,,,,,,,,,,,,,,cycle:42:request:64,EXACT,42,,,true,97787.79999999702,2,body,260822,97749.19999999553,64,97787.79999999702,200,,,64,,false,,,,,,false,97795.79999999702,,inactive_cycle,,,,
run-b9643021-0348-48ef-8773-a450ab8d95ad,0.2.0,"=""1784091593634""","=""2026-07-15 13:59:53.634""","=""1784091633886""","=""2026-07-15 14:00:33.886""",STOPPED,151,0,https://app.catchtable.co.kr/ct/shop/sangnamsushi,2026-08-22,2,"=""1784091600000""","=""2026-07-15 14:00:00.000""","=""1784092200000""","=""2026-07-15 14:10:00.000""",660,1260,"{""targetUrl"":""https://app.catchtable.co.kr/ct/shop/sangnamsushi"",""openAtMs"":1784091600000,""reservationDate"":""2026-08-22"",""personCount"":2,""timeRange"":{""startMinutes"":660,""endMinutes"":1260},""priorityTimes"":[],""postSlotEnabled"":true,""paymentMethodAutoAdvance"":true,""paymentMethodPolicy"":""selected_allowed"",""tablePreference"":""any"",""menuKeyword"":"""",""stopAtMs"":1784092200000,""entryMode"":""auto"",""dryRun"":false,""preOpenLeadMs"":300,""toggleIntervalMs"":100}",119,DATE_TOGGLE_CYCLE,trace,content,"=""1784091623285""","=""2026-07-15 14:00:23.285""","=""1784091623818.6501""","=""2026-07-15 14:00:23.818""",REFRESHING_SLOTS,날짜 토글 #43: NO_SLOT,,,,true,1784091623443.85,2026-08-21,1784091623429.0503,1784091623568.0503,,,0,,,,,,,,,,,,,,,,,,,,,,,,,,43,,0,,,,followup,,,,,,NO_SLOT,,,12,,,true,1784091623503.6501,1784091623469.0503,1784091623538.5503,,,,,true,,false,live
run-b9643021-0348-48ef-8773-a450ab8d95ad,0.2.0,"=""1784091593634""","=""2026-07-15 13:59:53.634""","=""1784091633886""","=""2026-07-15 14:00:33.886""",STOPPED,151,0,https://app.catchtable.co.kr/ct/shop/sangnamsushi,2026-08-22,2,"=""1784091600000""","=""2026-07-15 14:00:00.000""","=""1784092200000""","=""2026-07-15 14:10:00.000""",660,1260,"{""targetUrl"":""https://app.catchtable.co.kr/ct/shop/sangnamsushi"",""openAtMs"":1784091600000,""reservationDate"":""2026-08-22"",""personCount"":2,""timeRange"":{""startMinutes"":660,""endMinutes"":1260},""priorityTimes"":[],""postSlotEnabled"":true,""paymentMethodAutoAdvance"":true,""paymentMethodPolicy"":""selected_allowed"",""tablePreference"":""any"",""menuKeyword"":"""",""stopAtMs"":1784092200000,""entryMode"":""auto"",""dryRun"":false,""preOpenLeadMs"":300,""toggleIntervalMs"":100}",120,AVAILABILITY_SHADOW,trace,content,"=""1784091623611""","=""2026-07-15 14:00:23.611""","=""1784091624144.1501""","=""2026-07-15 14:00:24.144""",REFRESHING_SLOTS,슬롯 응답 shadow를 IRRELEVANT로 분류했습니다.,,,,,,,,,0,,,98348.69999999553,0,15.600000001490116,98364.29999999702,,none,IRRELEVANT,,,,,,,,,,,,,,,,,,NONE,,,,false,98348.69999999553,2,body,260821,98299.19999999553,65,98348.69999999553,0,,,65,,false,,,,,,false,98364.29999999702,,untrusted_quality,,,,
run-b9643021-0348-48ef-8773-a450ab8d95ad,0.2.0,"=""1784091593634""","=""2026-07-15 13:59:53.634""","=""1784091633886""","=""2026-07-15 14:00:33.886""",STOPPED,151,0,https://app.catchtable.co.kr/ct/shop/sangnamsushi,2026-08-22,2,"=""1784091600000""","=""2026-07-15 14:00:00.000""","=""1784092200000""","=""2026-07-15 14:10:00.000""",660,1260,"{""targetUrl"":""https://app.catchtable.co.kr/ct/shop/sangnamsushi"",""openAtMs"":1784091600000,""reservationDate"":""2026-08-22"",""personCount"":2,""timeRange"":{""startMinutes"":660,""endMinutes"":1260},""priorityTimes"":[],""postSlotEnabled"":true,""paymentMethodAutoAdvance"":true,""paymentMethodPolicy"":""selected_allowed"",""tablePreference"":""any"",""menuKeyword"":"""",""stopAtMs"":1784092200000,""entryMode"":""auto"",""dryRun"":false,""preOpenLeadMs"":300,""toggleIntervalMs"":100}",121,DATE_TOGGLE_CYCLE,trace,content,"=""1784091623864""","=""2026-07-15 14:00:23.864""","=""1784091624397.1501""","=""2026-07-15 14:00:24.397""",REFRESHING_SLOTS,날짜 토글 #44: NO_SLOT,,,,true,1784091624043.7502,2026-08-21,1784091624028.6501,1784091624146.6501,,,0,,,,,,,,,,,,,,,,,,,,,,,,,,44,,0,,,,followup,,,,,,NO_SLOT,,,11,,,true,1784091624099.6501,1784091624068.6501,1784091624146.2502,,,,,true,,false,live
run-b9643021-0348-48ef-8773-a450ab8d95ad,0.2.0,"=""1784091593634""","=""2026-07-15 13:59:53.634""","=""1784091633886""","=""2026-07-15 14:00:33.886""",STOPPED,151,0,https://app.catchtable.co.kr/ct/shop/sangnamsushi,2026-08-22,2,"=""1784091600000""","=""2026-07-15 14:00:00.000""","=""1784092200000""","=""2026-07-15 14:10:00.000""",660,1260,"{""targetUrl"":""https://app.catchtable.co.kr/ct/shop/sangnamsushi"",""openAtMs"":1784091600000,""reservationDate"":""2026-08-22"",""personCount"":2,""timeRange"":{""startMinutes"":660,""endMinutes"":1260},""priorityTimes"":[],""postSlotEnabled"":true,""paymentMethodAutoAdvance"":true,""paymentMethodPolicy"":""selected_allowed"",""tablePreference"":""any"",""menuKeyword"":"""",""stopAtMs"":1784092200000,""entryMode"":""auto"",""dryRun"":false,""preOpenLeadMs"":300,""toggleIntervalMs"":100}",122,AVAILABILITY_SHADOW,trace,content,"=""1784091624180""","=""2026-07-15 14:00:24.180""","=""1784091624713.7502""","=""2026-07-15 14:00:24.713""",REFRESHING_SLOTS,슬롯 응답 shadow를 IRRELEVANT로 분류했습니다.,,,,,,,,,0,,,98927.29999999702,0,6.600000001490116,98933.89999999851,,none,IRRELEVANT,,,,,,,,,,,,,,,,,,NONE,,,,false,98927.29999999702,2,body,260821,98877.69999999553,66,98927.29999999702,0,,,66,,false,,,,,,false,98933.89999999851,,untrusted_quality,,,,
run-b9643021-0348-48ef-8773-a450ab8d95ad,0.2.0,"=""1784091593634""","=""2026-07-15 13:59:53.634""","=""1784091633886""","=""2026-07-15 14:00:33.886""",STOPPED,151,0,https://app.catchtable.co.kr/ct/shop/sangnamsushi,2026-08-22,2,"=""1784091600000""","=""2026-07-15 14:00:00.000""","=""1784092200000""","=""2026-07-15 14:10:00.000""",660,1260,"{""targetUrl"":""https://app.catchtable.co.kr/ct/shop/sangnamsushi"",""openAtMs"":1784091600000,""reservationDate"":""2026-08-22"",""personCount"":2,""timeRange"":{""startMinutes"":660,""endMinutes"":1260},""priorityTimes"":[],""postSlotEnabled"":true,""paymentMethodAutoAdvance"":true,""paymentMethodPolicy"":""selected_allowed"",""tablePreference"":""any"",""menuKeyword"":"""",""stopAtMs"":1784092200000,""entryMode"":""auto"",""dryRun"":false,""preOpenLeadMs"":300,""toggleIntervalMs"":100}",123,AVAILABILITY_SHADOW,trace,content,"=""1784091624219""","=""2026-07-15 14:00:24.219""","=""1784091624752.6501""","=""2026-07-15 14:00:24.752""",REFRESHING_SLOTS,슬롯 응답 shadow를 EMPTY로 분류했습니다.,,,,,,,,,0,,,98963.5,0,9.200000002980232,98972.79999999702,,none,EMPTY,,,,,,,,,,,,,,,,,cycle:44:request:67,EXACT,44,,,true,98963.59999999404,2,body,260822,98927.89999999851,67,98963.5,200,,,67,,false,,,,,,false,98972.79999999702,,inactive_cycle,,,,
run-b9643021-0348-48ef-8773-a450ab8d95ad,0.2.0,"=""1784091593634""","=""2026-07-15 13:59:53.634""","=""1784091633886""","=""2026-07-15 14:00:33.886""",STOPPED,151,0,https://app.catchtable.co.kr/ct/shop/sangnamsushi,2026-08-22,2,"=""1784091600000""","=""2026-07-15 14:00:00.000""","=""1784092200000""","=""2026-07-15 14:10:00.000""",660,1260,"{""targetUrl"":""https://app.catchtable.co.kr/ct/shop/sangnamsushi"",""openAtMs"":1784091600000,""reservationDate"":""2026-08-22"",""personCount"":2,""timeRange"":{""startMinutes"":660,""endMinutes"":1260},""priorityTimes"":[],""postSlotEnabled"":true,""paymentMethodAutoAdvance"":true,""paymentMethodPolicy"":""selected_allowed"",""tablePreference"":""any"",""menuKeyword"":"""",""stopAtMs"":1784092200000,""entryMode"":""auto"",""dryRun"":false,""preOpenLeadMs"":300,""toggleIntervalMs"":100}",124,DATE_TOGGLE_CYCLE,trace,content,"=""1784091624460""","=""2026-07-15 14:00:24.460""","=""1784091624993.85""","=""2026-07-15 14:00:24.993""",REFRESHING_SLOTS,날짜 토글 #45: NO_SLOT,,,,true,1784091624623.2502,2026-08-21,1784091624607.35,1784091624743.5503,,,0,,,,,,,,,,,,,,,,,,,,,,,,,,45,,0,,,,followup,,,,,,NO_SLOT,,,12,,,true,1784091624679.9502,1784091624647.35,1784091624716.35,,,,,true,,false,live
run-b9643021-0348-48ef-8773-a450ab8d95ad,0.2.0,"=""1784091593634""","=""2026-07-15 13:59:53.634""","=""1784091633886""","=""2026-07-15 14:00:33.886""",STOPPED,151,0,https://app.catchtable.co.kr/ct/shop/sangnamsushi,2026-08-22,2,"=""1784091600000""","=""2026-07-15 14:00:00.000""","=""1784092200000""","=""2026-07-15 14:10:00.000""",660,1260,"{""targetUrl"":""https://app.catchtable.co.kr/ct/shop/sangnamsushi"",""openAtMs"":1784091600000,""reservationDate"":""2026-08-22"",""personCount"":2,""timeRange"":{""startMinutes"":660,""endMinutes"":1260},""priorityTimes"":[],""postSlotEnabled"":true,""paymentMethodAutoAdvance"":true,""paymentMethodPolicy"":""selected_allowed"",""tablePreference"":""any"",""menuKeyword"":"""",""stopAtMs"":1784092200000,""entryMode"":""auto"",""dryRun"":false,""preOpenLeadMs"":300,""toggleIntervalMs"":100}",125,AVAILABILITY_SHADOW,trace,content,"=""1784091624779""","=""2026-07-15 14:00:24.779""","=""1784091625312.5503""","=""2026-07-15 14:00:25.312""",REFRESHING_SLOTS,슬롯 응답 shadow를 IRRELEVANT로 분류했습니다.,,,,,,,,,0,,,99516.79999999702,0,15.899999998509884,99532.69999999553,,none,IRRELEVANT,,,,,,,,,,,,,,,,,,NONE,,,,false,99516.79999999702,2,body,260821,99465.19999999553,68,99516.79999999702,0,,,68,,false,,,,,,false,99532.69999999553,,untrusted_quality,,,,
run-b9643021-0348-48ef-8773-a450ab8d95ad,0.2.0,"=""1784091593634""","=""2026-07-15 13:59:53.634""","=""1784091633886""","=""2026-07-15 14:00:33.886""",STOPPED,151,0,https://app.catchtable.co.kr/ct/shop/sangnamsushi,2026-08-22,2,"=""1784091600000""","=""2026-07-15 14:00:00.000""","=""1784092200000""","=""2026-07-15 14:10:00.000""",660,1260,"{""targetUrl"":""https://app.catchtable.co.kr/ct/shop/sangnamsushi"",""openAtMs"":1784091600000,""reservationDate"":""2026-08-22"",""personCount"":2,""timeRange"":{""startMinutes"":660,""endMinutes"":1260},""priorityTimes"":[],""postSlotEnabled"":true,""paymentMethodAutoAdvance"":true,""paymentMethodPolicy"":""selected_allowed"",""tablePreference"":""any"",""menuKeyword"":"""",""stopAtMs"":1784092200000,""entryMode"":""auto"",""dryRun"":false,""preOpenLeadMs"":300,""toggleIntervalMs"":100}",126,DATE_TOGGLE_CYCLE,trace,content,"=""1784091625033""","=""2026-07-15 14:00:25.033""","=""1784091625566.6501""","=""2026-07-15 14:00:25.566""",REFRESHING_SLOTS,날짜 토글 #46: NO_SLOT,,,,true,1784091625213.4502,2026-08-21,1784091625203.85,1784091625316.4502,,,0,,,,,,,,,,,,,,,,,,,,,,,,,,46,,0,,,,followup,,,,,,NO_SLOT,,,11,,,true,1784091625265.5503,1784091625243.85,1784091625315.0503,,,,,true,,false,live
run-b9643021-0348-48ef-8773-a450ab8d95ad,0.2.0,"=""1784091593634""","=""2026-07-15 13:59:53.634""","=""1784091633886""","=""2026-07-15 14:00:33.886""",STOPPED,151,0,https://app.catchtable.co.kr/ct/shop/sangnamsushi,2026-08-22,2,"=""1784091600000""","=""2026-07-15 14:00:00.000""","=""1784092200000""","=""2026-07-15 14:10:00.000""",660,1260,"{""targetUrl"":""https://app.catchtable.co.kr/ct/shop/sangnamsushi"",""openAtMs"":1784091600000,""reservationDate"":""2026-08-22"",""personCount"":2,""timeRange"":{""startMinutes"":660,""endMinutes"":1260},""priorityTimes"":[],""postSlotEnabled"":true,""paymentMethodAutoAdvance"":true,""paymentMethodPolicy"":""selected_allowed"",""tablePreference"":""any"",""menuKeyword"":"""",""stopAtMs"":1784092200000,""entryMode"":""auto"",""dryRun"":false,""preOpenLeadMs"":300,""toggleIntervalMs"":100}",127,AVAILABILITY_SHADOW,trace,content,"=""1784091625345""","=""2026-07-15 14:00:25.345""","=""1784091625878.5503""","=""2026-07-15 14:00:25.878""",REFRESHING_SLOTS,슬롯 응답 shadow를 IRRELEVANT로 분류했습니다.,,,,,,,,,0,,,100092.5,0,6.199999995529652,100098.69999999553,,none,IRRELEVANT,,,,,,,,,,,,,,,,,,NONE,,,,false,100092.5,2,body,260821,100044.19999999553,69,100092.5,0,,,69,,false,,,,,,false,100098.69999999553,,untrusted_quality,,,,
run-b9643021-0348-48ef-8773-a450ab8d95ad,0.2.0,"=""1784091593634""","=""2026-07-15 13:59:53.634""","=""1784091633886""","=""2026-07-15 14:00:33.886""",STOPPED,151,0,https://app.catchtable.co.kr/ct/shop/sangnamsushi,2026-08-22,2,"=""1784091600000""","=""2026-07-15 14:00:00.000""","=""1784092200000""","=""2026-07-15 14:10:00.000""",660,1260,"{""targetUrl"":""https://app.catchtable.co.kr/ct/shop/sangnamsushi"",""openAtMs"":1784091600000,""reservationDate"":""2026-08-22"",""personCount"":2,""timeRange"":{""startMinutes"":660,""endMinutes"":1260},""priorityTimes"":[],""postSlotEnabled"":true,""paymentMethodAutoAdvance"":true,""paymentMethodPolicy"":""selected_allowed"",""tablePreference"":""any"",""menuKeyword"":"""",""stopAtMs"":1784092200000,""entryMode"":""auto"",""dryRun"":false,""preOpenLeadMs"":300,""toggleIntervalMs"":100}",128,AVAILABILITY_SHADOW,trace,content,"=""1784091625387""","=""2026-07-15 14:00:25.387""","=""1784091625920.35""","=""2026-07-15 14:00:25.920""",REFRESHING_SLOTS,슬롯 응답 shadow를 EMPTY로 분류했습니다.,,,,,,,,,0,,,100129.69999999553,0.10000000149011612,10.700000002980232,100140.39999999851,,none,EMPTY,,,,,,,,,,,,,,,,,cycle:46:request:70,EXACT,46,,,true,100129.69999999553,2,body,260822,100092.89999999851,70,100129.69999999553,200,,,70,,false,,,,,,false,100140.5,,inactive_cycle,,,,
run-b9643021-0348-48ef-8773-a450ab8d95ad,0.2.0,"=""1784091593634""","=""2026-07-15 13:59:53.634""","=""1784091633886""","=""2026-07-15 14:00:33.886""",STOPPED,151,0,https://app.catchtable.co.kr/ct/shop/sangnamsushi,2026-08-22,2,"=""1784091600000""","=""2026-07-15 14:00:00.000""","=""1784092200000""","=""2026-07-15 14:10:00.000""",660,1260,"{""targetUrl"":""https://app.catchtable.co.kr/ct/shop/sangnamsushi"",""openAtMs"":1784091600000,""reservationDate"":""2026-08-22"",""personCount"":2,""timeRange"":{""startMinutes"":660,""endMinutes"":1260},""priorityTimes"":[],""postSlotEnabled"":true,""paymentMethodAutoAdvance"":true,""paymentMethodPolicy"":""selected_allowed"",""tablePreference"":""any"",""menuKeyword"":"""",""stopAtMs"":1784092200000,""entryMode"":""auto"",""dryRun"":false,""preOpenLeadMs"":300,""toggleIntervalMs"":100}",129,DATE_TOGGLE_CYCLE,trace,content,"=""1784091625626""","=""2026-07-15 14:00:25.626""","=""1784091626159.9502""","=""2026-07-15 14:00:26.159""",REFRESHING_SLOTS,날짜 토글 #47: NO_SLOT,,,,true,1784091625791.1501,2026-08-21,1784091625776.6501,1784091625909.6501,,,0,,,,,,,,,,,,,,,,,,,,,,,,,,47,,0,,,,followup,,,,,,NO_SLOT,,,12,,,true,1784091625844.35,1784091625816.6501,1784091625880.5503,,,,,true,,false,live
run-b9643021-0348-48ef-8773-a450ab8d95ad,0.2.0,"=""1784091593634""","=""2026-07-15 13:59:53.634""","=""1784091633886""","=""2026-07-15 14:00:33.886""",STOPPED,151,0,https://app.catchtable.co.kr/ct/shop/sangnamsushi,2026-08-22,2,"=""1784091600000""","=""2026-07-15 14:00:00.000""","=""1784092200000""","=""2026-07-15 14:10:00.000""",660,1260,"{""targetUrl"":""https://app.catchtable.co.kr/ct/shop/sangnamsushi"",""openAtMs"":1784091600000,""reservationDate"":""2026-08-22"",""personCount"":2,""timeRange"":{""startMinutes"":660,""endMinutes"":1260},""priorityTimes"":[],""postSlotEnabled"":true,""paymentMethodAutoAdvance"":true,""paymentMethodPolicy"":""selected_allowed"",""tablePreference"":""any"",""menuKeyword"":"""",""stopAtMs"":1784092200000,""entryMode"":""auto"",""dryRun"":false,""preOpenLeadMs"":300,""toggleIntervalMs"":100}",130,AVAILABILITY_SHADOW,trace,content,"=""1784091625950""","=""2026-07-15 14:00:25.950""","=""1784091626483.35""","=""2026-07-15 14:00:26.483""",REFRESHING_SLOTS,슬롯 응답 shadow를 IRRELEVANT로 분류했습니다.,,,,,,,,,0,,,100688.19999999553,0,15.200000002980232,100703.39999999851,,none,IRRELEVANT,,,,,,,,,,,,,,,,,,NONE,,,,false,100688.19999999553,2,body,260821,100636.59999999404,71,100688.19999999553,0,,,71,,false,,,,,,false,100703.39999999851,,untrusted_quality,,,,
run-b9643021-0348-48ef-8773-a450ab8d95ad,0.2.0,"=""1784091593634""","=""2026-07-15 13:59:53.634""","=""1784091633886""","=""2026-07-15 14:00:33.886""",STOPPED,151,0,https://app.catchtable.co.kr/ct/shop/sangnamsushi,2026-08-22,2,"=""1784091600000""","=""2026-07-15 14:00:00.000""","=""1784092200000""","=""2026-07-15 14:10:00.000""",660,1260,"{""targetUrl"":""https://app.catchtable.co.kr/ct/shop/sangnamsushi"",""openAtMs"":1784091600000,""reservationDate"":""2026-08-22"",""personCount"":2,""timeRange"":{""startMinutes"":660,""endMinutes"":1260},""priorityTimes"":[],""postSlotEnabled"":true,""paymentMethodAutoAdvance"":true,""paymentMethodPolicy"":""selected_allowed"",""tablePreference"":""any"",""menuKeyword"":"""",""stopAtMs"":1784092200000,""entryMode"":""auto"",""dryRun"":false,""preOpenLeadMs"":300,""toggleIntervalMs"":100}",131,DATE_TOGGLE_CYCLE,trace,content,"=""1784091626203""","=""2026-07-15 14:00:26.203""","=""1784091626736.4502""","=""2026-07-15 14:00:26.736""",REFRESHING_SLOTS,날짜 토글 #48: NO_SLOT,,,,true,1784091626382.85,2026-08-21,1784091626369.9502,1784091626485.85,,,0,,,,,,,,,,,,,,,,,,,,,,,,,,48,,0,,,,followup,,,,,,NO_SLOT,,,11,,,true,1784091626437.85,1784091626409.9502,1784091626485.4502,,,,,true,,false,live
run-b9643021-0348-48ef-8773-a450ab8d95ad,0.2.0,"=""1784091593634""","=""2026-07-15 13:59:53.634""","=""1784091633886""","=""2026-07-15 14:00:33.886""",STOPPED,151,0,https://app.catchtable.co.kr/ct/shop/sangnamsushi,2026-08-22,2,"=""1784091600000""","=""2026-07-15 14:00:00.000""","=""1784092200000""","=""2026-07-15 14:10:00.000""",660,1260,"{""targetUrl"":""https://app.catchtable.co.kr/ct/shop/sangnamsushi"",""openAtMs"":1784091600000,""reservationDate"":""2026-08-22"",""personCount"":2,""timeRange"":{""startMinutes"":660,""endMinutes"":1260},""priorityTimes"":[],""postSlotEnabled"":true,""paymentMethodAutoAdvance"":true,""paymentMethodPolicy"":""selected_allowed"",""tablePreference"":""any"",""menuKeyword"":"""",""stopAtMs"":1784092200000,""entryMode"":""auto"",""dryRun"":false,""preOpenLeadMs"":300,""toggleIntervalMs"":100}",132,AVAILABILITY_SHADOW,trace,content,"=""1784091626526""","=""2026-07-15 14:00:26.526""","=""1784091627059.35""","=""2026-07-15 14:00:27.059""",REFRESHING_SLOTS,슬롯 응답 shadow를 IRRELEVANT로 분류했습니다.,,,,,,,,,0,,,101273.5,0,6,101279.5,,none,IRRELEVANT,,,,,,,,,,,,,,,,,,NONE,,,,false,101273.5,2,body,260821,101225.89999999851,72,101273.5,0,,,72,,false,,,,,,false,101279.5,,untrusted_quality,,,,
run-b9643021-0348-48ef-8773-a450ab8d95ad,0.2.0,"=""1784091593634""","=""2026-07-15 13:59:53.634""","=""1784091633886""","=""2026-07-15 14:00:33.886""",STOPPED,151,0,https://app.catchtable.co.kr/ct/shop/sangnamsushi,2026-08-22,2,"=""1784091600000""","=""2026-07-15 14:00:00.000""","=""1784092200000""","=""2026-07-15 14:10:00.000""",660,1260,"{""targetUrl"":""https://app.catchtable.co.kr/ct/shop/sangnamsushi"",""openAtMs"":1784091600000,""reservationDate"":""2026-08-22"",""personCount"":2,""timeRange"":{""startMinutes"":660,""endMinutes"":1260},""priorityTimes"":[],""postSlotEnabled"":true,""paymentMethodAutoAdvance"":true,""paymentMethodPolicy"":""selected_allowed"",""tablePreference"":""any"",""menuKeyword"":"""",""stopAtMs"":1784092200000,""entryMode"":""auto"",""dryRun"":false,""preOpenLeadMs"":300,""toggleIntervalMs"":100}",133,AVAILABILITY_SHADOW,trace,content,"=""1784091626563""","=""2026-07-15 14:00:26.563""","=""1784091627096.2502""","=""2026-07-15 14:00:27.096""",REFRESHING_SLOTS,슬롯 응답 shadow를 EMPTY로 분류했습니다.,,,,,,,,,0,,,101307.69999999553,0,8.700000002980232,101316.39999999851,,none,EMPTY,,,,,,,,,,,,,,,,,cycle:48:request:73,EXACT,48,,,true,101307.69999999553,2,body,260822,101274,73,101307.69999999553,200,,,73,,false,,,,,,false,101316.39999999851,,inactive_cycle,,,,
run-b9643021-0348-48ef-8773-a450ab8d95ad,0.2.0,"=""1784091593634""","=""2026-07-15 13:59:53.634""","=""1784091633886""","=""2026-07-15 14:00:33.886""",STOPPED,151,0,https://app.catchtable.co.kr/ct/shop/sangnamsushi,2026-08-22,2,"=""1784091600000""","=""2026-07-15 14:00:00.000""","=""1784092200000""","=""2026-07-15 14:10:00.000""",660,1260,"{""targetUrl"":""https://app.catchtable.co.kr/ct/shop/sangnamsushi"",""openAtMs"":1784091600000,""reservationDate"":""2026-08-22"",""personCount"":2,""timeRange"":{""startMinutes"":660,""endMinutes"":1260},""priorityTimes"":[],""postSlotEnabled"":true,""paymentMethodAutoAdvance"":true,""paymentMethodPolicy"":""selected_allowed"",""tablePreference"":""any"",""menuKeyword"":"""",""stopAtMs"":1784092200000,""entryMode"":""auto"",""dryRun"":false,""preOpenLeadMs"":300,""toggleIntervalMs"":100}",134,DATE_TOGGLE_CYCLE,trace,content,"=""1784091626809""","=""2026-07-15 14:00:26.809""","=""1784091627342.5503""","=""2026-07-15 14:00:27.342""",REFRESHING_SLOTS,날짜 토글 #49: NO_SLOT,,,,true,1784091626969.7502,2026-08-21,1784091626946.5503,1784091627087.7502,,,0,,,,,,,,,,,,,,,,,,,,,,,,,,49,,0,,,,followup,,,,,,NO_SLOT,,,13,,,true,1784091627026.85,1784091626986.5503,1784091627062.0503,,,,,true,,false,live
run-b9643021-0348-48ef-8773-a450ab8d95ad,0.2.0,"=""1784091593634""","=""2026-07-15 13:59:53.634""","=""1784091633886""","=""2026-07-15 14:00:33.886""",STOPPED,151,0,https://app.catchtable.co.kr/ct/shop/sangnamsushi,2026-08-22,2,"=""1784091600000""","=""2026-07-15 14:00:00.000""","=""1784092200000""","=""2026-07-15 14:10:00.000""",660,1260,"{""targetUrl"":""https://app.catchtable.co.kr/ct/shop/sangnamsushi"",""openAtMs"":1784091600000,""reservationDate"":""2026-08-22"",""personCount"":2,""timeRange"":{""startMinutes"":660,""endMinutes"":1260},""priorityTimes"":[],""postSlotEnabled"":true,""paymentMethodAutoAdvance"":true,""paymentMethodPolicy"":""selected_allowed"",""tablePreference"":""any"",""menuKeyword"":"""",""stopAtMs"":1784092200000,""entryMode"":""auto"",""dryRun"":false,""preOpenLeadMs"":300,""toggleIntervalMs"":100}",135,AVAILABILITY_SHADOW,trace,content,"=""1784091627132""","=""2026-07-15 14:00:27.132""","=""1784091627666.1501""","=""2026-07-15 14:00:27.666""",REFRESHING_SLOTS,슬롯 응답 shadow를 IRRELEVANT로 분류했습니다.,,,,,,,,,0,,,101870.69999999553,0.10000000149011612,15.5,101886.19999999553,,none,IRRELEVANT,,,,,,,,,,,,,,,,,,NONE,,,,false,101870.69999999553,2,body,260821,101818.39999999851,74,101870.69999999553,0,,,74,,false,,,,,,false,101886.29999999702,,untrusted_quality,,,,
run-b9643021-0348-48ef-8773-a450ab8d95ad,0.2.0,"=""1784091593634""","=""2026-07-15 13:59:53.634""","=""1784091633886""","=""2026-07-15 14:00:33.886""",STOPPED,151,0,https://app.catchtable.co.kr/ct/shop/sangnamsushi,2026-08-22,2,"=""1784091600000""","=""2026-07-15 14:00:00.000""","=""1784092200000""","=""2026-07-15 14:10:00.000""",660,1260,"{""targetUrl"":""https://app.catchtable.co.kr/ct/shop/sangnamsushi"",""openAtMs"":1784091600000,""reservationDate"":""2026-08-22"",""personCount"":2,""timeRange"":{""startMinutes"":660,""endMinutes"":1260},""priorityTimes"":[],""postSlotEnabled"":true,""paymentMethodAutoAdvance"":true,""paymentMethodPolicy"":""selected_allowed"",""tablePreference"":""any"",""menuKeyword"":"""",""stopAtMs"":1784092200000,""entryMode"":""auto"",""dryRun"":false,""preOpenLeadMs"":300,""toggleIntervalMs"":100}",136,DATE_TOGGLE_CYCLE,trace,content,"=""1784091627391""","=""2026-07-15 14:00:27.391""","=""1784091627924.2502""","=""2026-07-15 14:00:27.924""",REFRESHING_SLOTS,날짜 토글 #50: NO_SLOT,,,,true,1784091627566.5503,2026-08-21,1784091627552.5503,1784091627668.5503,,,0,,,,,,,,,,,,,,,,,,,,,,,,,,50,,0,,,,followup,,,,,,NO_SLOT,,,12,,,true,1784091627619.1501,1784091627592.5503,1784091627668.2502,,,,,true,,false,live
run-b9643021-0348-48ef-8773-a450ab8d95ad,0.2.0,"=""1784091593634""","=""2026-07-15 13:59:53.634""","=""1784091633886""","=""2026-07-15 14:00:33.886""",STOPPED,151,0,https://app.catchtable.co.kr/ct/shop/sangnamsushi,2026-08-22,2,"=""1784091600000""","=""2026-07-15 14:00:00.000""","=""1784092200000""","=""2026-07-15 14:10:00.000""",660,1260,"{""targetUrl"":""https://app.catchtable.co.kr/ct/shop/sangnamsushi"",""openAtMs"":1784091600000,""reservationDate"":""2026-08-22"",""personCount"":2,""timeRange"":{""startMinutes"":660,""endMinutes"":1260},""priorityTimes"":[],""postSlotEnabled"":true,""paymentMethodAutoAdvance"":true,""paymentMethodPolicy"":""selected_allowed"",""tablePreference"":""any"",""menuKeyword"":"""",""stopAtMs"":1784092200000,""entryMode"":""auto"",""dryRun"":false,""preOpenLeadMs"":300,""toggleIntervalMs"":100}",137,AVAILABILITY_SHADOW,trace,content,"=""1784091627702""","=""2026-07-15 14:00:27.702""","=""1784091628235.1501""","=""2026-07-15 14:00:28.235""",REFRESHING_SLOTS,슬롯 응답 shadow를 IRRELEVANT로 분류했습니다.,,,,,,,,,0,,,102447.79999999702,0,7.5,102455.29999999702,,none,IRRELEVANT,,,,,,,,,,,,,,,,,,NONE,,,,false,102447.79999999702,2,body,260821,102401,75,102447.79999999702,0,,,75,,false,,,,,,false,102455.29999999702,,untrusted_quality,,,,
run-b9643021-0348-48ef-8773-a450ab8d95ad,0.2.0,"=""1784091593634""","=""2026-07-15 13:59:53.634""","=""1784091633886""","=""2026-07-15 14:00:33.886""",STOPPED,151,0,https://app.catchtable.co.kr/ct/shop/sangnamsushi,2026-08-22,2,"=""1784091600000""","=""2026-07-15 14:00:00.000""","=""1784092200000""","=""2026-07-15 14:10:00.000""",660,1260,"{""targetUrl"":""https://app.catchtable.co.kr/ct/shop/sangnamsushi"",""openAtMs"":1784091600000,""reservationDate"":""2026-08-22"",""personCount"":2,""timeRange"":{""startMinutes"":660,""endMinutes"":1260},""priorityTimes"":[],""postSlotEnabled"":true,""paymentMethodAutoAdvance"":true,""paymentMethodPolicy"":""selected_allowed"",""tablePreference"":""any"",""menuKeyword"":"""",""stopAtMs"":1784092200000,""entryMode"":""auto"",""dryRun"":false,""preOpenLeadMs"":300,""toggleIntervalMs"":100}",138,AVAILABILITY_SHADOW,trace,content,"=""1784091627742""","=""2026-07-15 14:00:27.742""","=""1784091628275.5503""","=""2026-07-15 14:00:28.275""",REFRESHING_SLOTS,슬롯 응답 shadow를 EMPTY로 분류했습니다.,,,,,,,,,0,,,102486.69999999553,0,9,102495.69999999553,,none,EMPTY,,,,,,,,,,,,,,,,,cycle:50:request:76,EXACT,50,,,true,102486.69999999553,2,body,260822,102448.19999999553,76,102486.69999999553,200,,,76,,false,,,,,,false,102495.69999999553,,inactive_cycle,,,,
run-b9643021-0348-48ef-8773-a450ab8d95ad,0.2.0,"=""1784091593634""","=""2026-07-15 13:59:53.634""","=""1784091633886""","=""2026-07-15 14:00:33.886""",STOPPED,151,0,https://app.catchtable.co.kr/ct/shop/sangnamsushi,2026-08-22,2,"=""1784091600000""","=""2026-07-15 14:00:00.000""","=""1784092200000""","=""2026-07-15 14:10:00.000""",660,1260,"{""targetUrl"":""https://app.catchtable.co.kr/ct/shop/sangnamsushi"",""openAtMs"":1784091600000,""reservationDate"":""2026-08-22"",""personCount"":2,""timeRange"":{""startMinutes"":660,""endMinutes"":1260},""priorityTimes"":[],""postSlotEnabled"":true,""paymentMethodAutoAdvance"":true,""paymentMethodPolicy"":""selected_allowed"",""tablePreference"":""any"",""menuKeyword"":"""",""stopAtMs"":1784092200000,""entryMode"":""auto"",""dryRun"":false,""preOpenLeadMs"":300,""toggleIntervalMs"":100}",139,DATE_TOGGLE_CYCLE,trace,content,"=""1784091627984""","=""2026-07-15 14:00:27.984""","=""1784091628517.6501""","=""2026-07-15 14:00:28.517""",REFRESHING_SLOTS,날짜 토글 #51: NO_SLOT,,,,true,1784091628150.0503,2026-08-21,1784091628134.35,1784091628266.85,,,0,,,,,,,,,,,,,,,,,,,,,,,,,,51,,0,,,,followup,,,,,,NO_SLOT,,,12,,,true,1784091628201.1501,1784091628174.35,1784091628237.4502,,,,,true,,false,live
run-b9643021-0348-48ef-8773-a450ab8d95ad,0.2.0,"=""1784091593634""","=""2026-07-15 13:59:53.634""","=""1784091633886""","=""2026-07-15 14:00:33.886""",STOPPED,151,0,https://app.catchtable.co.kr/ct/shop/sangnamsushi,2026-08-22,2,"=""1784091600000""","=""2026-07-15 14:00:00.000""","=""1784092200000""","=""2026-07-15 14:10:00.000""",660,1260,"{""targetUrl"":""https://app.catchtable.co.kr/ct/shop/sangnamsushi"",""openAtMs"":1784091600000,""reservationDate"":""2026-08-22"",""personCount"":2,""timeRange"":{""startMinutes"":660,""endMinutes"":1260},""priorityTimes"":[],""postSlotEnabled"":true,""paymentMethodAutoAdvance"":true,""paymentMethodPolicy"":""selected_allowed"",""tablePreference"":""any"",""menuKeyword"":"""",""stopAtMs"":1784092200000,""entryMode"":""auto"",""dryRun"":false,""preOpenLeadMs"":300,""toggleIntervalMs"":100}",140,AVAILABILITY_SHADOW,trace,content,"=""1784091628302""","=""2026-07-15 14:00:28.302""","=""1784091628835.35""","=""2026-07-15 14:00:28.835""",REFRESHING_SLOTS,슬롯 응답 shadow를 IRRELEVANT로 분류했습니다.,,,,,,,,,0,,,103041.29999999702,0,14.200000002980232,103055.5,,none,IRRELEVANT,,,,,,,,,,,,,,,,,,NONE,,,,false,103041.29999999702,2,body,260821,102991,77,103041.29999999702,0,,,77,,false,,,,,,false,103055.5,,untrusted_quality,,,,
run-b9643021-0348-48ef-8773-a450ab8d95ad,0.2.0,"=""1784091593634""","=""2026-07-15 13:59:53.634""","=""1784091633886""","=""2026-07-15 14:00:33.886""",STOPPED,151,0,https://app.catchtable.co.kr/ct/shop/sangnamsushi,2026-08-22,2,"=""1784091600000""","=""2026-07-15 14:00:00.000""","=""1784092200000""","=""2026-07-15 14:10:00.000""",660,1260,"{""targetUrl"":""https://app.catchtable.co.kr/ct/shop/sangnamsushi"",""openAtMs"":1784091600000,""reservationDate"":""2026-08-22"",""personCount"":2,""timeRange"":{""startMinutes"":660,""endMinutes"":1260},""priorityTimes"":[],""postSlotEnabled"":true,""paymentMethodAutoAdvance"":true,""paymentMethodPolicy"":""selected_allowed"",""tablePreference"":""any"",""menuKeyword"":"""",""stopAtMs"":1784092200000,""entryMode"":""auto"",""dryRun"":false,""preOpenLeadMs"":300,""toggleIntervalMs"":100}",141,DATE_TOGGLE_CYCLE,trace,content,"=""1784091628555""","=""2026-07-15 14:00:28.555""","=""1784091629088.7502""","=""2026-07-15 14:00:29.088""",REFRESHING_SLOTS,날짜 토글 #52: NO_SLOT,,,,true,1784091628739.4502,2026-08-21,1784091628727.6501,1784091628838.5503,,,0,,,,,,,,,,,,,,,,,,,,,,,,,,52,,0,,,,followup,,,,,,NO_SLOT,,,11,,,true,1784091628791.5503,1784091628767.6501,1784091628837.4502,,,,,true,,false,live
run-b9643021-0348-48ef-8773-a450ab8d95ad,0.2.0,"=""1784091593634""","=""2026-07-15 13:59:53.634""","=""1784091633886""","=""2026-07-15 14:00:33.886""",STOPPED,151,0,https://app.catchtable.co.kr/ct/shop/sangnamsushi,2026-08-22,2,"=""1784091600000""","=""2026-07-15 14:00:00.000""","=""1784092200000""","=""2026-07-15 14:10:00.000""",660,1260,"{""targetUrl"":""https://app.catchtable.co.kr/ct/shop/sangnamsushi"",""openAtMs"":1784091600000,""reservationDate"":""2026-08-22"",""personCount"":2,""timeRange"":{""startMinutes"":660,""endMinutes"":1260},""priorityTimes"":[],""postSlotEnabled"":true,""paymentMethodAutoAdvance"":true,""paymentMethodPolicy"":""selected_allowed"",""tablePreference"":""any"",""menuKeyword"":"""",""stopAtMs"":1784092200000,""entryMode"":""auto"",""dryRun"":false,""preOpenLeadMs"":300,""toggleIntervalMs"":100}",142,AVAILABILITY_SHADOW,trace,content,"=""1784091628868""","=""2026-07-15 14:00:28.868""","=""1784091629401.2502""","=""2026-07-15 14:00:29.401""",REFRESHING_SLOTS,슬롯 응답 shadow를 IRRELEVANT로 분류했습니다.,,,,,,,,,0,,,103614.59999999404,0.10000000149011612,6.700000002980232,103621.29999999702,,none,IRRELEVANT,,,,,,,,,,,,,,,,,,NONE,,,,false,103614.59999999404,2,body,260821,103568.59999999404,78,103614.59999999404,0,,,78,,false,,,,,,false,103621.39999999851,,untrusted_quality,,,,
run-b9643021-0348-48ef-8773-a450ab8d95ad,0.2.0,"=""1784091593634""","=""2026-07-15 13:59:53.634""","=""1784091633886""","=""2026-07-15 14:00:33.886""",STOPPED,151,0,https://app.catchtable.co.kr/ct/shop/sangnamsushi,2026-08-22,2,"=""1784091600000""","=""2026-07-15 14:00:00.000""","=""1784092200000""","=""2026-07-15 14:10:00.000""",660,1260,"{""targetUrl"":""https://app.catchtable.co.kr/ct/shop/sangnamsushi"",""openAtMs"":1784091600000,""reservationDate"":""2026-08-22"",""personCount"":2,""timeRange"":{""startMinutes"":660,""endMinutes"":1260},""priorityTimes"":[],""postSlotEnabled"":true,""paymentMethodAutoAdvance"":true,""paymentMethodPolicy"":""selected_allowed"",""tablePreference"":""any"",""menuKeyword"":"""",""stopAtMs"":1784092200000,""entryMode"":""auto"",""dryRun"":false,""preOpenLeadMs"":300,""toggleIntervalMs"":100}",143,AVAILABILITY_SHADOW,trace,content,"=""1784091628901""","=""2026-07-15 14:00:28.901""","=""1784091629434.2502""","=""2026-07-15 14:00:29.434""",REFRESHING_SLOTS,슬롯 응답 shadow를 EMPTY로 분류했습니다.,,,,,,,,,0,,,103645.89999999851,0.10000000149011612,8.399999998509884,103654.29999999702,,none,EMPTY,,,,,,,,,,,,,,,,,cycle:52:request:79,EXACT,52,,,true,103645.89999999851,2,body,260822,103615.19999999553,79,103645.89999999851,200,,,79,,false,,,,,,false,103654.39999999851,,inactive_cycle,,,,
run-b9643021-0348-48ef-8773-a450ab8d95ad,0.2.0,"=""1784091593634""","=""2026-07-15 13:59:53.634""","=""1784091633886""","=""2026-07-15 14:00:33.886""",STOPPED,151,0,https://app.catchtable.co.kr/ct/shop/sangnamsushi,2026-08-22,2,"=""1784091600000""","=""2026-07-15 14:00:00.000""","=""1784092200000""","=""2026-07-15 14:10:00.000""",660,1260,"{""targetUrl"":""https://app.catchtable.co.kr/ct/shop/sangnamsushi"",""openAtMs"":1784091600000,""reservationDate"":""2026-08-22"",""personCount"":2,""timeRange"":{""startMinutes"":660,""endMinutes"":1260},""priorityTimes"":[],""postSlotEnabled"":true,""paymentMethodAutoAdvance"":true,""paymentMethodPolicy"":""selected_allowed"",""tablePreference"":""any"",""menuKeyword"":"""",""stopAtMs"":1784092200000,""entryMode"":""auto"",""dryRun"":false,""preOpenLeadMs"":300,""toggleIntervalMs"":100}",144,DATE_TOGGLE_CYCLE,trace,content,"=""1784091629144""","=""2026-07-15 14:00:29.144""","=""1784091629677.1501""","=""2026-07-15 14:00:29.677""",REFRESHING_SLOTS,날짜 토글 #53: NO_SLOT,,,,true,1784091629310.4502,2026-08-21,1784091629298.85,1784091629425.9502,,,0,,,,,,,,,,,,,,,,,,,,,,,,,,53,,0,,,,followup,,,,,,NO_SLOT,,,11,,,true,1784091629369.6501,1784091629338.85,1784091629403.35,,,,,true,,false,live
run-b9643021-0348-48ef-8773-a450ab8d95ad,0.2.0,"=""1784091593634""","=""2026-07-15 13:59:53.634""","=""1784091633886""","=""2026-07-15 14:00:33.886""",STOPPED,151,0,https://app.catchtable.co.kr/ct/shop/sangnamsushi,2026-08-22,2,"=""1784091600000""","=""2026-07-15 14:00:00.000""","=""1784092200000""","=""2026-07-15 14:10:00.000""",660,1260,"{""targetUrl"":""https://app.catchtable.co.kr/ct/shop/sangnamsushi"",""openAtMs"":1784091600000,""reservationDate"":""2026-08-22"",""personCount"":2,""timeRange"":{""startMinutes"":660,""endMinutes"":1260},""priorityTimes"":[],""postSlotEnabled"":true,""paymentMethodAutoAdvance"":true,""paymentMethodPolicy"":""selected_allowed"",""tablePreference"":""any"",""menuKeyword"":"""",""stopAtMs"":1784092200000,""entryMode"":""auto"",""dryRun"":false,""preOpenLeadMs"":300,""toggleIntervalMs"":100}",145,AVAILABILITY_SHADOW,trace,content,"=""1784091629466""","=""2026-07-15 14:00:29.466""","=""1784091629999.2502""","=""2026-07-15 14:00:29.999""",REFRESHING_SLOTS,슬롯 응답 shadow를 IRRELEVANT로 분류했습니다.,,,,,,,,,0,,,104202.69999999553,0,16.700000002980232,104219.39999999851,,none,IRRELEVANT,,,,,,,,,,,,,,,,,,NONE,,,,false,104202.69999999553,2,body,260821,104149.39999999851,80,104202.69999999553,0,,,80,,false,,,,,,false,104219.39999999851,,untrusted_quality,,,,
run-b9643021-0348-48ef-8773-a450ab8d95ad,0.2.0,"=""1784091593634""","=""2026-07-15 13:59:53.634""","=""1784091633886""","=""2026-07-15 14:00:33.886""",STOPPED,151,0,https://app.catchtable.co.kr/ct/shop/sangnamsushi,2026-08-22,2,"=""1784091600000""","=""2026-07-15 14:00:00.000""","=""1784092200000""","=""2026-07-15 14:10:00.000""",660,1260,"{""targetUrl"":""https://app.catchtable.co.kr/ct/shop/sangnamsushi"",""openAtMs"":1784091600000,""reservationDate"":""2026-08-22"",""personCount"":2,""timeRange"":{""startMinutes"":660,""endMinutes"":1260},""priorityTimes"":[],""postSlotEnabled"":true,""paymentMethodAutoAdvance"":true,""paymentMethodPolicy"":""selected_allowed"",""tablePreference"":""any"",""menuKeyword"":"""",""stopAtMs"":1784092200000,""entryMode"":""auto"",""dryRun"":false,""preOpenLeadMs"":300,""toggleIntervalMs"":100}",146,DATE_TOGGLE_CYCLE,trace,content,"=""1784091629720""","=""2026-07-15 14:00:29.720""","=""1784091630253.85""","=""2026-07-15 14:00:30.253""",REFRESHING_SLOTS,날짜 토글 #54: NO_SLOT,,,,true,1784091629899.6501,2026-08-21,1784091629887.1501,1784091630002.9502,,,0,,,,,,,,,,,,,,,,,,,,,,,,,,54,,0,,,,followup,,,,,,NO_SLOT,,,11,,,true,1784091629950.0503,1784091629927.1501,1784091630001.5503,,,,,true,,false,live
run-b9643021-0348-48ef-8773-a450ab8d95ad,0.2.0,"=""1784091593634""","=""2026-07-15 13:59:53.634""","=""1784091633886""","=""2026-07-15 14:00:33.886""",STOPPED,151,0,https://app.catchtable.co.kr/ct/shop/sangnamsushi,2026-08-22,2,"=""1784091600000""","=""2026-07-15 14:00:00.000""","=""1784092200000""","=""2026-07-15 14:10:00.000""",660,1260,"{""targetUrl"":""https://app.catchtable.co.kr/ct/shop/sangnamsushi"",""openAtMs"":1784091600000,""reservationDate"":""2026-08-22"",""personCount"":2,""timeRange"":{""startMinutes"":660,""endMinutes"":1260},""priorityTimes"":[],""postSlotEnabled"":true,""paymentMethodAutoAdvance"":true,""paymentMethodPolicy"":""selected_allowed"",""tablePreference"":""any"",""menuKeyword"":"""",""stopAtMs"":1784092200000,""entryMode"":""auto"",""dryRun"":false,""preOpenLeadMs"":300,""toggleIntervalMs"":100}",147,AVAILABILITY_SHADOW,trace,content,"=""1784091631779""","=""2026-07-15 14:00:31.779""","=""1784091632312.85""","=""2026-07-15 14:00:32.312""",REFRESHING_SLOTS,슬롯 응답 shadow를 IRRELEVANT로 분류했습니다.,,,,,,,,,0,,,106525.59999999404,0.10000000149011612,7.300000004470348,106532.89999999851,,none,IRRELEVANT,,,,,,,,,,,,,,,,,,NONE,,,,false,106525.59999999404,2,body,260821,106480.09999999404,81,106525.59999999404,0,,,81,,false,,,,,,false,106533,,untrusted_quality,,,,
run-b9643021-0348-48ef-8773-a450ab8d95ad,0.2.0,"=""1784091593634""","=""2026-07-15 13:59:53.634""","=""1784091633886""","=""2026-07-15 14:00:33.886""",STOPPED,151,0,https://app.catchtable.co.kr/ct/shop/sangnamsushi,2026-08-22,2,"=""1784091600000""","=""2026-07-15 14:00:00.000""","=""1784092200000""","=""2026-07-15 14:10:00.000""",660,1260,"{""targetUrl"":""https://app.catchtable.co.kr/ct/shop/sangnamsushi"",""openAtMs"":1784091600000,""reservationDate"":""2026-08-22"",""personCount"":2,""timeRange"":{""startMinutes"":660,""endMinutes"":1260},""priorityTimes"":[],""postSlotEnabled"":true,""paymentMethodAutoAdvance"":true,""paymentMethodPolicy"":""selected_allowed"",""tablePreference"":""any"",""menuKeyword"":"""",""stopAtMs"":1784092200000,""entryMode"":""auto"",""dryRun"":false,""preOpenLeadMs"":300,""toggleIntervalMs"":100}",148,AVAILABILITY_SHADOW,trace,content,"=""1784091631816""","=""2026-07-15 14:00:31.816""","=""1784091632349.5503""","=""2026-07-15 14:00:32.349""",REFRESHING_SLOTS,슬롯 응답 shadow를 EMPTY로 분류했습니다.,,,,,,,,,0,,,106561.39999999851,0.10000000149011612,8.199999995529652,106569.59999999404,,none,EMPTY,,,,,,,,,,,,,,,,,cycle:55:request:82,EXACT,55,,,true,106561.39999999851,2,body,260822,106526.09999999404,82,106561.39999999851,200,,,82,,false,,,,,,false,106569.69999999553,,no_matching_slot,,,,
run-b9643021-0348-48ef-8773-a450ab8d95ad,0.2.0,"=""1784091593634""","=""2026-07-15 13:59:53.634""","=""1784091633886""","=""2026-07-15 14:00:33.886""",STOPPED,151,0,https://app.catchtable.co.kr/ct/shop/sangnamsushi,2026-08-22,2,"=""1784091600000""","=""2026-07-15 14:00:00.000""","=""1784092200000""","=""2026-07-15 14:10:00.000""",660,1260,"{""targetUrl"":""https://app.catchtable.co.kr/ct/shop/sangnamsushi"",""openAtMs"":1784091600000,""reservationDate"":""2026-08-22"",""personCount"":2,""timeRange"":{""startMinutes"":660,""endMinutes"":1260},""priorityTimes"":[],""postSlotEnabled"":true,""paymentMethodAutoAdvance"":true,""paymentMethodPolicy"":""selected_allowed"",""tablePreference"":""any"",""menuKeyword"":"""",""stopAtMs"":1784092200000,""entryMode"":""auto"",""dryRun"":false,""preOpenLeadMs"":300,""toggleIntervalMs"":100}",149,DATE_TOGGLE_CYCLE,trace,content,"=""1784091632060""","=""2026-07-15 14:00:32.060""","=""1784091632593.2502""","=""2026-07-15 14:00:32.593""",REFRESHING_SLOTS,날짜 토글 #55: NO_SLOT,,,,true,1784091632228.7502,2026-08-21,1784091632213.85,1784091632341.4502,,,0,,,,,,,,,,,,,,,,,,,,,,,,,,55,,0,,,,long_tail,,,,,,NO_SLOT,,,11,,,true,1784091632280.1501,1784091632253.85,1784091632316.85,,,,,true,,false,live
run-b9643021-0348-48ef-8773-a450ab8d95ad,0.2.0,"=""1784091593634""","=""2026-07-15 13:59:53.634""","=""1784091633886""","=""2026-07-15 14:00:33.886""",STOPPED,151,0,https://app.catchtable.co.kr/ct/shop/sangnamsushi,2026-08-22,2,"=""1784091600000""","=""2026-07-15 14:00:00.000""","=""1784092200000""","=""2026-07-15 14:10:00.000""",660,1260,"{""targetUrl"":""https://app.catchtable.co.kr/ct/shop/sangnamsushi"",""openAtMs"":1784091600000,""reservationDate"":""2026-08-22"",""personCount"":2,""timeRange"":{""startMinutes"":660,""endMinutes"":1260},""priorityTimes"":[],""postSlotEnabled"":true,""paymentMethodAutoAdvance"":true,""paymentMethodPolicy"":""selected_allowed"",""tablePreference"":""any"",""menuKeyword"":"""",""stopAtMs"":1784092200000,""entryMode"":""auto"",""dryRun"":false,""preOpenLeadMs"":300,""toggleIntervalMs"":100}",150,DATE_TOGGLE_CYCLE,warn,content,"=""1784091633886""","=""2026-07-15 14:00:33.886""","=""1784091634419.35""","=""2026-07-15 14:00:34.419""",REFRESHING_SLOTS,날짜 토글 #56: STOPPED_BEFORE_ADJACENT,,,,false,,2026-08-21,1784091634553.35,1784091632341.4502,,,0,,,,,,,,,,,,,,,,,,,,,,,,,,56,,0,,,,long_tail,,,,,,STOPPED_BEFORE_ADJACENT,,,0,,,false,,1784091634593.35,,,,,,true,,false,live
run-b9643021-0348-48ef-8773-a450ab8d95ad,0.2.0,"=""1784091593634""","=""2026-07-15 13:59:53.634""","=""1784091633886""","=""2026-07-15 14:00:33.886""",STOPPED,151,0,https://app.catchtable.co.kr/ct/shop/sangnamsushi,2026-08-22,2,"=""1784091600000""","=""2026-07-15 14:00:00.000""","=""1784092200000""","=""2026-07-15 14:10:00.000""",660,1260,"{""targetUrl"":""https://app.catchtable.co.kr/ct/shop/sangnamsushi"",""openAtMs"":1784091600000,""reservationDate"":""2026-08-22"",""personCount"":2,""timeRange"":{""startMinutes"":660,""endMinutes"":1260},""priorityTimes"":[],""postSlotEnabled"":true,""paymentMethodAutoAdvance"":true,""paymentMethodPolicy"":""selected_allowed"",""tablePreference"":""any"",""menuKeyword"":"""",""stopAtMs"":1784092200000,""entryMode"":""auto"",""dryRun"":false,""preOpenLeadMs"":300,""toggleIntervalMs"":100}",151,RUN_TERMINATED,warn,content,"=""1784091633886""","=""2026-07-15 14:00:33.886""","=""1784091634419.4502""","=""2026-07-15 14:00:34.419""",STOPPED,사용자가 실행을 중지했습니다.,,,,,,,,,,,,,,,,,,,,,,,,,,,,,,,,,,,,,,state,,,,,,,,,,,,,,,,STOPPED,,,,,,,,,,,,