runId,extensionVersion,startedAtMs,startedAtKst,finishedAtMs,finishedAtKst,finalState,eventCount,droppedCount,targetUrl,reservationDate,personCount,openAtMs,openAtKst,stopAtMs,stopAtKst,timeRangeStartMinutes,timeRangeEndMinutes,configJson,seq,code,severity,component,localAtMs,localAtKst,serverAtMs,serverAtKst,state,message,errorName,errorMessage,errorStack,attr.adjacentClickOk,attr.adjacentClickedAt,attr.adjacentDate,attr.adjacentPlannedAt,attr.arrivalAt,attr.availableCount,attr.availableMinutes,attr.availableSlotCount,attr.bodyReadCompletedMonoMs,attr.bodyToWakeMs,attr.bridgeDelayMs,attr.bridgeReceivedMonoMs,attr.claimAgreement,attr.claimSource,attr.classification,attr.clockArmLeadMs,attr.clockClusterSeparationMs,attr.clockCompetingSupport,attr.clockConfidence,attr.clockDominantSupport,attr.clockMedianRttMs,attr.clockObservationSpanMs,attr.clockOffsetCenterMs,attr.clockOffsetLowerMs,attr.clockOffsetMs,attr.clockOffsetUpperMs,attr.clockP95RttMs,attr.clockPhase,attr.clockSampleCount,attr.clockSource,attr.clockUncertaintyMs,attr.correlationId,attr.correlationQuality,attr.cycle,attr.eventKind,attr.matchedSlotCount,attr.matchesTarget,attr.payloadClassifiedMonoMs,attr.personCount,attr.phase,attr.requestDate,attr.requestSentMonoMs,attr.requestSequence,attr.responseCompletedMonoMs,attr.responseStatus,attr.result,attr.selectedMinutes,attr.sequence,attr.slotScanCount,attr.stale,attr.state,attr.targetClickOk,attr.targetClickedAt,attr.targetPlannedAt,attr.targetSelectedAt,attr.wakeAccepted,attr.wakeAtMonoMs,attr.wakeCorrelationQuality,attr.wakeDiscardReason,attr.wakeFallbackUsed,attr.wakeRequestSequence,attr.wakeUsed,attr.watch
run-c5d3458e-1897-43c4-a3eb-4f26238a355c,0.2.0,"=""1784109611250""","=""2026-07-15 19:00:11.250""","=""1784109669072""","=""2026-07-15 19:01:09.072""",STOPPED,132,0,https://app.catchtable.co.kr/ct/shop/yunjudang_,2026-08-01,2,"=""1784109600000""","=""2026-07-15 19:00:00.000""","=""1784110200000""","=""2026-07-15 19:10:00.000""",1020,1260,"{""targetUrl"":""https://app.catchtable.co.kr/ct/shop/yunjudang_"",""openAtMs"":1784109600000,""reservationDate"":""2026-08-01"",""personCount"":2,""timeRange"":{""startMinutes"":1020,""endMinutes"":1260},""priorityTimes"":[],""postSlotEnabled"":true,""paymentMethodAutoAdvance"":true,""paymentMethodPolicy"":""selected_allowed"",""tablePreference"":""any"",""menuKeyword"":"""",""stopAtMs"":1784110200000,""entryMode"":""auto"",""dryRun"":false,""preOpenLeadMs"":200,""toggleIntervalMs"":100}",1,RUN_STARTED,info,content,"=""1784109611250""","=""2026-07-15 19:00:11.250""",,,,실행 추적을 시작했습니다.,,,,,,,,,,,,,,,,,,,,,,,,,,,,,,,,,,,,,,,,,,,,,,,,,,,,,,,,,,,,,,,,,,
run-c5d3458e-1897-43c4-a3eb-4f26238a355c,0.2.0,"=""1784109611250""","=""2026-07-15 19:00:11.250""","=""1784109669072""","=""2026-07-15 19:01:09.072""",STOPPED,132,0,https://app.catchtable.co.kr/ct/shop/yunjudang_,2026-08-01,2,"=""1784109600000""","=""2026-07-15 19:00:00.000""","=""1784110200000""","=""2026-07-15 19:10:00.000""",1020,1260,"{""targetUrl"":""https://app.catchtable.co.kr/ct/shop/yunjudang_"",""openAtMs"":1784109600000,""reservationDate"":""2026-08-01"",""personCount"":2,""timeRange"":{""startMinutes"":1020,""endMinutes"":1260},""priorityTimes"":[],""postSlotEnabled"":true,""paymentMethodAutoAdvance"":true,""paymentMethodPolicy"":""selected_allowed"",""tablePreference"":""any"",""menuKeyword"":"""",""stopAtMs"":1784110200000,""entryMode"":""auto"",""dryRun"":false,""preOpenLeadMs"":200,""toggleIntervalMs"":100}",2,STATE_CHANGED,trace,content,"=""1784109611250""","=""2026-07-15 19:00:11.250""",,,CONFIGURED,예약 설정을 불러왔습니다.,,,,,,,,,,,,,,,,,,,,,,,,,,,,,,,,,,,,,,state,,,,,,,,,,,,,,,,CONFIGURED,,,,,,,,,,,,
run-c5d3458e-1897-43c4-a3eb-4f26238a355c,0.2.0,"=""1784109611250""","=""2026-07-15 19:00:11.250""","=""1784109669072""","=""2026-07-15 19:01:09.072""",STOPPED,132,0,https://app.catchtable.co.kr/ct/shop/yunjudang_,2026-08-01,2,"=""1784109600000""","=""2026-07-15 19:00:00.000""","=""1784110200000""","=""2026-07-15 19:10:00.000""",1020,1260,"{""targetUrl"":""https://app.catchtable.co.kr/ct/shop/yunjudang_"",""openAtMs"":1784109600000,""reservationDate"":""2026-08-01"",""personCount"":2,""timeRange"":{""startMinutes"":1020,""endMinutes"":1260},""priorityTimes"":[],""postSlotEnabled"":true,""paymentMethodAutoAdvance"":true,""paymentMethodPolicy"":""selected_allowed"",""tablePreference"":""any"",""menuKeyword"":"""",""stopAtMs"":1784110200000,""entryMode"":""auto"",""dryRun"":false,""preOpenLeadMs"":200,""toggleIntervalMs"":100}",3,STATE_CHANGED,trace,content,"=""1784109611250""","=""2026-07-15 19:00:11.250""",,,VALIDATING,예약 설정과 실행 조건을 검증합니다.,,,,,,,,,,,,,,,,,,,,,,,,,,,,,,,,,,,,,,state,,,,,,,,,,,,,,,,VALIDATING,,,,,,,,,,,,
run-c5d3458e-1897-43c4-a3eb-4f26238a355c,0.2.0,"=""1784109611250""","=""2026-07-15 19:00:11.250""","=""1784109669072""","=""2026-07-15 19:01:09.072""",STOPPED,132,0,https://app.catchtable.co.kr/ct/shop/yunjudang_,2026-08-01,2,"=""1784109600000""","=""2026-07-15 19:00:00.000""","=""1784110200000""","=""2026-07-15 19:10:00.000""",1020,1260,"{""targetUrl"":""https://app.catchtable.co.kr/ct/shop/yunjudang_"",""openAtMs"":1784109600000,""reservationDate"":""2026-08-01"",""personCount"":2,""timeRange"":{""startMinutes"":1020,""endMinutes"":1260},""priorityTimes"":[],""postSlotEnabled"":true,""paymentMethodAutoAdvance"":true,""paymentMethodPolicy"":""selected_allowed"",""tablePreference"":""any"",""menuKeyword"":"""",""stopAtMs"":1784110200000,""entryMode"":""auto"",""dryRun"":false,""preOpenLeadMs"":200,""toggleIntervalMs"":100}",4,STATE_CHANGED,trace,content,"=""1784109611250""","=""2026-07-15 19:00:11.250""",,,SYNCING_CLOCK,캐치테이블 서버 시계를 측정합니다.,,,,,,,,,,,,,,,,,,,,,,,,,,,,,,,,,,,,,,state,,,,,,,,,,,,,,,,SYNCING_CLOCK,,,,,,,,,,,,
run-c5d3458e-1897-43c4-a3eb-4f26238a355c,0.2.0,"=""1784109611250""","=""2026-07-15 19:00:11.250""","=""1784109669072""","=""2026-07-15 19:01:09.072""",STOPPED,132,0,https://app.catchtable.co.kr/ct/shop/yunjudang_,2026-08-01,2,"=""1784109600000""","=""2026-07-15 19:00:00.000""","=""1784110200000""","=""2026-07-15 19:10:00.000""",1020,1260,"{""targetUrl"":""https://app.catchtable.co.kr/ct/shop/yunjudang_"",""openAtMs"":1784109600000,""reservationDate"":""2026-08-01"",""personCount"":2,""timeRange"":{""startMinutes"":1020,""endMinutes"":1260},""priorityTimes"":[],""postSlotEnabled"":true,""paymentMethodAutoAdvance"":true,""paymentMethodPolicy"":""selected_allowed"",""tablePreference"":""any"",""menuKeyword"":"""",""stopAtMs"":1784110200000,""entryMode"":""auto"",""dryRun"":false,""preOpenLeadMs"":200,""toggleIntervalMs"":100}",5,CLOCK_SYNCED,trace,content,"=""1784109612032""","=""2026-07-15 19:00:12.032""","=""1784109611890.9001""","=""2026-07-15 19:00:11.890""",,서버 시계 보정을 완료했습니다.,,,,,,,,,,,,,,,,,,,,-1,0,LOW,1,781.5999999940395,781.5999999940395,1784109524927.1,1784109524036.3,-141,1784109525817.9,781.5999999940395,bootstrap,1,APP_HEAD_HTTP_DATE,890.7999267578125,,,,metric,,,,,,,,,,,,,,,,,,,,,,,,,,,,
run-c5d3458e-1897-43c4-a3eb-4f26238a355c,0.2.0,"=""1784109611250""","=""2026-07-15 19:00:11.250""","=""1784109669072""","=""2026-07-15 19:01:09.072""",STOPPED,132,0,https://app.catchtable.co.kr/ct/shop/yunjudang_,2026-08-01,2,"=""1784109600000""","=""2026-07-15 19:00:00.000""","=""1784110200000""","=""2026-07-15 19:10:00.000""",1020,1260,"{""targetUrl"":""https://app.catchtable.co.kr/ct/shop/yunjudang_"",""openAtMs"":1784109600000,""reservationDate"":""2026-08-01"",""personCount"":2,""timeRange"":{""startMinutes"":1020,""endMinutes"":1260},""priorityTimes"":[],""postSlotEnabled"":true,""paymentMethodAutoAdvance"":true,""paymentMethodPolicy"":""selected_allowed"",""tablePreference"":""any"",""menuKeyword"":"""",""stopAtMs"":1784110200000,""entryMode"":""auto"",""dryRun"":false,""preOpenLeadMs"":200,""toggleIntervalMs"":100}",6,STATE_CHANGED,trace,content,"=""1784109612032""","=""2026-07-15 19:00:12.032""","=""1784109611891.4001""","=""2026-07-15 19:00:11.891""",ENTERING_RESERVATION,예약창 진입 상태를 확인합니다.,,,,,,,,,,,,,,,,,,,,,,,,,,,,,,,,,,,,,,state,,,,,,,,,,,,,,,,ENTERING_RESERVATION,,,,,,,,,,,,
run-c5d3458e-1897-43c4-a3eb-4f26238a355c,0.2.0,"=""1784109611250""","=""2026-07-15 19:00:11.250""","=""1784109669072""","=""2026-07-15 19:01:09.072""",STOPPED,132,0,https://app.catchtable.co.kr/ct/shop/yunjudang_,2026-08-01,2,"=""1784109600000""","=""2026-07-15 19:00:00.000""","=""1784110200000""","=""2026-07-15 19:10:00.000""",1020,1260,"{""targetUrl"":""https://app.catchtable.co.kr/ct/shop/yunjudang_"",""openAtMs"":1784109600000,""reservationDate"":""2026-08-01"",""personCount"":2,""timeRange"":{""startMinutes"":1020,""endMinutes"":1260},""priorityTimes"":[],""postSlotEnabled"":true,""paymentMethodAutoAdvance"":true,""paymentMethodPolicy"":""selected_allowed"",""tablePreference"":""any"",""menuKeyword"":"""",""stopAtMs"":1784110200000,""entryMode"":""auto"",""dryRun"":false,""preOpenLeadMs"":200,""toggleIntervalMs"":100}",7,ACTION_PERFORMED,trace,content,"=""1784109612052""","=""2026-07-15 19:00:12.052""","=""1784109611911.3""","=""2026-07-15 19:00:11.911""",,예약하기 버튼을 클릭했습니다.,,,,,,,,,,,,,,,,,,,,,,,,,,,,,,,,,,,,,,action,,,,,,,,,,,,,,,,,,,,,,,,,,,,
run-c5d3458e-1897-43c4-a3eb-4f26238a355c,0.2.0,"=""1784109611250""","=""2026-07-15 19:00:11.250""","=""1784109669072""","=""2026-07-15 19:01:09.072""",STOPPED,132,0,https://app.catchtable.co.kr/ct/shop/yunjudang_,2026-08-01,2,"=""1784109600000""","=""2026-07-15 19:00:00.000""","=""1784110200000""","=""2026-07-15 19:10:00.000""",1020,1260,"{""targetUrl"":""https://app.catchtable.co.kr/ct/shop/yunjudang_"",""openAtMs"":1784109600000,""reservationDate"":""2026-08-01"",""personCount"":2,""timeRange"":{""startMinutes"":1020,""endMinutes"":1260},""priorityTimes"":[],""postSlotEnabled"":true,""paymentMethodAutoAdvance"":true,""paymentMethodPolicy"":""selected_allowed"",""tablePreference"":""any"",""menuKeyword"":"""",""stopAtMs"":1784110200000,""entryMode"":""auto"",""dryRun"":false,""preOpenLeadMs"":200,""toggleIntervalMs"":100}",8,STATE_CHANGED,trace,content,"=""1784109612210""","=""2026-07-15 19:00:12.210""","=""1784109612501.2498""","=""2026-07-15 19:00:12.501""",SELECTING_DATE,목표 월과 예약 날짜를 준비합니다.,,,,,,,,,,,,,,,,,,,,,,,,,,,,,,,,,,,,,,state,,,,,,,,,,,,,,,,SELECTING_DATE,,,,,,,,,,,,
run-c5d3458e-1897-43c4-a3eb-4f26238a355c,0.2.0,"=""1784109611250""","=""2026-07-15 19:00:11.250""","=""1784109669072""","=""2026-07-15 19:01:09.072""",STOPPED,132,0,https://app.catchtable.co.kr/ct/shop/yunjudang_,2026-08-01,2,"=""1784109600000""","=""2026-07-15 19:00:00.000""","=""1784110200000""","=""2026-07-15 19:10:00.000""",1020,1260,"{""targetUrl"":""https://app.catchtable.co.kr/ct/shop/yunjudang_"",""openAtMs"":1784109600000,""reservationDate"":""2026-08-01"",""personCount"":2,""timeRange"":{""startMinutes"":1020,""endMinutes"":1260},""priorityTimes"":[],""postSlotEnabled"":true,""paymentMethodAutoAdvance"":true,""paymentMethodPolicy"":""selected_allowed"",""tablePreference"":""any"",""menuKeyword"":"""",""stopAtMs"":1784110200000,""entryMode"":""auto"",""dryRun"":false,""preOpenLeadMs"":200,""toggleIntervalMs"":100}",9,STATE_CHANGED,trace,content,"=""1784109612227""","=""2026-07-15 19:00:12.227""","=""1784109612518.3499""","=""2026-07-15 19:00:12.518""",SELECTING_PERSON,예약 인원을 준비합니다.,,,,,,,,,,,,,,,,,,,,,,,,,,,,,,,,,,,,,,state,,,,,,,,,,,,,,,,SELECTING_PERSON,,,,,,,,,,,,
run-c5d3458e-1897-43c4-a3eb-4f26238a355c,0.2.0,"=""1784109611250""","=""2026-07-15 19:00:11.250""","=""1784109669072""","=""2026-07-15 19:01:09.072""",STOPPED,132,0,https://app.catchtable.co.kr/ct/shop/yunjudang_,2026-08-01,2,"=""1784109600000""","=""2026-07-15 19:00:00.000""","=""1784110200000""","=""2026-07-15 19:10:00.000""",1020,1260,"{""targetUrl"":""https://app.catchtable.co.kr/ct/shop/yunjudang_"",""openAtMs"":1784109600000,""reservationDate"":""2026-08-01"",""personCount"":2,""timeRange"":{""startMinutes"":1020,""endMinutes"":1260},""priorityTimes"":[],""postSlotEnabled"":true,""paymentMethodAutoAdvance"":true,""paymentMethodPolicy"":""selected_allowed"",""tablePreference"":""any"",""menuKeyword"":"""",""stopAtMs"":1784110200000,""entryMode"":""auto"",""dryRun"":false,""preOpenLeadMs"":200,""toggleIntervalMs"":100}",10,STATE_CHANGED,trace,content,"=""1784109612241""","=""2026-07-15 19:00:12.241""","=""1784109612532.2498""","=""2026-07-15 19:00:12.532""",PREPARING_PAGE,예약 모달과 목표 날짜를 확인합니다.,,,,,,,,,,,,,,,,,,,,,,,,,,,,,,,,,,,,,,state,,,,,,,,,,,,,,,,PREPARING_PAGE,,,,,,,,,,,,
run-c5d3458e-1897-43c4-a3eb-4f26238a355c,0.2.0,"=""1784109611250""","=""2026-07-15 19:00:11.250""","=""1784109669072""","=""2026-07-15 19:01:09.072""",STOPPED,132,0,https://app.catchtable.co.kr/ct/shop/yunjudang_,2026-08-01,2,"=""1784109600000""","=""2026-07-15 19:00:00.000""","=""1784110200000""","=""2026-07-15 19:10:00.000""",1020,1260,"{""targetUrl"":""https://app.catchtable.co.kr/ct/shop/yunjudang_"",""openAtMs"":1784109600000,""reservationDate"":""2026-08-01"",""personCount"":2,""timeRange"":{""startMinutes"":1020,""endMinutes"":1260},""priorityTimes"":[],""postSlotEnabled"":true,""paymentMethodAutoAdvance"":true,""paymentMethodPolicy"":""selected_allowed"",""tablePreference"":""any"",""menuKeyword"":"""",""stopAtMs"":1784110200000,""entryMode"":""auto"",""dryRun"":false,""preOpenLeadMs"":200,""toggleIntervalMs"":100}",11,STATE_CHANGED,trace,content,"=""1784109612256""","=""2026-07-15 19:00:12.256""","=""1784109612547.8499""","=""2026-07-15 19:00:12.547""",WAITING_FOR_OPEN,예약 오픈 직전까지 대기합니다.,,,,,,,,,,,,,,,,,,,,,,,,,,,,,,,,,,,,,,state,,,,,,,,,,,,,,,,WAITING_FOR_OPEN,,,,,,,,,,,,
run-c5d3458e-1897-43c4-a3eb-4f26238a355c,0.2.0,"=""1784109611250""","=""2026-07-15 19:00:11.250""","=""1784109669072""","=""2026-07-15 19:01:09.072""",STOPPED,132,0,https://app.catchtable.co.kr/ct/shop/yunjudang_,2026-08-01,2,"=""1784109600000""","=""2026-07-15 19:00:00.000""","=""1784110200000""","=""2026-07-15 19:10:00.000""",1020,1260,"{""targetUrl"":""https://app.catchtable.co.kr/ct/shop/yunjudang_"",""openAtMs"":1784109600000,""reservationDate"":""2026-08-01"",""personCount"":2,""timeRange"":{""startMinutes"":1020,""endMinutes"":1260},""priorityTimes"":[],""postSlotEnabled"":true,""paymentMethodAutoAdvance"":true,""paymentMethodPolicy"":""selected_allowed"",""tablePreference"":""any"",""menuKeyword"":"""",""stopAtMs"":1784110200000,""entryMode"":""auto"",""dryRun"":false,""preOpenLeadMs"":200,""toggleIntervalMs"":100}",12,CLOCK_SYNCED,trace,content,"=""1784109612271""","=""2026-07-15 19:00:12.271""","=""1784109612562.2498""","=""2026-07-15 19:00:12.562""",,예약 오픈 직전 진입 시점을 결정했습니다.,,,,,,,,,,,,,,,,,,,1439.8499999940395,-1,0,LOW,2,458.1499999985099,916.5,1784109525359.65,1784109524901.4,291,1784109525817.9,781.5999999940395,armed,2,APP_HEAD_HTTP_DATE,458.25,,,,metric,,,,,,,,,,,,,,,,,,,,,,,,,,,,
run-c5d3458e-1897-43c4-a3eb-4f26238a355c,0.2.0,"=""1784109611250""","=""2026-07-15 19:00:11.250""","=""1784109669072""","=""2026-07-15 19:01:09.072""",STOPPED,132,0,https://app.catchtable.co.kr/ct/shop/yunjudang_,2026-08-01,2,"=""1784109600000""","=""2026-07-15 19:00:00.000""","=""1784110200000""","=""2026-07-15 19:10:00.000""",1020,1260,"{""targetUrl"":""https://app.catchtable.co.kr/ct/shop/yunjudang_"",""openAtMs"":1784109600000,""reservationDate"":""2026-08-01"",""personCount"":2,""timeRange"":{""startMinutes"":1020,""endMinutes"":1260},""priorityTimes"":[],""postSlotEnabled"":true,""paymentMethodAutoAdvance"":true,""paymentMethodPolicy"":""selected_allowed"",""tablePreference"":""any"",""menuKeyword"":"""",""stopAtMs"":1784110200000,""entryMode"":""auto"",""dryRun"":false,""preOpenLeadMs"":200,""toggleIntervalMs"":100}",13,STATE_CHANGED,trace,content,"=""1784109612271""","=""2026-07-15 19:00:12.271""","=""1784109612562.5498""","=""2026-07-15 19:00:12.562""",REFRESHING_SLOTS,날짜 토글로 예약 슬롯을 갱신합니다.,,,,,,,,,,,,,,,,,,,,,,,,,,,,,,,,,,,,,,state,,,,,,,,,,,,,,,,REFRESHING_SLOTS,,,,,,,,,,,,
run-c5d3458e-1897-43c4-a3eb-4f26238a355c,0.2.0,"=""1784109611250""","=""2026-07-15 19:00:11.250""","=""1784109669072""","=""2026-07-15 19:01:09.072""",STOPPED,132,0,https://app.catchtable.co.kr/ct/shop/yunjudang_,2026-08-01,2,"=""1784109600000""","=""2026-07-15 19:00:00.000""","=""1784110200000""","=""2026-07-15 19:10:00.000""",1020,1260,"{""targetUrl"":""https://app.catchtable.co.kr/ct/shop/yunjudang_"",""openAtMs"":1784109600000,""reservationDate"":""2026-08-01"",""personCount"":2,""timeRange"":{""startMinutes"":1020,""endMinutes"":1260},""priorityTimes"":[],""postSlotEnabled"":true,""paymentMethodAutoAdvance"":true,""paymentMethodPolicy"":""selected_allowed"",""tablePreference"":""any"",""menuKeyword"":"""",""stopAtMs"":1784110200000,""entryMode"":""auto"",""dryRun"":false,""preOpenLeadMs"":200,""toggleIntervalMs"":100}",14,AVAILABILITY_SHADOW,trace,content,"=""1784109612613""","=""2026-07-15 19:00:12.613""","=""1784109612904.8499""","=""2026-07-15 19:00:12.904""",REFRESHING_SLOTS,슬롯 응답 shadow를 IRRELEVANT로 분류했습니다.,,,,,,,,,0,,,87523.20000000298,0,22,87545.20000000298,,none,IRRELEVANT,,,,,,,,,,,,,,,,,,NONE,,,,false,87523.20000000298,2,body,260801,87046.90000000596,1,87523.20000000298,0,,,1,,false,,,,,,false,87545.20000000298,,untrusted_quality,,,,
run-c5d3458e-1897-43c4-a3eb-4f26238a355c,0.2.0,"=""1784109611250""","=""2026-07-15 19:00:11.250""","=""1784109669072""","=""2026-07-15 19:01:09.072""",STOPPED,132,0,https://app.catchtable.co.kr/ct/shop/yunjudang_,2026-08-01,2,"=""1784109600000""","=""2026-07-15 19:00:00.000""","=""1784110200000""","=""2026-07-15 19:10:00.000""",1020,1260,"{""targetUrl"":""https://app.catchtable.co.kr/ct/shop/yunjudang_"",""openAtMs"":1784109600000,""reservationDate"":""2026-08-01"",""personCount"":2,""timeRange"":{""startMinutes"":1020,""endMinutes"":1260},""priorityTimes"":[],""postSlotEnabled"":true,""paymentMethodAutoAdvance"":true,""paymentMethodPolicy"":""selected_allowed"",""tablePreference"":""any"",""menuKeyword"":"""",""stopAtMs"":1784110200000,""entryMode"":""auto"",""dryRun"":false,""preOpenLeadMs"":200,""toggleIntervalMs"":100}",15,AVAILABILITY_SHADOW,trace,content,"=""1784109612672""","=""2026-07-15 19:00:12.672""","=""1784109612963.65""","=""2026-07-15 19:00:12.963""",REFRESHING_SLOTS,슬롯 응답 shadow를 IRRELEVANT로 분류했습니다.,,,,,,,,,0,,,87595.20000000298,0,8.700000002980232,87603.90000000596,,none,IRRELEVANT,,,,,,,,,,,,,,,,,,NONE,,,,false,87595.20000000298,2,body,260731,87536.10000000894,2,87595.20000000298,0,,,2,,false,,,,,,false,87603.90000000596,,untrusted_quality,,,,
run-c5d3458e-1897-43c4-a3eb-4f26238a355c,0.2.0,"=""1784109611250""","=""2026-07-15 19:00:11.250""","=""1784109669072""","=""2026-07-15 19:01:09.072""",STOPPED,132,0,https://app.catchtable.co.kr/ct/shop/yunjudang_,2026-08-01,2,"=""1784109600000""","=""2026-07-15 19:00:00.000""","=""1784110200000""","=""2026-07-15 19:10:00.000""",1020,1260,"{""targetUrl"":""https://app.catchtable.co.kr/ct/shop/yunjudang_"",""openAtMs"":1784109600000,""reservationDate"":""2026-08-01"",""personCount"":2,""timeRange"":{""startMinutes"":1020,""endMinutes"":1260},""priorityTimes"":[],""postSlotEnabled"":true,""paymentMethodAutoAdvance"":true,""paymentMethodPolicy"":""selected_allowed"",""tablePreference"":""any"",""menuKeyword"":"""",""stopAtMs"":1784110200000,""entryMode"":""auto"",""dryRun"":false,""preOpenLeadMs"":200,""toggleIntervalMs"":100}",16,AVAILABILITY_SHADOW,trace,content,"=""1784109612778""","=""2026-07-15 19:00:12.778""","=""1784109613069.95""","=""2026-07-15 19:00:13.069""",REFRESHING_SLOTS,슬롯 응답 shadow를 EMPTY로 분류했습니다.,,,,,,,,,0,,,87698.30000001192,0.10000000894069672,11.799999997019768,87710.20000000298,,none,EMPTY,,,,,,,,,,,,,,,,,cycle:1:request:3,EXACT,1,,,true,87698.40000000596,2,body,260801,87595.90000000596,3,87698.30000001192,200,,,3,,false,,,,,,false,87710.30000001192,,no_matching_slot,,,,
run-c5d3458e-1897-43c4-a3eb-4f26238a355c,0.2.0,"=""1784109611250""","=""2026-07-15 19:00:11.250""","=""1784109669072""","=""2026-07-15 19:01:09.072""",STOPPED,132,0,https://app.catchtable.co.kr/ct/shop/yunjudang_,2026-08-01,2,"=""1784109600000""","=""2026-07-15 19:00:00.000""","=""1784110200000""","=""2026-07-15 19:10:00.000""",1020,1260,"{""targetUrl"":""https://app.catchtable.co.kr/ct/shop/yunjudang_"",""openAtMs"":1784109600000,""reservationDate"":""2026-08-01"",""personCount"":2,""timeRange"":{""startMinutes"":1020,""endMinutes"":1260},""priorityTimes"":[],""postSlotEnabled"":true,""paymentMethodAutoAdvance"":true,""paymentMethodPolicy"":""selected_allowed"",""tablePreference"":""any"",""menuKeyword"":"""",""stopAtMs"":1784110200000,""entryMode"":""auto"",""dryRun"":false,""preOpenLeadMs"":200,""toggleIntervalMs"":100}",17,DATE_TOGGLE_CYCLE,trace,content,"=""1784109613017""","=""2026-07-15 19:00:13.017""","=""1784109613309.15""","=""2026-07-15 19:00:13.309""",REFRESHING_SLOTS,날짜 토글 #1: NO_SLOT,,,,true,1784109612799.15,2026-07-31,1784109612772.5498,1784109613058.15,,,0,,,,,,,,,,,,,,,,,,,,,,,,,,1,,0,,,,followup,,,,,,NO_SLOT,,,14,,,true,1784109612915.15,1784109612812.5498,1784109612965.95,,,,,true,,false,live
run-c5d3458e-1897-43c4-a3eb-4f26238a355c,0.2.0,"=""1784109611250""","=""2026-07-15 19:00:11.250""","=""1784109669072""","=""2026-07-15 19:01:09.072""",STOPPED,132,0,https://app.catchtable.co.kr/ct/shop/yunjudang_,2026-08-01,2,"=""1784109600000""","=""2026-07-15 19:00:00.000""","=""1784110200000""","=""2026-07-15 19:10:00.000""",1020,1260,"{""targetUrl"":""https://app.catchtable.co.kr/ct/shop/yunjudang_"",""openAtMs"":1784109600000,""reservationDate"":""2026-08-01"",""personCount"":2,""timeRange"":{""startMinutes"":1020,""endMinutes"":1260},""priorityTimes"":[],""postSlotEnabled"":true,""paymentMethodAutoAdvance"":true,""paymentMethodPolicy"":""selected_allowed"",""tablePreference"":""any"",""menuKeyword"":"""",""stopAtMs"":1784110200000,""entryMode"":""auto"",""dryRun"":false,""preOpenLeadMs"":200,""toggleIntervalMs"":100}",18,AVAILABILITY_SHADOW,trace,content,"=""1784109613382""","=""2026-07-15 19:00:13.382""","=""1784109613673.95""","=""2026-07-15 19:00:13.673""",REFRESHING_SLOTS,슬롯 응답 shadow를 IRRELEVANT로 분류했습니다.,,,,,,,,,0,,,88296.90000000596,0.10000000894069672,17.299999997019768,88314.20000000298,,none,IRRELEVANT,,,,,,,,,,,,,,,,,,NONE,,,,false,88296.90000000596,2,body,260731,88225.70000000298,4,88296.90000000596,0,,,4,,false,,,,,,false,88314.30000001192,,untrusted_quality,,,,
run-c5d3458e-1897-43c4-a3eb-4f26238a355c,0.2.0,"=""1784109611250""","=""2026-07-15 19:00:11.250""","=""1784109669072""","=""2026-07-15 19:01:09.072""",STOPPED,132,0,https://app.catchtable.co.kr/ct/shop/yunjudang_,2026-08-01,2,"=""1784109600000""","=""2026-07-15 19:00:00.000""","=""1784110200000""","=""2026-07-15 19:10:00.000""",1020,1260,"{""targetUrl"":""https://app.catchtable.co.kr/ct/shop/yunjudang_"",""openAtMs"":1784109600000,""reservationDate"":""2026-08-01"",""personCount"":2,""timeRange"":{""startMinutes"":1020,""endMinutes"":1260},""priorityTimes"":[],""postSlotEnabled"":true,""paymentMethodAutoAdvance"":true,""paymentMethodPolicy"":""selected_allowed"",""tablePreference"":""any"",""menuKeyword"":"""",""stopAtMs"":1784110200000,""entryMode"":""auto"",""dryRun"":false,""preOpenLeadMs"":200,""toggleIntervalMs"":100}",19,DATE_TOGGLE_CYCLE,trace,content,"=""1784109613633""","=""2026-07-15 19:00:13.633""","=""1784109613924.8499""","=""2026-07-15 19:00:13.924""",REFRESHING_SLOTS,날짜 토글 #2: NO_SLOT,,,,true,1784109613538.95,2026-07-31,1784109613519.15,1784109613673.95,,,0,,,,,,,,,,,,,,,,,,,,,,,,,,2,,0,,,,followup,,,,,,NO_SLOT,,,11,,,true,1784109613609.95,1784109613559.15,1784109613676.7498,,,,,true,,false,live
run-c5d3458e-1897-43c4-a3eb-4f26238a355c,0.2.0,"=""1784109611250""","=""2026-07-15 19:00:11.250""","=""1784109669072""","=""2026-07-15 19:01:09.072""",STOPPED,132,0,https://app.catchtable.co.kr/ct/shop/yunjudang_,2026-08-01,2,"=""1784109600000""","=""2026-07-15 19:00:00.000""","=""1784110200000""","=""2026-07-15 19:10:00.000""",1020,1260,"{""targetUrl"":""https://app.catchtable.co.kr/ct/shop/yunjudang_"",""openAtMs"":1784109600000,""reservationDate"":""2026-08-01"",""personCount"":2,""timeRange"":{""startMinutes"":1020,""endMinutes"":1260},""priorityTimes"":[],""postSlotEnabled"":true,""paymentMethodAutoAdvance"":true,""paymentMethodPolicy"":""selected_allowed"",""tablePreference"":""any"",""menuKeyword"":"""",""stopAtMs"":1784110200000,""entryMode"":""auto"",""dryRun"":false,""preOpenLeadMs"":200,""toggleIntervalMs"":100}",20,AVAILABILITY_SHADOW,trace,content,"=""1784109613976""","=""2026-07-15 19:00:13.976""","=""1784109614268.15""","=""2026-07-15 19:00:14.268""",REFRESHING_SLOTS,슬롯 응답 shadow를 IRRELEVANT로 분류했습니다.,,,,,,,,,0,,,88899,0,9.5,88908.5,,none,IRRELEVANT,,,,,,,,,,,,,,,,,,NONE,,,,false,88899,2,body,260731,88830.70000000298,5,88899,0,,,5,,false,,,,,,false,88908.5,,untrusted_quality,,,,
run-c5d3458e-1897-43c4-a3eb-4f26238a355c,0.2.0,"=""1784109611250""","=""2026-07-15 19:00:11.250""","=""1784109669072""","=""2026-07-15 19:01:09.072""",STOPPED,132,0,https://app.catchtable.co.kr/ct/shop/yunjudang_,2026-08-01,2,"=""1784109600000""","=""2026-07-15 19:00:00.000""","=""1784110200000""","=""2026-07-15 19:10:00.000""",1020,1260,"{""targetUrl"":""https://app.catchtable.co.kr/ct/shop/yunjudang_"",""openAtMs"":1784109600000,""reservationDate"":""2026-08-01"",""personCount"":2,""timeRange"":{""startMinutes"":1020,""endMinutes"":1260},""priorityTimes"":[],""postSlotEnabled"":true,""paymentMethodAutoAdvance"":true,""paymentMethodPolicy"":""selected_allowed"",""tablePreference"":""any"",""menuKeyword"":"""",""stopAtMs"":1784110200000,""entryMode"":""auto"",""dryRun"":false,""preOpenLeadMs"":200,""toggleIntervalMs"":100}",21,AVAILABILITY_SHADOW,trace,content,"=""1784109614076""","=""2026-07-15 19:00:14.076""","=""1784109614367.2498""","=""2026-07-15 19:00:14.367""",REFRESHING_SLOTS,슬롯 응답 shadow를 EMPTY로 분류했습니다.,,,,,,,,,0,,,89000.40000000596,0.10000000894069672,7.0999999940395355,89007.5,,none,EMPTY,,,,,,,,,,,,,,,,,cycle:2:request:6,EXACT,2,,,true,89000.40000000596,2,body,260801,88900.10000000894,6,89000.40000000596,200,,,6,,false,,,,,,false,89007.60000000894,,inactive_cycle,,,,
run-c5d3458e-1897-43c4-a3eb-4f26238a355c,0.2.0,"=""1784109611250""","=""2026-07-15 19:00:11.250""","=""1784109669072""","=""2026-07-15 19:01:09.072""",STOPPED,132,0,https://app.catchtable.co.kr/ct/shop/yunjudang_,2026-08-01,2,"=""1784109600000""","=""2026-07-15 19:00:00.000""","=""1784110200000""","=""2026-07-15 19:10:00.000""",1020,1260,"{""targetUrl"":""https://app.catchtable.co.kr/ct/shop/yunjudang_"",""openAtMs"":1784109600000,""reservationDate"":""2026-08-01"",""personCount"":2,""timeRange"":{""startMinutes"":1020,""endMinutes"":1260},""priorityTimes"":[],""postSlotEnabled"":true,""paymentMethodAutoAdvance"":true,""paymentMethodPolicy"":""selected_allowed"",""tablePreference"":""any"",""menuKeyword"":"""",""stopAtMs"":1784110200000,""entryMode"":""auto"",""dryRun"":false,""preOpenLeadMs"":200,""toggleIntervalMs"":100}",22,DATE_TOGGLE_CYCLE,trace,content,"=""1784109614323""","=""2026-07-15 19:00:14.323""","=""1784109614614.65""","=""2026-07-15 19:00:14.614""",REFRESHING_SLOTS,날짜 토글 #3: NO_SLOT,,,,true,1784109614145.65,2026-07-31,1784109614134.95,1784109614360.15,,,0,,,,,,,,,,,,,,,,,,,,,,,,,,3,,0,,,,followup,,,,,,NO_SLOT,,,15,,,true,1784109614215.5498,1784109614174.95,1784109614271.3499,,,,,true,,false,live
run-c5d3458e-1897-43c4-a3eb-4f26238a355c,0.2.0,"=""1784109611250""","=""2026-07-15 19:00:11.250""","=""1784109669072""","=""2026-07-15 19:01:09.072""",STOPPED,132,0,https://app.catchtable.co.kr/ct/shop/yunjudang_,2026-08-01,2,"=""1784109600000""","=""2026-07-15 19:00:00.000""","=""1784110200000""","=""2026-07-15 19:10:00.000""",1020,1260,"{""targetUrl"":""https://app.catchtable.co.kr/ct/shop/yunjudang_"",""openAtMs"":1784109600000,""reservationDate"":""2026-08-01"",""personCount"":2,""timeRange"":{""startMinutes"":1020,""endMinutes"":1260},""priorityTimes"":[],""postSlotEnabled"":true,""paymentMethodAutoAdvance"":true,""paymentMethodPolicy"":""selected_allowed"",""tablePreference"":""any"",""menuKeyword"":"""",""stopAtMs"":1784110200000,""entryMode"":""auto"",""dryRun"":false,""preOpenLeadMs"":200,""toggleIntervalMs"":100}",23,AVAILABILITY_SHADOW,trace,content,"=""1784109614659""","=""2026-07-15 19:00:14.659""","=""1784109614951.0498""","=""2026-07-15 19:00:14.951""",REFRESHING_SLOTS,슬롯 응답 shadow를 IRRELEVANT로 분류했습니다.,,,,,,,,,0,,,89579.40000000596,0,12,89591.40000000596,,none,IRRELEVANT,,,,,,,,,,,,,,,,,,NONE,,,,false,89579.40000000596,2,body,260731,89519.10000000894,7,89579.40000000596,0,,,7,,false,,,,,,false,89591.40000000596,,untrusted_quality,,,,
run-c5d3458e-1897-43c4-a3eb-4f26238a355c,0.2.0,"=""1784109611250""","=""2026-07-15 19:00:11.250""","=""1784109669072""","=""2026-07-15 19:01:09.072""",STOPPED,132,0,https://app.catchtable.co.kr/ct/shop/yunjudang_,2026-08-01,2,"=""1784109600000""","=""2026-07-15 19:00:00.000""","=""1784110200000""","=""2026-07-15 19:10:00.000""",1020,1260,"{""targetUrl"":""https://app.catchtable.co.kr/ct/shop/yunjudang_"",""openAtMs"":1784109600000,""reservationDate"":""2026-08-01"",""personCount"":2,""timeRange"":{""startMinutes"":1020,""endMinutes"":1260},""priorityTimes"":[],""postSlotEnabled"":true,""paymentMethodAutoAdvance"":true,""paymentMethodPolicy"":""selected_allowed"",""tablePreference"":""any"",""menuKeyword"":"""",""stopAtMs"":1784110200000,""entryMode"":""auto"",""dryRun"":false,""preOpenLeadMs"":200,""toggleIntervalMs"":100}",24,DATE_TOGGLE_CYCLE,trace,content,"=""1784109614922""","=""2026-07-15 19:00:14.922""","=""1784109615213.65""","=""2026-07-15 19:00:15.213""",REFRESHING_SLOTS,날짜 토글 #4: NO_SLOT,,,,true,1784109614838.65,2026-07-31,1784109614824.7498,1784109614963.45,,,0,,,,,,,,,,,,,,,,,,,,,,,,,,4,,0,,,,followup,,,,,,NO_SLOT,,,11,,,true,1784109614899.45,1784109614864.7498,1784109614958.8499,,,,,true,,false,live
run-c5d3458e-1897-43c4-a3eb-4f26238a355c,0.2.0,"=""1784109611250""","=""2026-07-15 19:00:11.250""","=""1784109669072""","=""2026-07-15 19:01:09.072""",STOPPED,132,0,https://app.catchtable.co.kr/ct/shop/yunjudang_,2026-08-01,2,"=""1784109600000""","=""2026-07-15 19:00:00.000""","=""1784110200000""","=""2026-07-15 19:10:00.000""",1020,1260,"{""targetUrl"":""https://app.catchtable.co.kr/ct/shop/yunjudang_"",""openAtMs"":1784109600000,""reservationDate"":""2026-08-01"",""personCount"":2,""timeRange"":{""startMinutes"":1020,""endMinutes"":1260},""priorityTimes"":[],""postSlotEnabled"":true,""paymentMethodAutoAdvance"":true,""paymentMethodPolicy"":""selected_allowed"",""tablePreference"":""any"",""menuKeyword"":"""",""stopAtMs"":1784110200000,""entryMode"":""auto"",""dryRun"":false,""preOpenLeadMs"":200,""toggleIntervalMs"":100}",25,AVAILABILITY_SHADOW,trace,content,"=""1784109615252""","=""2026-07-15 19:00:15.252""","=""1784109615543.5498""","=""2026-07-15 19:00:15.543""",REFRESHING_SLOTS,슬롯 응답 shadow를 IRRELEVANT로 분류했습니다.,,,,,,,,,0,,,90175.10000000894,0.09999999403953552,8.700000002980232,90183.80000001192,,none,IRRELEVANT,,,,,,,,,,,,,,,,,,NONE,,,,false,90175.10000000894,2,body,260731,90117,8,90175.10000000894,0,,,8,,false,,,,,,false,90183.90000000596,,untrusted_quality,,,,
run-c5d3458e-1897-43c4-a3eb-4f26238a355c,0.2.0,"=""1784109611250""","=""2026-07-15 19:00:11.250""","=""1784109669072""","=""2026-07-15 19:01:09.072""",STOPPED,132,0,https://app.catchtable.co.kr/ct/shop/yunjudang_,2026-08-01,2,"=""1784109600000""","=""2026-07-15 19:00:00.000""","=""1784110200000""","=""2026-07-15 19:10:00.000""",1020,1260,"{""targetUrl"":""https://app.catchtable.co.kr/ct/shop/yunjudang_"",""openAtMs"":1784109600000,""reservationDate"":""2026-08-01"",""personCount"":2,""timeRange"":{""startMinutes"":1020,""endMinutes"":1260},""priorityTimes"":[],""postSlotEnabled"":true,""paymentMethodAutoAdvance"":true,""paymentMethodPolicy"":""selected_allowed"",""tablePreference"":""any"",""menuKeyword"":"""",""stopAtMs"":1784110200000,""entryMode"":""auto"",""dryRun"":false,""preOpenLeadMs"":200,""toggleIntervalMs"":100}",26,AVAILABILITY_SHADOW,trace,content,"=""1784109615347""","=""2026-07-15 19:00:15.347""","=""1784109615638.95""","=""2026-07-15 19:00:15.638""",REFRESHING_SLOTS,슬롯 응답 shadow를 EMPTY로 분류했습니다.,,,,,,,,,0,,,90270.80000001192,0,8.5,90279.30000001192,,none,EMPTY,,,,,,,,,,,,,,,,,cycle:4:request:9,EXACT,4,,,true,90270.80000001192,2,body,260801,90175.70000000298,9,90270.80000001192,200,,,9,,false,,,,,,false,90279.30000001192,,inactive_cycle,,,,
run-c5d3458e-1897-43c4-a3eb-4f26238a355c,0.2.0,"=""1784109611250""","=""2026-07-15 19:00:11.250""","=""1784109669072""","=""2026-07-15 19:01:09.072""",STOPPED,132,0,https://app.catchtable.co.kr/ct/shop/yunjudang_,2026-08-01,2,"=""1784109600000""","=""2026-07-15 19:00:00.000""","=""1784110200000""","=""2026-07-15 19:10:00.000""",1020,1260,"{""targetUrl"":""https://app.catchtable.co.kr/ct/shop/yunjudang_"",""openAtMs"":1784109600000,""reservationDate"":""2026-08-01"",""personCount"":2,""timeRange"":{""startMinutes"":1020,""endMinutes"":1260},""priorityTimes"":[],""postSlotEnabled"":true,""paymentMethodAutoAdvance"":true,""paymentMethodPolicy"":""selected_allowed"",""tablePreference"":""any"",""menuKeyword"":"""",""stopAtMs"":1784110200000,""entryMode"":""auto"",""dryRun"":false,""preOpenLeadMs"":200,""toggleIntervalMs"":100}",27,DATE_TOGGLE_CYCLE,trace,content,"=""1784109615590""","=""2026-07-15 19:00:15.590""","=""1784109615881.3499""","=""2026-07-15 19:00:15.881""",REFRESHING_SLOTS,날짜 토글 #5: NO_SLOT,,,,true,1784109615438.2498,2026-07-31,1784109615423.7498,1784109615630.5498,,,0,,,,,,,,,,,,,,,,,,,,,,,,,,5,,0,,,,followup,,,,,,NO_SLOT,,,14,,,true,1784109615499.0498,1784109615463.7498,1784109615549.65,,,,,true,,false,live
run-c5d3458e-1897-43c4-a3eb-4f26238a355c,0.2.0,"=""1784109611250""","=""2026-07-15 19:00:11.250""","=""1784109669072""","=""2026-07-15 19:01:09.072""",STOPPED,132,0,https://app.catchtable.co.kr/ct/shop/yunjudang_,2026-08-01,2,"=""1784109600000""","=""2026-07-15 19:00:00.000""","=""1784110200000""","=""2026-07-15 19:10:00.000""",1020,1260,"{""targetUrl"":""https://app.catchtable.co.kr/ct/shop/yunjudang_"",""openAtMs"":1784109600000,""reservationDate"":""2026-08-01"",""personCount"":2,""timeRange"":{""startMinutes"":1020,""endMinutes"":1260},""priorityTimes"":[],""postSlotEnabled"":true,""paymentMethodAutoAdvance"":true,""paymentMethodPolicy"":""selected_allowed"",""tablePreference"":""any"",""menuKeyword"":"""",""stopAtMs"":1784110200000,""entryMode"":""auto"",""dryRun"":false,""preOpenLeadMs"":200,""toggleIntervalMs"":100}",28,AVAILABILITY_SHADOW,trace,content,"=""1784109615928""","=""2026-07-15 19:00:15.928""","=""1784109616219.95""","=""2026-07-15 19:00:16.219""",REFRESHING_SLOTS,슬롯 응답 shadow를 IRRELEVANT로 분류했습니다.,,,,,,,,,0,,,90848.70000000298,0,11.600000008940697,90860.30000001192,,none,IRRELEVANT,,,,,,,,,,,,,,,,,,NONE,,,,false,90848.70000000298,2,body,260731,90785.90000000596,10,90848.70000000298,0,,,10,,false,,,,,,false,90860.30000001192,,untrusted_quality,,,,
run-c5d3458e-1897-43c4-a3eb-4f26238a355c,0.2.0,"=""1784109611250""","=""2026-07-15 19:00:11.250""","=""1784109669072""","=""2026-07-15 19:01:09.072""",STOPPED,132,0,https://app.catchtable.co.kr/ct/shop/yunjudang_,2026-08-01,2,"=""1784109600000""","=""2026-07-15 19:00:00.000""","=""1784110200000""","=""2026-07-15 19:10:00.000""",1020,1260,"{""targetUrl"":""https://app.catchtable.co.kr/ct/shop/yunjudang_"",""openAtMs"":1784109600000,""reservationDate"":""2026-08-01"",""personCount"":2,""timeRange"":{""startMinutes"":1020,""endMinutes"":1260},""priorityTimes"":[],""postSlotEnabled"":true,""paymentMethodAutoAdvance"":true,""paymentMethodPolicy"":""selected_allowed"",""tablePreference"":""any"",""menuKeyword"":"""",""stopAtMs"":1784110200000,""entryMode"":""auto"",""dryRun"":false,""preOpenLeadMs"":200,""toggleIntervalMs"":100}",29,DATE_TOGGLE_CYCLE,trace,content,"=""1784109616182""","=""2026-07-15 19:00:16.182""","=""1784109616473.45""","=""2026-07-15 19:00:16.473""",REFRESHING_SLOTS,날짜 토글 #6: NO_SLOT,,,,true,1784109616105.95,2026-07-31,1784109616091.5498,1784109616222.7498,,,0,,,,,,,,,,,,,,,,,,,,,,,,,,6,,0,,,,followup,,,,,,NO_SLOT,,,11,,,true,1784109616169.2498,1784109616131.5498,1784109616222.65,,,,,true,,false,live
run-c5d3458e-1897-43c4-a3eb-4f26238a355c,0.2.0,"=""1784109611250""","=""2026-07-15 19:00:11.250""","=""1784109669072""","=""2026-07-15 19:01:09.072""",STOPPED,132,0,https://app.catchtable.co.kr/ct/shop/yunjudang_,2026-08-01,2,"=""1784109600000""","=""2026-07-15 19:00:00.000""","=""1784110200000""","=""2026-07-15 19:10:00.000""",1020,1260,"{""targetUrl"":""https://app.catchtable.co.kr/ct/shop/yunjudang_"",""openAtMs"":1784109600000,""reservationDate"":""2026-08-01"",""personCount"":2,""timeRange"":{""startMinutes"":1020,""endMinutes"":1260},""priorityTimes"":[],""postSlotEnabled"":true,""paymentMethodAutoAdvance"":true,""paymentMethodPolicy"":""selected_allowed"",""tablePreference"":""any"",""menuKeyword"":"""",""stopAtMs"":1784110200000,""entryMode"":""auto"",""dryRun"":false,""preOpenLeadMs"":200,""toggleIntervalMs"":100}",30,AVAILABILITY_SHADOW,trace,content,"=""1784109616517""","=""2026-07-15 19:00:16.517""","=""1784109616808.65""","=""2026-07-15 19:00:16.808""",REFRESHING_SLOTS,슬롯 응답 shadow를 IRRELEVANT로 분류했습니다.,,,,,,,,,0,,,91440.5,0,8.5,91449,,none,IRRELEVANT,,,,,,,,,,,,,,,,,,NONE,,,,false,91440.5,2,body,260731,91380,11,91440.5,0,,,11,,false,,,,,,false,91449,,untrusted_quality,,,,
run-c5d3458e-1897-43c4-a3eb-4f26238a355c,0.2.0,"=""1784109611250""","=""2026-07-15 19:00:11.250""","=""1784109669072""","=""2026-07-15 19:01:09.072""",STOPPED,132,0,https://app.catchtable.co.kr/ct/shop/yunjudang_,2026-08-01,2,"=""1784109600000""","=""2026-07-15 19:00:00.000""","=""1784110200000""","=""2026-07-15 19:10:00.000""",1020,1260,"{""targetUrl"":""https://app.catchtable.co.kr/ct/shop/yunjudang_"",""openAtMs"":1784109600000,""reservationDate"":""2026-08-01"",""personCount"":2,""timeRange"":{""startMinutes"":1020,""endMinutes"":1260},""priorityTimes"":[],""postSlotEnabled"":true,""paymentMethodAutoAdvance"":true,""paymentMethodPolicy"":""selected_allowed"",""tablePreference"":""any"",""menuKeyword"":"""",""stopAtMs"":1784110200000,""entryMode"":""auto"",""dryRun"":false,""preOpenLeadMs"":200,""toggleIntervalMs"":100}",31,AVAILABILITY_SHADOW,trace,content,"=""1784109616580""","=""2026-07-15 19:00:16.580""","=""1784109616871.5498""","=""2026-07-15 19:00:16.871""",REFRESHING_SLOTS,슬롯 응답 shadow를 EMPTY로 분류했습니다.,,,,,,,,,0,,,91503.5,0,8.400000005960464,91511.90000000596,,none,EMPTY,,,,,,,,,,,,,,,,,cycle:6:request:12,EXACT,6,,,true,91503.5,2,body,260801,91440.90000000596,12,91503.5,200,,,12,,false,,,,,,false,91511.90000000596,,inactive_cycle,,,,
run-c5d3458e-1897-43c4-a3eb-4f26238a355c,0.2.0,"=""1784109611250""","=""2026-07-15 19:00:11.250""","=""1784109669072""","=""2026-07-15 19:01:09.072""",STOPPED,132,0,https://app.catchtable.co.kr/ct/shop/yunjudang_,2026-08-01,2,"=""1784109600000""","=""2026-07-15 19:00:00.000""","=""1784110200000""","=""2026-07-15 19:10:00.000""",1020,1260,"{""targetUrl"":""https://app.catchtable.co.kr/ct/shop/yunjudang_"",""openAtMs"":1784109600000,""reservationDate"":""2026-08-01"",""personCount"":2,""timeRange"":{""startMinutes"":1020,""endMinutes"":1260},""priorityTimes"":[],""postSlotEnabled"":true,""paymentMethodAutoAdvance"":true,""paymentMethodPolicy"":""selected_allowed"",""tablePreference"":""any"",""menuKeyword"":"""",""stopAtMs"":1784110200000,""entryMode"":""auto"",""dryRun"":false,""preOpenLeadMs"":200,""toggleIntervalMs"":100}",32,DATE_TOGGLE_CYCLE,trace,content,"=""1784109616822""","=""2026-07-15 19:00:16.822""","=""1784109617113.2498""","=""2026-07-15 19:00:17.113""",REFRESHING_SLOTS,날짜 토글 #7: NO_SLOT,,,,true,1784109616697.5498,2026-07-31,1784109616683.65,1784109616863.15,,,0,,,,,,,,,,,,,,,,,,,,,,,,,,7,,0,,,,followup,,,,,,NO_SLOT,,,14,,,true,1784109616763.45,1784109616723.65,1784109616811.2498,,,,,true,,false,live
run-c5d3458e-1897-43c4-a3eb-4f26238a355c,0.2.0,"=""1784109611250""","=""2026-07-15 19:00:11.250""","=""1784109669072""","=""2026-07-15 19:01:09.072""",STOPPED,132,0,https://app.catchtable.co.kr/ct/shop/yunjudang_,2026-08-01,2,"=""1784109600000""","=""2026-07-15 19:00:00.000""","=""1784110200000""","=""2026-07-15 19:10:00.000""",1020,1260,"{""targetUrl"":""https://app.catchtable.co.kr/ct/shop/yunjudang_"",""openAtMs"":1784109600000,""reservationDate"":""2026-08-01"",""personCount"":2,""timeRange"":{""startMinutes"":1020,""endMinutes"":1260},""priorityTimes"":[],""postSlotEnabled"":true,""paymentMethodAutoAdvance"":true,""paymentMethodPolicy"":""selected_allowed"",""tablePreference"":""any"",""menuKeyword"":"""",""stopAtMs"":1784110200000,""entryMode"":""auto"",""dryRun"":false,""preOpenLeadMs"":200,""toggleIntervalMs"":100}",33,AVAILABILITY_SHADOW,trace,content,"=""1784109617154""","=""2026-07-15 19:00:17.154""","=""1784109617445.8499""","=""2026-07-15 19:00:17.445""",REFRESHING_SLOTS,슬롯 응답 shadow를 IRRELEVANT로 분류했습니다.,,,,,,,,,0,,,92072.60000000894,0,13.599999994039536,92086.20000000298,,none,IRRELEVANT,,,,,,,,,,,,,,,,,,NONE,,,,false,92072.60000000894,2,body,260731,92012.10000000894,13,92072.60000000894,0,,,13,,false,,,,,,false,92086.20000000298,,untrusted_quality,,,,
run-c5d3458e-1897-43c4-a3eb-4f26238a355c,0.2.0,"=""1784109611250""","=""2026-07-15 19:00:11.250""","=""1784109669072""","=""2026-07-15 19:01:09.072""",STOPPED,132,0,https://app.catchtable.co.kr/ct/shop/yunjudang_,2026-08-01,2,"=""1784109600000""","=""2026-07-15 19:00:00.000""","=""1784110200000""","=""2026-07-15 19:10:00.000""",1020,1260,"{""targetUrl"":""https://app.catchtable.co.kr/ct/shop/yunjudang_"",""openAtMs"":1784109600000,""reservationDate"":""2026-08-01"",""personCount"":2,""timeRange"":{""startMinutes"":1020,""endMinutes"":1260},""priorityTimes"":[],""postSlotEnabled"":true,""paymentMethodAutoAdvance"":true,""paymentMethodPolicy"":""selected_allowed"",""tablePreference"":""any"",""menuKeyword"":"""",""stopAtMs"":1784110200000,""entryMode"":""auto"",""dryRun"":false,""preOpenLeadMs"":200,""toggleIntervalMs"":100}",34,DATE_TOGGLE_CYCLE,trace,content,"=""1784109617416""","=""2026-07-15 19:00:17.416""","=""1784109617707.2498""","=""2026-07-15 19:00:17.707""",REFRESHING_SLOTS,날짜 토글 #8: NO_SLOT,,,,true,1784109617334.15,2026-07-31,1784109617323.3499,1784109617457.15,,,0,,,,,,,,,,,,,,,,,,,,,,,,,,8,,0,,,,followup,,,,,,NO_SLOT,,,11,,,true,1784109617396.15,1784109617363.3499,1784109617451.65,,,,,true,,false,live
run-c5d3458e-1897-43c4-a3eb-4f26238a355c,0.2.0,"=""1784109611250""","=""2026-07-15 19:00:11.250""","=""1784109669072""","=""2026-07-15 19:01:09.072""",STOPPED,132,0,https://app.catchtable.co.kr/ct/shop/yunjudang_,2026-08-01,2,"=""1784109600000""","=""2026-07-15 19:00:00.000""","=""1784110200000""","=""2026-07-15 19:10:00.000""",1020,1260,"{""targetUrl"":""https://app.catchtable.co.kr/ct/shop/yunjudang_"",""openAtMs"":1784109600000,""reservationDate"":""2026-08-01"",""personCount"":2,""timeRange"":{""startMinutes"":1020,""endMinutes"":1260},""priorityTimes"":[],""postSlotEnabled"":true,""paymentMethodAutoAdvance"":true,""paymentMethodPolicy"":""selected_allowed"",""tablePreference"":""any"",""menuKeyword"":"""",""stopAtMs"":1784110200000,""entryMode"":""auto"",""dryRun"":false,""preOpenLeadMs"":200,""toggleIntervalMs"":100}",35,AVAILABILITY_SHADOW,trace,content,"=""1784109617747""","=""2026-07-15 19:00:17.747""","=""1784109618038.5498""","=""2026-07-15 19:00:18.038""",REFRESHING_SLOTS,슬롯 응답 shadow를 IRRELEVANT로 분류했습니다.,,,,,,,,,0,,,92670.70000000298,0,8.200000002980232,92678.90000000596,,none,IRRELEVANT,,,,,,,,,,,,,,,,,,NONE,,,,false,92670.70000000298,2,body,260731,92608.20000000298,14,92670.70000000298,0,,,14,,false,,,,,,false,92678.90000000596,,untrusted_quality,,,,
run-c5d3458e-1897-43c4-a3eb-4f26238a355c,0.2.0,"=""1784109611250""","=""2026-07-15 19:00:11.250""","=""1784109669072""","=""2026-07-15 19:01:09.072""",STOPPED,132,0,https://app.catchtable.co.kr/ct/shop/yunjudang_,2026-08-01,2,"=""1784109600000""","=""2026-07-15 19:00:00.000""","=""1784110200000""","=""2026-07-15 19:10:00.000""",1020,1260,"{""targetUrl"":""https://app.catchtable.co.kr/ct/shop/yunjudang_"",""openAtMs"":1784109600000,""reservationDate"":""2026-08-01"",""personCount"":2,""timeRange"":{""startMinutes"":1020,""endMinutes"":1260},""priorityTimes"":[],""postSlotEnabled"":true,""paymentMethodAutoAdvance"":true,""paymentMethodPolicy"":""selected_allowed"",""tablePreference"":""any"",""menuKeyword"":"""",""stopAtMs"":1784110200000,""entryMode"":""auto"",""dryRun"":false,""preOpenLeadMs"":200,""toggleIntervalMs"":100}",36,AVAILABILITY_SHADOW,trace,content,"=""1784109617951""","=""2026-07-15 19:00:17.951""","=""1784109618242.5498""","=""2026-07-15 19:00:18.242""",REFRESHING_SLOTS,슬롯 응답 shadow를 EMPTY로 분류했습니다.,,,,,,,,,0,,,92873.70000000298,0,9.099999994039536,92882.90000000596,,none,EMPTY,,,,,,,,,,,,,,,,,cycle:8:request:15,EXACT,8,,,true,92873.80000001192,2,body,260801,92671.20000000298,15,92873.70000000298,200,,,15,,false,,,,,,false,92882.90000000596,,inactive_cycle,,,,
run-c5d3458e-1897-43c4-a3eb-4f26238a355c,0.2.0,"=""1784109611250""","=""2026-07-15 19:00:11.250""","=""1784109669072""","=""2026-07-15 19:01:09.072""",STOPPED,132,0,https://app.catchtable.co.kr/ct/shop/yunjudang_,2026-08-01,2,"=""1784109600000""","=""2026-07-15 19:00:00.000""","=""1784110200000""","=""2026-07-15 19:10:00.000""",1020,1260,"{""targetUrl"":""https://app.catchtable.co.kr/ct/shop/yunjudang_"",""openAtMs"":1784109600000,""reservationDate"":""2026-08-01"",""personCount"":2,""timeRange"":{""startMinutes"":1020,""endMinutes"":1260},""priorityTimes"":[],""postSlotEnabled"":true,""paymentMethodAutoAdvance"":true,""paymentMethodPolicy"":""selected_allowed"",""tablePreference"":""any"",""menuKeyword"":"""",""stopAtMs"":1784110200000,""entryMode"":""auto"",""dryRun"":false,""preOpenLeadMs"":200,""toggleIntervalMs"":100}",37,DATE_TOGGLE_CYCLE,trace,content,"=""1784109618192""","=""2026-07-15 19:00:18.192""","=""1784109618483.5498""","=""2026-07-15 19:00:18.483""",REFRESHING_SLOTS,날짜 토글 #9: NO_SLOT,,,,true,1784109617931.65,2026-07-31,1784109617917.3499,1784109618233.5498,,,0,,,,,,,,,,,,,,,,,,,,,,,,,,9,,0,,,,followup,,,,,,NO_SLOT,,,19,,,true,1784109617994.45,1784109617957.3499,1784109618041.15,,,,,true,,false,live
run-c5d3458e-1897-43c4-a3eb-4f26238a355c,0.2.0,"=""1784109611250""","=""2026-07-15 19:00:11.250""","=""1784109669072""","=""2026-07-15 19:01:09.072""",STOPPED,132,0,https://app.catchtable.co.kr/ct/shop/yunjudang_,2026-08-01,2,"=""1784109600000""","=""2026-07-15 19:00:00.000""","=""1784110200000""","=""2026-07-15 19:10:00.000""",1020,1260,"{""targetUrl"":""https://app.catchtable.co.kr/ct/shop/yunjudang_"",""openAtMs"":1784109600000,""reservationDate"":""2026-08-01"",""personCount"":2,""timeRange"":{""startMinutes"":1020,""endMinutes"":1260},""priorityTimes"":[],""postSlotEnabled"":true,""paymentMethodAutoAdvance"":true,""paymentMethodPolicy"":""selected_allowed"",""tablePreference"":""any"",""menuKeyword"":"""",""stopAtMs"":1784110200000,""entryMode"":""auto"",""dryRun"":false,""preOpenLeadMs"":200,""toggleIntervalMs"":100}",38,AVAILABILITY_SHADOW,trace,content,"=""1784109618534""","=""2026-07-15 19:00:18.534""","=""1784109618825.5498""","=""2026-07-15 19:00:18.825""",REFRESHING_SLOTS,슬롯 응답 shadow를 IRRELEVANT로 분류했습니다.,,,,,,,,,0,,,93453.30000001192,0,12.599999994039536,93465.90000000596,,none,IRRELEVANT,,,,,,,,,,,,,,,,,,NONE,,,,false,93453.30000001192,2,body,260731,93390.10000000894,16,93453.30000001192,0,,,16,,false,,,,,,false,93465.90000000596,,untrusted_quality,,,,
run-c5d3458e-1897-43c4-a3eb-4f26238a355c,0.2.0,"=""1784109611250""","=""2026-07-15 19:00:11.250""","=""1784109669072""","=""2026-07-15 19:01:09.072""",STOPPED,132,0,https://app.catchtable.co.kr/ct/shop/yunjudang_,2026-08-01,2,"=""1784109600000""","=""2026-07-15 19:00:00.000""","=""1784110200000""","=""2026-07-15 19:10:00.000""",1020,1260,"{""targetUrl"":""https://app.catchtable.co.kr/ct/shop/yunjudang_"",""openAtMs"":1784109600000,""reservationDate"":""2026-08-01"",""personCount"":2,""timeRange"":{""startMinutes"":1020,""endMinutes"":1260},""priorityTimes"":[],""postSlotEnabled"":true,""paymentMethodAutoAdvance"":true,""paymentMethodPolicy"":""selected_allowed"",""tablePreference"":""any"",""menuKeyword"":"""",""stopAtMs"":1784110200000,""entryMode"":""auto"",""dryRun"":false,""preOpenLeadMs"":200,""toggleIntervalMs"":100}",39,DATE_TOGGLE_CYCLE,trace,content,"=""1784109618792""","=""2026-07-15 19:00:18.792""","=""1784109619083.2498""","=""2026-07-15 19:00:19.083""",REFRESHING_SLOTS,날짜 토글 #10: NO_SLOT,,,,true,1784109618709.8499,2026-07-31,1784109618693.5498,1784109618832.95,,,0,,,,,,,,,,,,,,,,,,,,,,,,,,10,,0,,,,followup,,,,,,NO_SLOT,,,11,,,true,1784109618772.0498,1784109618733.5498,1784109618832.5498,,,,,true,,false,live
run-c5d3458e-1897-43c4-a3eb-4f26238a355c,0.2.0,"=""1784109611250""","=""2026-07-15 19:00:11.250""","=""1784109669072""","=""2026-07-15 19:01:09.072""",STOPPED,132,0,https://app.catchtable.co.kr/ct/shop/yunjudang_,2026-08-01,2,"=""1784109600000""","=""2026-07-15 19:00:00.000""","=""1784110200000""","=""2026-07-15 19:10:00.000""",1020,1260,"{""targetUrl"":""https://app.catchtable.co.kr/ct/shop/yunjudang_"",""openAtMs"":1784109600000,""reservationDate"":""2026-08-01"",""personCount"":2,""timeRange"":{""startMinutes"":1020,""endMinutes"":1260},""priorityTimes"":[],""postSlotEnabled"":true,""paymentMethodAutoAdvance"":true,""paymentMethodPolicy"":""selected_allowed"",""tablePreference"":""any"",""menuKeyword"":"""",""stopAtMs"":1784110200000,""entryMode"":""auto"",""dryRun"":false,""preOpenLeadMs"":200,""toggleIntervalMs"":100}",40,AVAILABILITY_SHADOW,trace,content,"=""1784109619118""","=""2026-07-15 19:00:19.118""","=""1784109619409.3499""","=""2026-07-15 19:00:19.409""",REFRESHING_SLOTS,슬롯 응답 shadow를 IRRELEVANT로 분류했습니다.,,,,,,,,,0,,,94041.70000000298,0,8,94049.70000000298,,none,IRRELEVANT,,,,,,,,,,,,,,,,,,NONE,,,,false,94041.70000000298,2,body,260731,93984.80000001192,17,94041.70000000298,0,,,17,,false,,,,,,false,94049.70000000298,,untrusted_quality,,,,
run-c5d3458e-1897-43c4-a3eb-4f26238a355c,0.2.0,"=""1784109611250""","=""2026-07-15 19:00:11.250""","=""1784109669072""","=""2026-07-15 19:01:09.072""",STOPPED,132,0,https://app.catchtable.co.kr/ct/shop/yunjudang_,2026-08-01,2,"=""1784109600000""","=""2026-07-15 19:00:00.000""","=""1784110200000""","=""2026-07-15 19:10:00.000""",1020,1260,"{""targetUrl"":""https://app.catchtable.co.kr/ct/shop/yunjudang_"",""openAtMs"":1784109600000,""reservationDate"":""2026-08-01"",""personCount"":2,""timeRange"":{""startMinutes"":1020,""endMinutes"":1260},""priorityTimes"":[],""postSlotEnabled"":true,""paymentMethodAutoAdvance"":true,""paymentMethodPolicy"":""selected_allowed"",""tablePreference"":""any"",""menuKeyword"":"""",""stopAtMs"":1784110200000,""entryMode"":""auto"",""dryRun"":false,""preOpenLeadMs"":200,""toggleIntervalMs"":100}",41,AVAILABILITY_SHADOW,trace,content,"=""1784109619223""","=""2026-07-15 19:00:19.223""","=""1784109619514.15""","=""2026-07-15 19:00:19.514""",REFRESHING_SLOTS,슬롯 응답 shadow를 EMPTY로 분류했습니다.,,,,,,,,,0,,,94146.60000000894,0,7.899999991059303,94154.5,,none,EMPTY,,,,,,,,,,,,,,,,,cycle:10:request:18,EXACT,10,,,true,94146.60000000894,2,body,260801,94042.20000000298,18,94146.60000000894,200,,,18,,false,,,,,,false,94154.5,,inactive_cycle,,,,
run-c5d3458e-1897-43c4-a3eb-4f26238a355c,0.2.0,"=""1784109611250""","=""2026-07-15 19:00:11.250""","=""1784109669072""","=""2026-07-15 19:01:09.072""",STOPPED,132,0,https://app.catchtable.co.kr/ct/shop/yunjudang_,2026-08-01,2,"=""1784109600000""","=""2026-07-15 19:00:00.000""","=""1784110200000""","=""2026-07-15 19:10:00.000""",1020,1260,"{""targetUrl"":""https://app.catchtable.co.kr/ct/shop/yunjudang_"",""openAtMs"":1784109600000,""reservationDate"":""2026-08-01"",""personCount"":2,""timeRange"":{""startMinutes"":1020,""endMinutes"":1260},""priorityTimes"":[],""postSlotEnabled"":true,""paymentMethodAutoAdvance"":true,""paymentMethodPolicy"":""selected_allowed"",""tablePreference"":""any"",""menuKeyword"":"""",""stopAtMs"":1784110200000,""entryMode"":""auto"",""dryRun"":false,""preOpenLeadMs"":200,""toggleIntervalMs"":100}",42,DATE_TOGGLE_CYCLE,trace,content,"=""1784109619465""","=""2026-07-15 19:00:19.465""","=""1784109619756.7498""","=""2026-07-15 19:00:19.756""",REFRESHING_SLOTS,날짜 토글 #11: NO_SLOT,,,,true,1784109619306.0498,2026-07-31,1784109619293.2498,1784109619506.45,,,0,,,,,,,,,,,,,,,,,,,,,,,,,,11,,0,,,,followup,,,,,,NO_SLOT,,,15,,,true,1784109619366.65,1784109619333.2498,1784109619415.7498,,,,,true,,false,live
run-c5d3458e-1897-43c4-a3eb-4f26238a355c,0.2.0,"=""1784109611250""","=""2026-07-15 19:00:11.250""","=""1784109669072""","=""2026-07-15 19:01:09.072""",STOPPED,132,0,https://app.catchtable.co.kr/ct/shop/yunjudang_,2026-08-01,2,"=""1784109600000""","=""2026-07-15 19:00:00.000""","=""1784110200000""","=""2026-07-15 19:10:00.000""",1020,1260,"{""targetUrl"":""https://app.catchtable.co.kr/ct/shop/yunjudang_"",""openAtMs"":1784109600000,""reservationDate"":""2026-08-01"",""personCount"":2,""timeRange"":{""startMinutes"":1020,""endMinutes"":1260},""priorityTimes"":[],""postSlotEnabled"":true,""paymentMethodAutoAdvance"":true,""paymentMethodPolicy"":""selected_allowed"",""tablePreference"":""any"",""menuKeyword"":"""",""stopAtMs"":1784110200000,""entryMode"":""auto"",""dryRun"":false,""preOpenLeadMs"":200,""toggleIntervalMs"":100}",43,AVAILABILITY_SHADOW,trace,content,"=""1784109619800""","=""2026-07-15 19:00:19.800""","=""1784109620092.0498""","=""2026-07-15 19:00:20.092""",REFRESHING_SLOTS,슬롯 응답 shadow를 IRRELEVANT로 분류했습니다.,,,,,,,,,0,,,94720.20000000298,0,12.200000002980232,94732.40000000596,,none,IRRELEVANT,,,,,,,,,,,,,,,,,,NONE,,,,false,94720.20000000298,2,body,260731,94659.20000000298,19,94720.20000000298,0,,,19,,false,,,,,,false,94732.40000000596,,untrusted_quality,,,,
run-c5d3458e-1897-43c4-a3eb-4f26238a355c,0.2.0,"=""1784109611250""","=""2026-07-15 19:00:11.250""","=""1784109669072""","=""2026-07-15 19:01:09.072""",STOPPED,132,0,https://app.catchtable.co.kr/ct/shop/yunjudang_,2026-08-01,2,"=""1784109600000""","=""2026-07-15 19:00:00.000""","=""1784110200000""","=""2026-07-15 19:10:00.000""",1020,1260,"{""targetUrl"":""https://app.catchtable.co.kr/ct/shop/yunjudang_"",""openAtMs"":1784109600000,""reservationDate"":""2026-08-01"",""personCount"":2,""timeRange"":{""startMinutes"":1020,""endMinutes"":1260},""priorityTimes"":[],""postSlotEnabled"":true,""paymentMethodAutoAdvance"":true,""paymentMethodPolicy"":""selected_allowed"",""tablePreference"":""any"",""menuKeyword"":"""",""stopAtMs"":1784110200000,""entryMode"":""auto"",""dryRun"":false,""preOpenLeadMs"":200,""toggleIntervalMs"":100}",44,DATE_TOGGLE_CYCLE,trace,content,"=""1784109620063""","=""2026-07-15 19:00:20.063""","=""1784109620354.8499""","=""2026-07-15 19:00:20.354""",REFRESHING_SLOTS,날짜 토글 #12: NO_SLOT,,,,true,1784109619982.0498,2026-07-31,1784109619966.7498,1784109620102.2498,,,0,,,,,,,,,,,,,,,,,,,,,,,,,,12,,0,,,,followup,,,,,,NO_SLOT,,,11,,,true,1784109620043.15,1784109620006.7498,1784109620098.3499,,,,,true,,false,live
run-c5d3458e-1897-43c4-a3eb-4f26238a355c,0.2.0,"=""1784109611250""","=""2026-07-15 19:00:11.250""","=""1784109669072""","=""2026-07-15 19:01:09.072""",STOPPED,132,0,https://app.catchtable.co.kr/ct/shop/yunjudang_,2026-08-01,2,"=""1784109600000""","=""2026-07-15 19:00:00.000""","=""1784110200000""","=""2026-07-15 19:10:00.000""",1020,1260,"{""targetUrl"":""https://app.catchtable.co.kr/ct/shop/yunjudang_"",""openAtMs"":1784109600000,""reservationDate"":""2026-08-01"",""personCount"":2,""timeRange"":{""startMinutes"":1020,""endMinutes"":1260},""priorityTimes"":[],""postSlotEnabled"":true,""paymentMethodAutoAdvance"":true,""paymentMethodPolicy"":""selected_allowed"",""tablePreference"":""any"",""menuKeyword"":"""",""stopAtMs"":1784110200000,""entryMode"":""auto"",""dryRun"":false,""preOpenLeadMs"":200,""toggleIntervalMs"":100}",45,AVAILABILITY_SHADOW,trace,content,"=""1784109620392""","=""2026-07-15 19:00:20.392""","=""1784109620683.8499""","=""2026-07-15 19:00:20.683""",REFRESHING_SLOTS,슬롯 응답 shadow를 IRRELEVANT로 분류했습니다.,,,,,,,,,0,,,95318.20000000298,0,6,95324.20000000298,,none,IRRELEVANT,,,,,,,,,,,,,,,,,,NONE,,,,false,95318.20000000298,2,body,260731,95258.70000000298,20,95318.20000000298,0,,,20,,false,,,,,,false,95324.20000000298,,untrusted_quality,,,,
run-c5d3458e-1897-43c4-a3eb-4f26238a355c,0.2.0,"=""1784109611250""","=""2026-07-15 19:00:11.250""","=""1784109669072""","=""2026-07-15 19:01:09.072""",STOPPED,132,0,https://app.catchtable.co.kr/ct/shop/yunjudang_,2026-08-01,2,"=""1784109600000""","=""2026-07-15 19:00:00.000""","=""1784110200000""","=""2026-07-15 19:10:00.000""",1020,1260,"{""targetUrl"":""https://app.catchtable.co.kr/ct/shop/yunjudang_"",""openAtMs"":1784109600000,""reservationDate"":""2026-08-01"",""personCount"":2,""timeRange"":{""startMinutes"":1020,""endMinutes"":1260},""priorityTimes"":[],""postSlotEnabled"":true,""paymentMethodAutoAdvance"":true,""paymentMethodPolicy"":""selected_allowed"",""tablePreference"":""any"",""menuKeyword"":"""",""stopAtMs"":1784110200000,""entryMode"":""auto"",""dryRun"":false,""preOpenLeadMs"":200,""toggleIntervalMs"":100}",46,AVAILABILITY_SHADOW,trace,content,"=""1784109620484""","=""2026-07-15 19:00:20.484""","=""1784109620775.65""","=""2026-07-15 19:00:20.775""",REFRESHING_SLOTS,슬롯 응답 shadow를 EMPTY로 분류했습니다.,,,,,,,,,0,,,95407.20000000298,0,8.699999988079071,95416,,none,EMPTY,,,,,,,,,,,,,,,,,cycle:12:request:21,EXACT,12,,,true,95407.30000001192,2,body,260801,95318.70000000298,21,95407.20000000298,200,,,21,,false,,,,,,false,95416,,inactive_cycle,,,,
run-c5d3458e-1897-43c4-a3eb-4f26238a355c,0.2.0,"=""1784109611250""","=""2026-07-15 19:00:11.250""","=""1784109669072""","=""2026-07-15 19:01:09.072""",STOPPED,132,0,https://app.catchtable.co.kr/ct/shop/yunjudang_,2026-08-01,2,"=""1784109600000""","=""2026-07-15 19:00:00.000""","=""1784110200000""","=""2026-07-15 19:10:00.000""",1020,1260,"{""targetUrl"":""https://app.catchtable.co.kr/ct/shop/yunjudang_"",""openAtMs"":1784109600000,""reservationDate"":""2026-08-01"",""personCount"":2,""timeRange"":{""startMinutes"":1020,""endMinutes"":1260},""priorityTimes"":[],""postSlotEnabled"":true,""paymentMethodAutoAdvance"":true,""paymentMethodPolicy"":""selected_allowed"",""tablePreference"":""any"",""menuKeyword"":"""",""stopAtMs"":1784110200000,""entryMode"":""auto"",""dryRun"":false,""preOpenLeadMs"":200,""toggleIntervalMs"":100}",47,DATE_TOGGLE_CYCLE,trace,content,"=""1784109620730""","=""2026-07-15 19:00:20.730""","=""1784109621021.45""","=""2026-07-15 19:00:21.021""",REFRESHING_SLOTS,날짜 토글 #13: NO_SLOT,,,,true,1784109620579.95,2026-07-31,1784109620564.95,1784109620767.0498,,,0,,,,,,,,,,,,,,,,,,,,,,,,,,13,,0,,,,followup,,,,,,NO_SLOT,,,14,,,true,1784109620642.2498,1784109620604.95,1784109620690.7498,,,,,true,,false,live
run-c5d3458e-1897-43c4-a3eb-4f26238a355c,0.2.0,"=""1784109611250""","=""2026-07-15 19:00:11.250""","=""1784109669072""","=""2026-07-15 19:01:09.072""",STOPPED,132,0,https://app.catchtable.co.kr/ct/shop/yunjudang_,2026-08-01,2,"=""1784109600000""","=""2026-07-15 19:00:00.000""","=""1784110200000""","=""2026-07-15 19:10:00.000""",1020,1260,"{""targetUrl"":""https://app.catchtable.co.kr/ct/shop/yunjudang_"",""openAtMs"":1784109600000,""reservationDate"":""2026-08-01"",""personCount"":2,""timeRange"":{""startMinutes"":1020,""endMinutes"":1260},""priorityTimes"":[],""postSlotEnabled"":true,""paymentMethodAutoAdvance"":true,""paymentMethodPolicy"":""selected_allowed"",""tablePreference"":""any"",""menuKeyword"":"""",""stopAtMs"":1784110200000,""entryMode"":""auto"",""dryRun"":false,""preOpenLeadMs"":200,""toggleIntervalMs"":100}",48,AVAILABILITY_SHADOW,trace,content,"=""1784109621072""","=""2026-07-15 19:00:21.072""","=""1784109621363.2498""","=""2026-07-15 19:00:21.363""",REFRESHING_SLOTS,슬롯 응답 shadow를 IRRELEVANT로 분류했습니다.,,,,,,,,,0,,,95989.20000000298,0,14.299999997019768,96003.5,,none,IRRELEVANT,,,,,,,,,,,,,,,,,,NONE,,,,false,95989.20000000298,2,body,260731,95925.70000000298,22,95989.20000000298,0,,,22,,false,,,,,,false,96003.5,,untrusted_quality,,,,
run-c5d3458e-1897-43c4-a3eb-4f26238a355c,0.2.0,"=""1784109611250""","=""2026-07-15 19:00:11.250""","=""1784109669072""","=""2026-07-15 19:01:09.072""",STOPPED,132,0,https://app.catchtable.co.kr/ct/shop/yunjudang_,2026-08-01,2,"=""1784109600000""","=""2026-07-15 19:00:00.000""","=""1784110200000""","=""2026-07-15 19:10:00.000""",1020,1260,"{""targetUrl"":""https://app.catchtable.co.kr/ct/shop/yunjudang_"",""openAtMs"":1784109600000,""reservationDate"":""2026-08-01"",""personCount"":2,""timeRange"":{""startMinutes"":1020,""endMinutes"":1260},""priorityTimes"":[],""postSlotEnabled"":true,""paymentMethodAutoAdvance"":true,""paymentMethodPolicy"":""selected_allowed"",""tablePreference"":""any"",""menuKeyword"":"""",""stopAtMs"":1784110200000,""entryMode"":""auto"",""dryRun"":false,""preOpenLeadMs"":200,""toggleIntervalMs"":100}",49,DATE_TOGGLE_CYCLE,trace,content,"=""1784109621334""","=""2026-07-15 19:00:21.334""","=""1784109621625.2498""","=""2026-07-15 19:00:21.625""",REFRESHING_SLOTS,날짜 토글 #14: NO_SLOT,,,,true,1784109621247.2498,2026-07-31,1784109621231.45,1784109621374.15,,,0,,,,,,,,,,,,,,,,,,,,,,,,,,14,,0,,,,followup,,,,,,NO_SLOT,,,11,,,true,1784109621312.8499,1784109621271.45,1784109621373.7498,,,,,true,,false,live
run-c5d3458e-1897-43c4-a3eb-4f26238a355c,0.2.0,"=""1784109611250""","=""2026-07-15 19:00:11.250""","=""1784109669072""","=""2026-07-15 19:01:09.072""",STOPPED,132,0,https://app.catchtable.co.kr/ct/shop/yunjudang_,2026-08-01,2,"=""1784109600000""","=""2026-07-15 19:00:00.000""","=""1784110200000""","=""2026-07-15 19:10:00.000""",1020,1260,"{""targetUrl"":""https://app.catchtable.co.kr/ct/shop/yunjudang_"",""openAtMs"":1784109600000,""reservationDate"":""2026-08-01"",""personCount"":2,""timeRange"":{""startMinutes"":1020,""endMinutes"":1260},""priorityTimes"":[],""postSlotEnabled"":true,""paymentMethodAutoAdvance"":true,""paymentMethodPolicy"":""selected_allowed"",""tablePreference"":""any"",""menuKeyword"":"""",""stopAtMs"":1784110200000,""entryMode"":""auto"",""dryRun"":false,""preOpenLeadMs"":200,""toggleIntervalMs"":100}",50,AVAILABILITY_SHADOW,trace,content,"=""1784109621666""","=""2026-07-15 19:00:21.666""","=""1784109621957.7498""","=""2026-07-15 19:00:21.957""",REFRESHING_SLOTS,슬롯 응답 shadow를 IRRELEVANT로 분류했습니다.,,,,,,,,,0,,,96589,0,9.100000008940697,96598.10000000894,,none,IRRELEVANT,,,,,,,,,,,,,,,,,,NONE,,,,false,96589,2,body,260731,96525.5,23,96589,0,,,23,,false,,,,,,false,96598.10000000894,,untrusted_quality,,,,
run-c5d3458e-1897-43c4-a3eb-4f26238a355c,0.2.0,"=""1784109611250""","=""2026-07-15 19:00:11.250""","=""1784109669072""","=""2026-07-15 19:01:09.072""",STOPPED,132,0,https://app.catchtable.co.kr/ct/shop/yunjudang_,2026-08-01,2,"=""1784109600000""","=""2026-07-15 19:00:00.000""","=""1784110200000""","=""2026-07-15 19:10:00.000""",1020,1260,"{""targetUrl"":""https://app.catchtable.co.kr/ct/shop/yunjudang_"",""openAtMs"":1784109600000,""reservationDate"":""2026-08-01"",""personCount"":2,""timeRange"":{""startMinutes"":1020,""endMinutes"":1260},""priorityTimes"":[],""postSlotEnabled"":true,""paymentMethodAutoAdvance"":true,""paymentMethodPolicy"":""selected_allowed"",""tablePreference"":""any"",""menuKeyword"":"""",""stopAtMs"":1784110200000,""entryMode"":""auto"",""dryRun"":false,""preOpenLeadMs"":200,""toggleIntervalMs"":100}",51,AVAILABILITY_SHADOW,trace,content,"=""1784109621759""","=""2026-07-15 19:00:21.759""","=""1784109622050.65""","=""2026-07-15 19:00:22.050""",REFRESHING_SLOTS,슬롯 응답 shadow를 EMPTY로 분류했습니다.,,,,,,,,,0,,,96683.90000000596,0.09999999403953552,7,96690.90000000596,,none,EMPTY,,,,,,,,,,,,,,,,,cycle:14:request:24,EXACT,14,,,true,96683.90000000596,2,body,260801,96589.90000000596,24,96683.90000000596,200,,,24,,false,,,,,,false,96691,,inactive_cycle,,,,
run-c5d3458e-1897-43c4-a3eb-4f26238a355c,0.2.0,"=""1784109611250""","=""2026-07-15 19:00:11.250""","=""1784109669072""","=""2026-07-15 19:01:09.072""",STOPPED,132,0,https://app.catchtable.co.kr/ct/shop/yunjudang_,2026-08-01,2,"=""1784109600000""","=""2026-07-15 19:00:00.000""","=""1784110200000""","=""2026-07-15 19:10:00.000""",1020,1260,"{""targetUrl"":""https://app.catchtable.co.kr/ct/shop/yunjudang_"",""openAtMs"":1784109600000,""reservationDate"":""2026-08-01"",""personCount"":2,""timeRange"":{""startMinutes"":1020,""endMinutes"":1260},""priorityTimes"":[],""postSlotEnabled"":true,""paymentMethodAutoAdvance"":true,""paymentMethodPolicy"":""selected_allowed"",""tablePreference"":""any"",""menuKeyword"":"""",""stopAtMs"":1784110200000,""entryMode"":""auto"",""dryRun"":false,""preOpenLeadMs"":200,""toggleIntervalMs"":100}",52,DATE_TOGGLE_CYCLE,trace,content,"=""1784109622002""","=""2026-07-15 19:00:22.002""","=""1784109622293.8499""","=""2026-07-15 19:00:22.293""",REFRESHING_SLOTS,날짜 토글 #15: NO_SLOT,,,,true,1784109621846.2498,2026-07-31,1784109621835.3499,1784109622043.65,,,0,,,,,,,,,,,,,,,,,,,,,,,,,,15,,0,,,,followup,,,,,,NO_SLOT,,,14,,,true,1784109621909.65,1784109621875.3499,1784109621964.95,,,,,true,,false,live
run-c5d3458e-1897-43c4-a3eb-4f26238a355c,0.2.0,"=""1784109611250""","=""2026-07-15 19:00:11.250""","=""1784109669072""","=""2026-07-15 19:01:09.072""",STOPPED,132,0,https://app.catchtable.co.kr/ct/shop/yunjudang_,2026-08-01,2,"=""1784109600000""","=""2026-07-15 19:00:00.000""","=""1784110200000""","=""2026-07-15 19:10:00.000""",1020,1260,"{""targetUrl"":""https://app.catchtable.co.kr/ct/shop/yunjudang_"",""openAtMs"":1784109600000,""reservationDate"":""2026-08-01"",""personCount"":2,""timeRange"":{""startMinutes"":1020,""endMinutes"":1260},""priorityTimes"":[],""postSlotEnabled"":true,""paymentMethodAutoAdvance"":true,""paymentMethodPolicy"":""selected_allowed"",""tablePreference"":""any"",""menuKeyword"":"""",""stopAtMs"":1784110200000,""entryMode"":""auto"",""dryRun"":false,""preOpenLeadMs"":200,""toggleIntervalMs"":100}",53,AVAILABILITY_SHADOW,trace,content,"=""1784109622338""","=""2026-07-15 19:00:22.338""","=""1784109622629.7498""","=""2026-07-15 19:00:22.629""",REFRESHING_SLOTS,슬롯 응답 shadow를 IRRELEVANT로 분류했습니다.,,,,,,,,,0,,,97255.80000001192,0,14.299999997019768,97270.10000000894,,none,IRRELEVANT,,,,,,,,,,,,,,,,,,NONE,,,,false,97255.80000001192,2,body,260731,97191.20000000298,25,97255.80000001192,0,,,25,,false,,,,,,false,97270.10000000894,,untrusted_quality,,,,
run-c5d3458e-1897-43c4-a3eb-4f26238a355c,0.2.0,"=""1784109611250""","=""2026-07-15 19:00:11.250""","=""1784109669072""","=""2026-07-15 19:01:09.072""",STOPPED,132,0,https://app.catchtable.co.kr/ct/shop/yunjudang_,2026-08-01,2,"=""1784109600000""","=""2026-07-15 19:00:00.000""","=""1784110200000""","=""2026-07-15 19:10:00.000""",1020,1260,"{""targetUrl"":""https://app.catchtable.co.kr/ct/shop/yunjudang_"",""openAtMs"":1784109600000,""reservationDate"":""2026-08-01"",""personCount"":2,""timeRange"":{""startMinutes"":1020,""endMinutes"":1260},""priorityTimes"":[],""postSlotEnabled"":true,""paymentMethodAutoAdvance"":true,""paymentMethodPolicy"":""selected_allowed"",""tablePreference"":""any"",""menuKeyword"":"""",""stopAtMs"":1784110200000,""entryMode"":""auto"",""dryRun"":false,""preOpenLeadMs"":200,""toggleIntervalMs"":100}",54,DATE_TOGGLE_CYCLE,trace,content,"=""1784109622600""","=""2026-07-15 19:00:22.600""","=""1784109622892.0498""","=""2026-07-15 19:00:22.892""",REFRESHING_SLOTS,날짜 토글 #16: NO_SLOT,,,,true,1784109622514.7498,2026-07-31,1784109622503.8499,1784109622641.2498,,,0,,,,,,,,,,,,,,,,,,,,,,,,,,16,,0,,,,followup,,,,,,NO_SLOT,,,11,,,true,1784109622574.5498,1784109622543.8499,1784109622635.65,,,,,true,,false,live
run-c5d3458e-1897-43c4-a3eb-4f26238a355c,0.2.0,"=""1784109611250""","=""2026-07-15 19:00:11.250""","=""1784109669072""","=""2026-07-15 19:01:09.072""",STOPPED,132,0,https://app.catchtable.co.kr/ct/shop/yunjudang_,2026-08-01,2,"=""1784109600000""","=""2026-07-15 19:00:00.000""","=""1784110200000""","=""2026-07-15 19:10:00.000""",1020,1260,"{""targetUrl"":""https://app.catchtable.co.kr/ct/shop/yunjudang_"",""openAtMs"":1784109600000,""reservationDate"":""2026-08-01"",""personCount"":2,""timeRange"":{""startMinutes"":1020,""endMinutes"":1260},""priorityTimes"":[],""postSlotEnabled"":true,""paymentMethodAutoAdvance"":true,""paymentMethodPolicy"":""selected_allowed"",""tablePreference"":""any"",""menuKeyword"":"""",""stopAtMs"":1784110200000,""entryMode"":""auto"",""dryRun"":false,""preOpenLeadMs"":200,""toggleIntervalMs"":100}",55,AVAILABILITY_SHADOW,trace,content,"=""1784109622935""","=""2026-07-15 19:00:22.935""","=""1784109623226.15""","=""2026-07-15 19:00:23.226""",REFRESHING_SLOTS,슬롯 응답 shadow를 IRRELEVANT로 분류했습니다.,,,,,,,,,0,,,97858.30000001192,0,8.199999988079071,97866.5,,none,IRRELEVANT,,,,,,,,,,,,,,,,,,NONE,,,,false,97858.30000001192,2,body,260731,97790.80000001192,26,97858.30000001192,0,,,26,,false,,,,,,false,97866.5,,untrusted_quality,,,,
run-c5d3458e-1897-43c4-a3eb-4f26238a355c,0.2.0,"=""1784109611250""","=""2026-07-15 19:00:11.250""","=""1784109669072""","=""2026-07-15 19:01:09.072""",STOPPED,132,0,https://app.catchtable.co.kr/ct/shop/yunjudang_,2026-08-01,2,"=""1784109600000""","=""2026-07-15 19:00:00.000""","=""1784110200000""","=""2026-07-15 19:10:00.000""",1020,1260,"{""targetUrl"":""https://app.catchtable.co.kr/ct/shop/yunjudang_"",""openAtMs"":1784109600000,""reservationDate"":""2026-08-01"",""personCount"":2,""timeRange"":{""startMinutes"":1020,""endMinutes"":1260},""priorityTimes"":[],""postSlotEnabled"":true,""paymentMethodAutoAdvance"":true,""paymentMethodPolicy"":""selected_allowed"",""tablePreference"":""any"",""menuKeyword"":"""",""stopAtMs"":1784110200000,""entryMode"":""auto"",""dryRun"":false,""preOpenLeadMs"":200,""toggleIntervalMs"":100}",56,AVAILABILITY_SHADOW,trace,content,"=""1784109623024""","=""2026-07-15 19:00:23.024""","=""1784109623315.45""","=""2026-07-15 19:00:23.315""",REFRESHING_SLOTS,슬롯 응답 shadow를 EMPTY로 분류했습니다.,,,,,,,,,0,,,97949.20000000298,0,6.600000008940697,97955.80000001192,,none,EMPTY,,,,,,,,,,,,,,,,,cycle:16:request:27,EXACT,16,,,true,97949.20000000298,2,body,260801,97858.90000000596,27,97949.20000000298,200,,,27,,false,,,,,,false,97955.80000001192,,inactive_cycle,,,,
run-c5d3458e-1897-43c4-a3eb-4f26238a355c,0.2.0,"=""1784109611250""","=""2026-07-15 19:00:11.250""","=""1784109669072""","=""2026-07-15 19:01:09.072""",STOPPED,132,0,https://app.catchtable.co.kr/ct/shop/yunjudang_,2026-08-01,2,"=""1784109600000""","=""2026-07-15 19:00:00.000""","=""1784110200000""","=""2026-07-15 19:10:00.000""",1020,1260,"{""targetUrl"":""https://app.catchtable.co.kr/ct/shop/yunjudang_"",""openAtMs"":1784109600000,""reservationDate"":""2026-08-01"",""personCount"":2,""timeRange"":{""startMinutes"":1020,""endMinutes"":1260},""priorityTimes"":[],""postSlotEnabled"":true,""paymentMethodAutoAdvance"":true,""paymentMethodPolicy"":""selected_allowed"",""tablePreference"":""any"",""menuKeyword"":"""",""stopAtMs"":1784110200000,""entryMode"":""auto"",""dryRun"":false,""preOpenLeadMs"":200,""toggleIntervalMs"":100}",57,DATE_TOGGLE_CYCLE,trace,content,"=""1784109623268""","=""2026-07-15 19:00:23.268""","=""1784109623560.0498""","=""2026-07-15 19:00:23.560""",REFRESHING_SLOTS,날짜 토글 #17: NO_SLOT,,,,true,1784109623115.7498,2026-07-31,1784109623102.15,1784109623308.95,,,0,,,,,,,,,,,,,,,,,,,,,,,,,,17,,0,,,,followup,,,,,,NO_SLOT,,,14,,,true,1784109623173.8499,1784109623142.15,1784109623233.15,,,,,true,,false,live
run-c5d3458e-1897-43c4-a3eb-4f26238a355c,0.2.0,"=""1784109611250""","=""2026-07-15 19:00:11.250""","=""1784109669072""","=""2026-07-15 19:01:09.072""",STOPPED,132,0,https://app.catchtable.co.kr/ct/shop/yunjudang_,2026-08-01,2,"=""1784109600000""","=""2026-07-15 19:00:00.000""","=""1784110200000""","=""2026-07-15 19:10:00.000""",1020,1260,"{""targetUrl"":""https://app.catchtable.co.kr/ct/shop/yunjudang_"",""openAtMs"":1784109600000,""reservationDate"":""2026-08-01"",""personCount"":2,""timeRange"":{""startMinutes"":1020,""endMinutes"":1260},""priorityTimes"":[],""postSlotEnabled"":true,""paymentMethodAutoAdvance"":true,""paymentMethodPolicy"":""selected_allowed"",""tablePreference"":""any"",""menuKeyword"":"""",""stopAtMs"":1784110200000,""entryMode"":""auto"",""dryRun"":false,""preOpenLeadMs"":200,""toggleIntervalMs"":100}",58,AVAILABILITY_SHADOW,trace,content,"=""1784109623592""","=""2026-07-15 19:00:23.592""","=""1784109623884.15""","=""2026-07-15 19:00:23.884""",REFRESHING_SLOTS,슬롯 응답 shadow를 IRRELEVANT로 분류했습니다.,,,,,,,,,0,,,98513.40000000596,0,11.099999994039536,98524.5,,none,IRRELEVANT,,,,,,,,,,,,,,,,,,NONE,,,,false,98513.40000000596,2,body,260731,98453.70000000298,28,98513.40000000596,0,,,28,,false,,,,,,false,98524.5,,untrusted_quality,,,,
run-c5d3458e-1897-43c4-a3eb-4f26238a355c,0.2.0,"=""1784109611250""","=""2026-07-15 19:00:11.250""","=""1784109669072""","=""2026-07-15 19:01:09.072""",STOPPED,132,0,https://app.catchtable.co.kr/ct/shop/yunjudang_,2026-08-01,2,"=""1784109600000""","=""2026-07-15 19:00:00.000""","=""1784110200000""","=""2026-07-15 19:10:00.000""",1020,1260,"{""targetUrl"":""https://app.catchtable.co.kr/ct/shop/yunjudang_"",""openAtMs"":1784109600000,""reservationDate"":""2026-08-01"",""personCount"":2,""timeRange"":{""startMinutes"":1020,""endMinutes"":1260},""priorityTimes"":[],""postSlotEnabled"":true,""paymentMethodAutoAdvance"":true,""paymentMethodPolicy"":""selected_allowed"",""tablePreference"":""any"",""menuKeyword"":"""",""stopAtMs"":1784110200000,""entryMode"":""auto"",""dryRun"":false,""preOpenLeadMs"":200,""toggleIntervalMs"":100}",59,DATE_TOGGLE_CYCLE,trace,content,"=""1784109623855""","=""2026-07-15 19:00:23.855""","=""1784109624146.2498""","=""2026-07-15 19:00:24.146""",REFRESHING_SLOTS,날짜 토글 #18: NO_SLOT,,,,true,1784109623778.7498,2026-07-31,1784109623770.0498,1784109623890.95,,,0,,,,,,,,,,,,,,,,,,,,,,,,,,18,,0,,,,followup,,,,,,NO_SLOT,,,12,,,true,1784109623836.65,1784109623810.0498,1784109623890.7498,,,,,true,,false,live
run-c5d3458e-1897-43c4-a3eb-4f26238a355c,0.2.0,"=""1784109611250""","=""2026-07-15 19:00:11.250""","=""1784109669072""","=""2026-07-15 19:01:09.072""",STOPPED,132,0,https://app.catchtable.co.kr/ct/shop/yunjudang_,2026-08-01,2,"=""1784109600000""","=""2026-07-15 19:00:00.000""","=""1784110200000""","=""2026-07-15 19:10:00.000""",1020,1260,"{""targetUrl"":""https://app.catchtable.co.kr/ct/shop/yunjudang_"",""openAtMs"":1784109600000,""reservationDate"":""2026-08-01"",""personCount"":2,""timeRange"":{""startMinutes"":1020,""endMinutes"":1260},""priorityTimes"":[],""postSlotEnabled"":true,""paymentMethodAutoAdvance"":true,""paymentMethodPolicy"":""selected_allowed"",""tablePreference"":""any"",""menuKeyword"":"""",""stopAtMs"":1784110200000,""entryMode"":""auto"",""dryRun"":false,""preOpenLeadMs"":200,""toggleIntervalMs"":100}",60,AVAILABILITY_SHADOW,trace,content,"=""1784109624181""","=""2026-07-15 19:00:24.181""","=""1784109624472.95""","=""2026-07-15 19:00:24.472""",REFRESHING_SLOTS,슬롯 응답 shadow를 IRRELEVANT로 분류했습니다.,,,,,,,,,0,,,99105.70000000298,0,7.600000008940697,99113.30000001192,,none,IRRELEVANT,,,,,,,,,,,,,,,,,,NONE,,,,false,99105.70000000298,2,body,260731,99046.80000001192,29,99105.70000000298,0,,,29,,false,,,,,,false,99113.30000001192,,untrusted_quality,,,,
run-c5d3458e-1897-43c4-a3eb-4f26238a355c,0.2.0,"=""1784109611250""","=""2026-07-15 19:00:11.250""","=""1784109669072""","=""2026-07-15 19:01:09.072""",STOPPED,132,0,https://app.catchtable.co.kr/ct/shop/yunjudang_,2026-08-01,2,"=""1784109600000""","=""2026-07-15 19:00:00.000""","=""1784110200000""","=""2026-07-15 19:10:00.000""",1020,1260,"{""targetUrl"":""https://app.catchtable.co.kr/ct/shop/yunjudang_"",""openAtMs"":1784109600000,""reservationDate"":""2026-08-01"",""personCount"":2,""timeRange"":{""startMinutes"":1020,""endMinutes"":1260},""priorityTimes"":[],""postSlotEnabled"":true,""paymentMethodAutoAdvance"":true,""paymentMethodPolicy"":""selected_allowed"",""tablePreference"":""any"",""menuKeyword"":"""",""stopAtMs"":1784110200000,""entryMode"":""auto"",""dryRun"":false,""preOpenLeadMs"":200,""toggleIntervalMs"":100}",61,AVAILABILITY_SHADOW,trace,content,"=""1784109624306""","=""2026-07-15 19:00:24.306""","=""1784109624598.0498""","=""2026-07-15 19:00:24.598""",REFRESHING_SLOTS,슬롯 응답 shadow를 EMPTY로 분류했습니다.,,,,,,,,,0,,,99231.80000001192,0,6.5999999940395355,99238.40000000596,,none,EMPTY,,,,,,,,,,,,,,,,,cycle:18:request:30,EXACT,18,,,true,99231.80000001192,2,body,260801,99106.10000000894,30,99231.80000001192,200,,,30,,false,,,,,,false,99238.40000000596,,inactive_cycle,,,,
run-c5d3458e-1897-43c4-a3eb-4f26238a355c,0.2.0,"=""1784109611250""","=""2026-07-15 19:00:11.250""","=""1784109669072""","=""2026-07-15 19:01:09.072""",STOPPED,132,0,https://app.catchtable.co.kr/ct/shop/yunjudang_,2026-08-01,2,"=""1784109600000""","=""2026-07-15 19:00:00.000""","=""1784110200000""","=""2026-07-15 19:10:00.000""",1020,1260,"{""targetUrl"":""https://app.catchtable.co.kr/ct/shop/yunjudang_"",""openAtMs"":1784109600000,""reservationDate"":""2026-08-01"",""personCount"":2,""timeRange"":{""startMinutes"":1020,""endMinutes"":1260},""priorityTimes"":[],""postSlotEnabled"":true,""paymentMethodAutoAdvance"":true,""paymentMethodPolicy"":""selected_allowed"",""tablePreference"":""any"",""menuKeyword"":"""",""stopAtMs"":1784110200000,""entryMode"":""auto"",""dryRun"":false,""preOpenLeadMs"":200,""toggleIntervalMs"":100}",62,DATE_TOGGLE_CYCLE,trace,content,"=""1784109624550""","=""2026-07-15 19:00:24.550""","=""1784109624842.0498""","=""2026-07-15 19:00:24.842""",REFRESHING_SLOTS,날짜 토글 #19: NO_SLOT,,,,true,1784109624370.0498,2026-07-31,1784109624356.3499,1784109624591.5498,,,0,,,,,,,,,,,,,,,,,,,,,,,,,,19,,0,,,,followup,,,,,,NO_SLOT,,,15,,,true,1784109624428.95,1784109624396.3499,1784109624475.95,,,,,true,,false,live
run-c5d3458e-1897-43c4-a3eb-4f26238a355c,0.2.0,"=""1784109611250""","=""2026-07-15 19:00:11.250""","=""1784109669072""","=""2026-07-15 19:01:09.072""",STOPPED,132,0,https://app.catchtable.co.kr/ct/shop/yunjudang_,2026-08-01,2,"=""1784109600000""","=""2026-07-15 19:00:00.000""","=""1784110200000""","=""2026-07-15 19:10:00.000""",1020,1260,"{""targetUrl"":""https://app.catchtable.co.kr/ct/shop/yunjudang_"",""openAtMs"":1784109600000,""reservationDate"":""2026-08-01"",""personCount"":2,""timeRange"":{""startMinutes"":1020,""endMinutes"":1260},""priorityTimes"":[],""postSlotEnabled"":true,""paymentMethodAutoAdvance"":true,""paymentMethodPolicy"":""selected_allowed"",""tablePreference"":""any"",""menuKeyword"":"""",""stopAtMs"":1784110200000,""entryMode"":""auto"",""dryRun"":false,""preOpenLeadMs"":200,""toggleIntervalMs"":100}",63,AVAILABILITY_SHADOW,trace,content,"=""1784109624886""","=""2026-07-15 19:00:24.886""","=""1784109625177.5498""","=""2026-07-15 19:00:25.177""",REFRESHING_SLOTS,슬롯 응답 shadow를 IRRELEVANT로 분류했습니다.,,,,,,,,,0,,,99804.90000000596,0,13,99817.90000000596,,none,IRRELEVANT,,,,,,,,,,,,,,,,,,NONE,,,,false,99804.90000000596,2,body,260731,99742.60000000894,31,99804.90000000596,0,,,31,,false,,,,,,false,99817.90000000596,,untrusted_quality,,,,
run-c5d3458e-1897-43c4-a3eb-4f26238a355c,0.2.0,"=""1784109611250""","=""2026-07-15 19:00:11.250""","=""1784109669072""","=""2026-07-15 19:01:09.072""",STOPPED,132,0,https://app.catchtable.co.kr/ct/shop/yunjudang_,2026-08-01,2,"=""1784109600000""","=""2026-07-15 19:00:00.000""","=""1784110200000""","=""2026-07-15 19:10:00.000""",1020,1260,"{""targetUrl"":""https://app.catchtable.co.kr/ct/shop/yunjudang_"",""openAtMs"":1784109600000,""reservationDate"":""2026-08-01"",""personCount"":2,""timeRange"":{""startMinutes"":1020,""endMinutes"":1260},""priorityTimes"":[],""postSlotEnabled"":true,""paymentMethodAutoAdvance"":true,""paymentMethodPolicy"":""selected_allowed"",""tablePreference"":""any"",""menuKeyword"":"""",""stopAtMs"":1784110200000,""entryMode"":""auto"",""dryRun"":false,""preOpenLeadMs"":200,""toggleIntervalMs"":100}",64,DATE_TOGGLE_CYCLE,trace,content,"=""1784109625152""","=""2026-07-15 19:00:25.152""","=""1784109625443.5498""","=""2026-07-15 19:00:25.443""",REFRESHING_SLOTS,날짜 토글 #20: NO_SLOT,,,,true,1784109625066.2498,2026-07-31,1784109625052.15,1784109625188.2498,,,0,,,,,,,,,,,,,,,,,,,,,,,,,,20,,0,,,,followup,,,,,,NO_SLOT,,,12,,,true,1784109625128.45,1784109625092.15,1784109625183.45,,,,,true,,false,live
run-c5d3458e-1897-43c4-a3eb-4f26238a355c,0.2.0,"=""1784109611250""","=""2026-07-15 19:00:11.250""","=""1784109669072""","=""2026-07-15 19:01:09.072""",STOPPED,132,0,https://app.catchtable.co.kr/ct/shop/yunjudang_,2026-08-01,2,"=""1784109600000""","=""2026-07-15 19:00:00.000""","=""1784110200000""","=""2026-07-15 19:10:00.000""",1020,1260,"{""targetUrl"":""https://app.catchtable.co.kr/ct/shop/yunjudang_"",""openAtMs"":1784109600000,""reservationDate"":""2026-08-01"",""personCount"":2,""timeRange"":{""startMinutes"":1020,""endMinutes"":1260},""priorityTimes"":[],""postSlotEnabled"":true,""paymentMethodAutoAdvance"":true,""paymentMethodPolicy"":""selected_allowed"",""tablePreference"":""any"",""menuKeyword"":"""",""stopAtMs"":1784110200000,""entryMode"":""auto"",""dryRun"":false,""preOpenLeadMs"":200,""toggleIntervalMs"":100}",65,AVAILABILITY_SHADOW,trace,content,"=""1784109625475""","=""2026-07-15 19:00:25.475""","=""1784109625766.5498""","=""2026-07-15 19:00:25.766""",REFRESHING_SLOTS,슬롯 응답 shadow를 IRRELEVANT로 분류했습니다.,,,,,,,,,0,,,100400.20000000298,0,6.700000002980232,100406.90000000596,,none,IRRELEVANT,,,,,,,,,,,,,,,,,,NONE,,,,false,100400.20000000298,2,body,260731,100340.70000000298,32,100400.20000000298,0,,,32,,false,,,,,,false,100406.90000000596,,untrusted_quality,,,,
run-c5d3458e-1897-43c4-a3eb-4f26238a355c,0.2.0,"=""1784109611250""","=""2026-07-15 19:00:11.250""","=""1784109669072""","=""2026-07-15 19:01:09.072""",STOPPED,132,0,https://app.catchtable.co.kr/ct/shop/yunjudang_,2026-08-01,2,"=""1784109600000""","=""2026-07-15 19:00:00.000""","=""1784110200000""","=""2026-07-15 19:10:00.000""",1020,1260,"{""targetUrl"":""https://app.catchtable.co.kr/ct/shop/yunjudang_"",""openAtMs"":1784109600000,""reservationDate"":""2026-08-01"",""personCount"":2,""timeRange"":{""startMinutes"":1020,""endMinutes"":1260},""priorityTimes"":[],""postSlotEnabled"":true,""paymentMethodAutoAdvance"":true,""paymentMethodPolicy"":""selected_allowed"",""tablePreference"":""any"",""menuKeyword"":"""",""stopAtMs"":1784110200000,""entryMode"":""auto"",""dryRun"":false,""preOpenLeadMs"":200,""toggleIntervalMs"":100}",66,AVAILABILITY_SHADOW,trace,content,"=""1784109625540""","=""2026-07-15 19:00:25.540""","=""1784109625832.0498""","=""2026-07-15 19:00:25.832""",REFRESHING_SLOTS,슬롯 응답 shadow를 EMPTY로 분류했습니다.,,,,,,,,,0,,,100465.80000001192,0,6.5999999940395355,100472.40000000596,,none,EMPTY,,,,,,,,,,,,,,,,,cycle:20:request:33,EXACT,20,,,true,100465.80000001192,2,body,260801,100400.80000001192,33,100465.80000001192,200,,,33,,false,,,,,,false,100472.40000000596,,inactive_cycle,,,,
run-c5d3458e-1897-43c4-a3eb-4f26238a355c,0.2.0,"=""1784109611250""","=""2026-07-15 19:00:11.250""","=""1784109669072""","=""2026-07-15 19:01:09.072""",STOPPED,132,0,https://app.catchtable.co.kr/ct/shop/yunjudang_,2026-08-01,2,"=""1784109600000""","=""2026-07-15 19:00:00.000""","=""1784110200000""","=""2026-07-15 19:10:00.000""",1020,1260,"{""targetUrl"":""https://app.catchtable.co.kr/ct/shop/yunjudang_"",""openAtMs"":1784109600000,""reservationDate"":""2026-08-01"",""personCount"":2,""timeRange"":{""startMinutes"":1020,""endMinutes"":1260},""priorityTimes"":[],""postSlotEnabled"":true,""paymentMethodAutoAdvance"":true,""paymentMethodPolicy"":""selected_allowed"",""tablePreference"":""any"",""menuKeyword"":"""",""stopAtMs"":1784110200000,""entryMode"":""auto"",""dryRun"":false,""preOpenLeadMs"":200,""toggleIntervalMs"":100}",67,DATE_TOGGLE_CYCLE,trace,content,"=""1784109625784""","=""2026-07-15 19:00:25.784""","=""1784109626075.8499""","=""2026-07-15 19:00:26.075""",REFRESHING_SLOTS,날짜 토글 #21: NO_SLOT,,,,true,1784109625664.3499,2026-07-31,1784109625653.5498,1784109625825.65,,,0,,,,,,,,,,,,,,,,,,,,,,,,,,21,,0,,,,followup,,,,,,NO_SLOT,,,13,,,true,1784109625723.5498,1784109625693.5498,1784109625768.65,,,,,true,,false,live
run-c5d3458e-1897-43c4-a3eb-4f26238a355c,0.2.0,"=""1784109611250""","=""2026-07-15 19:00:11.250""","=""1784109669072""","=""2026-07-15 19:01:09.072""",STOPPED,132,0,https://app.catchtable.co.kr/ct/shop/yunjudang_,2026-08-01,2,"=""1784109600000""","=""2026-07-15 19:00:00.000""","=""1784110200000""","=""2026-07-15 19:10:00.000""",1020,1260,"{""targetUrl"":""https://app.catchtable.co.kr/ct/shop/yunjudang_"",""openAtMs"":1784109600000,""reservationDate"":""2026-08-01"",""personCount"":2,""timeRange"":{""startMinutes"":1020,""endMinutes"":1260},""priorityTimes"":[],""postSlotEnabled"":true,""paymentMethodAutoAdvance"":true,""paymentMethodPolicy"":""selected_allowed"",""tablePreference"":""any"",""menuKeyword"":"""",""stopAtMs"":1784110200000,""entryMode"":""auto"",""dryRun"":false,""preOpenLeadMs"":200,""toggleIntervalMs"":100}",68,AVAILABILITY_SHADOW,trace,content,"=""1784109626114""","=""2026-07-15 19:00:26.114""","=""1784109626405.2498""","=""2026-07-15 19:00:26.405""",REFRESHING_SLOTS,슬롯 응답 shadow를 IRRELEVANT로 분류했습니다.,,,,,,,,,0,,,101032,0,13.600000008940697,101045.60000000894,,none,IRRELEVANT,,,,,,,,,,,,,,,,,,NONE,,,,false,101032,2,body,260731,100972.60000000894,34,101032,0,,,34,,false,,,,,,false,101045.60000000894,,untrusted_quality,,,,
run-c5d3458e-1897-43c4-a3eb-4f26238a355c,0.2.0,"=""1784109611250""","=""2026-07-15 19:00:11.250""","=""1784109669072""","=""2026-07-15 19:01:09.072""",STOPPED,132,0,https://app.catchtable.co.kr/ct/shop/yunjudang_,2026-08-01,2,"=""1784109600000""","=""2026-07-15 19:00:00.000""","=""1784110200000""","=""2026-07-15 19:10:00.000""",1020,1260,"{""targetUrl"":""https://app.catchtable.co.kr/ct/shop/yunjudang_"",""openAtMs"":1784109600000,""reservationDate"":""2026-08-01"",""personCount"":2,""timeRange"":{""startMinutes"":1020,""endMinutes"":1260},""priorityTimes"":[],""postSlotEnabled"":true,""paymentMethodAutoAdvance"":true,""paymentMethodPolicy"":""selected_allowed"",""tablePreference"":""any"",""menuKeyword"":"""",""stopAtMs"":1784110200000,""entryMode"":""auto"",""dryRun"":false,""preOpenLeadMs"":200,""toggleIntervalMs"":100}",69,DATE_TOGGLE_CYCLE,trace,content,"=""1784109626371""","=""2026-07-15 19:00:26.371""","=""1784109626662.2498""","=""2026-07-15 19:00:26.662""",REFRESHING_SLOTS,날짜 토글 #22: NO_SLOT,,,,true,1784109626297.65,2026-07-31,1784109626285.8499,1784109626408.3499,,,0,,,,,,,,,,,,,,,,,,,,,,,,,,22,,0,,,,followup,,,,,,NO_SLOT,,,12,,,true,1784109626354.7498,1784109626325.8499,1784109626408.0498,,,,,true,,false,live
run-c5d3458e-1897-43c4-a3eb-4f26238a355c,0.2.0,"=""1784109611250""","=""2026-07-15 19:00:11.250""","=""1784109669072""","=""2026-07-15 19:01:09.072""",STOPPED,132,0,https://app.catchtable.co.kr/ct/shop/yunjudang_,2026-08-01,2,"=""1784109600000""","=""2026-07-15 19:00:00.000""","=""1784110200000""","=""2026-07-15 19:10:00.000""",1020,1260,"{""targetUrl"":""https://app.catchtable.co.kr/ct/shop/yunjudang_"",""openAtMs"":1784109600000,""reservationDate"":""2026-08-01"",""personCount"":2,""timeRange"":{""startMinutes"":1020,""endMinutes"":1260},""priorityTimes"":[],""postSlotEnabled"":true,""paymentMethodAutoAdvance"":true,""paymentMethodPolicy"":""selected_allowed"",""tablePreference"":""any"",""menuKeyword"":"""",""stopAtMs"":1784110200000,""entryMode"":""auto"",""dryRun"":false,""preOpenLeadMs"":200,""toggleIntervalMs"":100}",70,AVAILABILITY_SHADOW,trace,content,"=""1784109626699""","=""2026-07-15 19:00:26.699""","=""1784109626990.5498""","=""2026-07-15 19:00:26.990""",REFRESHING_SLOTS,슬롯 응답 shadow를 IRRELEVANT로 분류했습니다.,,,,,,,,,0,,,101622.30000001192,0,8.599999994039536,101630.90000000596,,none,IRRELEVANT,,,,,,,,,,,,,,,,,,NONE,,,,false,101622.30000001192,2,body,260731,101558.80000001192,35,101622.30000001192,0,,,35,,false,,,,,,false,101630.90000000596,,untrusted_quality,,,,
run-c5d3458e-1897-43c4-a3eb-4f26238a355c,0.2.0,"=""1784109611250""","=""2026-07-15 19:00:11.250""","=""1784109669072""","=""2026-07-15 19:01:09.072""",STOPPED,132,0,https://app.catchtable.co.kr/ct/shop/yunjudang_,2026-08-01,2,"=""1784109600000""","=""2026-07-15 19:00:00.000""","=""1784110200000""","=""2026-07-15 19:10:00.000""",1020,1260,"{""targetUrl"":""https://app.catchtable.co.kr/ct/shop/yunjudang_"",""openAtMs"":1784109600000,""reservationDate"":""2026-08-01"",""personCount"":2,""timeRange"":{""startMinutes"":1020,""endMinutes"":1260},""priorityTimes"":[],""postSlotEnabled"":true,""paymentMethodAutoAdvance"":true,""paymentMethodPolicy"":""selected_allowed"",""tablePreference"":""any"",""menuKeyword"":"""",""stopAtMs"":1784110200000,""entryMode"":""auto"",""dryRun"":false,""preOpenLeadMs"":200,""toggleIntervalMs"":100}",71,AVAILABILITY_SHADOW,trace,content,"=""1784109626815""","=""2026-07-15 19:00:26.815""","=""1784109627106.8499""","=""2026-07-15 19:00:27.106""",REFRESHING_SLOTS,슬롯 응답 shadow를 EMPTY로 분류했습니다.,,,,,,,,,0,,,101738.70000000298,0,8.5,101747.20000000298,,none,EMPTY,,,,,,,,,,,,,,,,,cycle:22:request:36,EXACT,22,,,true,101738.70000000298,2,body,260801,101622.80000001192,36,101738.70000000298,200,,,36,,false,,,,,,false,101747.20000000298,,inactive_cycle,,,,
run-c5d3458e-1897-43c4-a3eb-4f26238a355c,0.2.0,"=""1784109611250""","=""2026-07-15 19:00:11.250""","=""1784109669072""","=""2026-07-15 19:01:09.072""",STOPPED,132,0,https://app.catchtable.co.kr/ct/shop/yunjudang_,2026-08-01,2,"=""1784109600000""","=""2026-07-15 19:00:00.000""","=""1784110200000""","=""2026-07-15 19:10:00.000""",1020,1260,"{""targetUrl"":""https://app.catchtable.co.kr/ct/shop/yunjudang_"",""openAtMs"":1784109600000,""reservationDate"":""2026-08-01"",""personCount"":2,""timeRange"":{""startMinutes"":1020,""endMinutes"":1260},""priorityTimes"":[],""postSlotEnabled"":true,""paymentMethodAutoAdvance"":true,""paymentMethodPolicy"":""selected_allowed"",""tablePreference"":""any"",""menuKeyword"":"""",""stopAtMs"":1784110200000,""entryMode"":""auto"",""dryRun"":false,""preOpenLeadMs"":200,""toggleIntervalMs"":100}",72,DATE_TOGGLE_CYCLE,trace,content,"=""1784109627058""","=""2026-07-15 19:00:27.058""","=""1784109627349.2498""","=""2026-07-15 19:00:27.349""",REFRESHING_SLOTS,날짜 토글 #23: NO_SLOT,,,,true,1784109626880.5498,2026-07-31,1784109626872.3499,1784109627098.5498,,,0,,,,,,,,,,,,,,,,,,,,,,,,,,23,,0,,,,followup,,,,,,NO_SLOT,,,14,,,true,1784109626945.65,1784109626912.3499,1784109627000.95,,,,,true,,false,live
run-c5d3458e-1897-43c4-a3eb-4f26238a355c,0.2.0,"=""1784109611250""","=""2026-07-15 19:00:11.250""","=""1784109669072""","=""2026-07-15 19:01:09.072""",STOPPED,132,0,https://app.catchtable.co.kr/ct/shop/yunjudang_,2026-08-01,2,"=""1784109600000""","=""2026-07-15 19:00:00.000""","=""1784110200000""","=""2026-07-15 19:10:00.000""",1020,1260,"{""targetUrl"":""https://app.catchtable.co.kr/ct/shop/yunjudang_"",""openAtMs"":1784109600000,""reservationDate"":""2026-08-01"",""personCount"":2,""timeRange"":{""startMinutes"":1020,""endMinutes"":1260},""priorityTimes"":[],""postSlotEnabled"":true,""paymentMethodAutoAdvance"":true,""paymentMethodPolicy"":""selected_allowed"",""tablePreference"":""any"",""menuKeyword"":"""",""stopAtMs"":1784110200000,""entryMode"":""auto"",""dryRun"":false,""preOpenLeadMs"":200,""toggleIntervalMs"":100}",73,AVAILABILITY_SHADOW,trace,content,"=""1784109627387""","=""2026-07-15 19:00:27.387""","=""1784109627678.45""","=""2026-07-15 19:00:27.678""",REFRESHING_SLOTS,슬롯 응답 shadow를 IRRELEVANT로 분류했습니다.,,,,,,,,,0,,,102305.90000000596,0,12.900000005960464,102318.80000001192,,none,IRRELEVANT,,,,,,,,,,,,,,,,,,NONE,,,,false,102305.90000000596,2,body,260731,102246.5,37,102305.90000000596,0,,,37,,false,,,,,,false,102318.80000001192,,untrusted_quality,,,,
run-c5d3458e-1897-43c4-a3eb-4f26238a355c,0.2.0,"=""1784109611250""","=""2026-07-15 19:00:11.250""","=""1784109669072""","=""2026-07-15 19:01:09.072""",STOPPED,132,0,https://app.catchtable.co.kr/ct/shop/yunjudang_,2026-08-01,2,"=""1784109600000""","=""2026-07-15 19:00:00.000""","=""1784110200000""","=""2026-07-15 19:10:00.000""",1020,1260,"{""targetUrl"":""https://app.catchtable.co.kr/ct/shop/yunjudang_"",""openAtMs"":1784109600000,""reservationDate"":""2026-08-01"",""personCount"":2,""timeRange"":{""startMinutes"":1020,""endMinutes"":1260},""priorityTimes"":[],""postSlotEnabled"":true,""paymentMethodAutoAdvance"":true,""paymentMethodPolicy"":""selected_allowed"",""tablePreference"":""any"",""menuKeyword"":"""",""stopAtMs"":1784110200000,""entryMode"":""auto"",""dryRun"":false,""preOpenLeadMs"":200,""toggleIntervalMs"":100}",74,DATE_TOGGLE_CYCLE,trace,content,"=""1784109627643""","=""2026-07-15 19:00:27.643""","=""1784109627934.45""","=""2026-07-15 19:00:27.934""",REFRESHING_SLOTS,날짜 토글 #24: NO_SLOT,,,,true,1784109627571.0498,2026-07-31,1784109627559.3499,1784109627684.15,,,0,,,,,,,,,,,,,,,,,,,,,,,,,,24,,0,,,,followup,,,,,,NO_SLOT,,,11,,,true,1784109627630.5498,1784109627599.3499,1784109627680.7498,,,,,true,,false,live
run-c5d3458e-1897-43c4-a3eb-4f26238a355c,0.2.0,"=""1784109611250""","=""2026-07-15 19:00:11.250""","=""1784109669072""","=""2026-07-15 19:01:09.072""",STOPPED,132,0,https://app.catchtable.co.kr/ct/shop/yunjudang_,2026-08-01,2,"=""1784109600000""","=""2026-07-15 19:00:00.000""","=""1784110200000""","=""2026-07-15 19:10:00.000""",1020,1260,"{""targetUrl"":""https://app.catchtable.co.kr/ct/shop/yunjudang_"",""openAtMs"":1784109600000,""reservationDate"":""2026-08-01"",""personCount"":2,""timeRange"":{""startMinutes"":1020,""endMinutes"":1260},""priorityTimes"":[],""postSlotEnabled"":true,""paymentMethodAutoAdvance"":true,""paymentMethodPolicy"":""selected_allowed"",""tablePreference"":""any"",""menuKeyword"":"""",""stopAtMs"":1784110200000,""entryMode"":""auto"",""dryRun"":false,""preOpenLeadMs"":200,""toggleIntervalMs"":100}",75,AVAILABILITY_SHADOW,trace,content,"=""1784109627974""","=""2026-07-15 19:00:27.974""","=""1784109628265.45""","=""2026-07-15 19:00:28.265""",REFRESHING_SLOTS,슬롯 응답 shadow를 IRRELEVANT로 분류했습니다.,,,,,,,,,0,,,102899.5,0,6.300000011920929,102905.80000001192,,none,IRRELEVANT,,,,,,,,,,,,,,,,,,NONE,,,,false,102899.5,2,body,260731,102840.5,38,102899.5,0,,,38,,false,,,,,,false,102905.80000001192,,untrusted_quality,,,,
run-c5d3458e-1897-43c4-a3eb-4f26238a355c,0.2.0,"=""1784109611250""","=""2026-07-15 19:00:11.250""","=""1784109669072""","=""2026-07-15 19:01:09.072""",STOPPED,132,0,https://app.catchtable.co.kr/ct/shop/yunjudang_,2026-08-01,2,"=""1784109600000""","=""2026-07-15 19:00:00.000""","=""1784110200000""","=""2026-07-15 19:10:00.000""",1020,1260,"{""targetUrl"":""https://app.catchtable.co.kr/ct/shop/yunjudang_"",""openAtMs"":1784109600000,""reservationDate"":""2026-08-01"",""personCount"":2,""timeRange"":{""startMinutes"":1020,""endMinutes"":1260},""priorityTimes"":[],""postSlotEnabled"":true,""paymentMethodAutoAdvance"":true,""paymentMethodPolicy"":""selected_allowed"",""tablePreference"":""any"",""menuKeyword"":"""",""stopAtMs"":1784110200000,""entryMode"":""auto"",""dryRun"":false,""preOpenLeadMs"":200,""toggleIntervalMs"":100}",76,AVAILABILITY_SHADOW,trace,content,"=""1784109628143""","=""2026-07-15 19:00:28.143""","=""1784109628434.8499""","=""2026-07-15 19:00:28.434""",REFRESHING_SLOTS,슬롯 응답 shadow를 EMPTY로 분류했습니다.,,,,,,,,,0,,,103068.30000001192,0,6.799999997019768,103075.10000000894,,none,EMPTY,,,,,,,,,,,,,,,,,cycle:24:request:39,EXACT,24,,,true,103068.30000001192,2,body,260801,102900,39,103068.30000001192,200,,,39,,false,,,,,,false,103075.10000000894,,inactive_cycle,,,,
run-c5d3458e-1897-43c4-a3eb-4f26238a355c,0.2.0,"=""1784109611250""","=""2026-07-15 19:00:11.250""","=""1784109669072""","=""2026-07-15 19:01:09.072""",STOPPED,132,0,https://app.catchtable.co.kr/ct/shop/yunjudang_,2026-08-01,2,"=""1784109600000""","=""2026-07-15 19:00:00.000""","=""1784110200000""","=""2026-07-15 19:10:00.000""",1020,1260,"{""targetUrl"":""https://app.catchtable.co.kr/ct/shop/yunjudang_"",""openAtMs"":1784109600000,""reservationDate"":""2026-08-01"",""personCount"":2,""timeRange"":{""startMinutes"":1020,""endMinutes"":1260},""priorityTimes"":[],""postSlotEnabled"":true,""paymentMethodAutoAdvance"":true,""paymentMethodPolicy"":""selected_allowed"",""tablePreference"":""any"",""menuKeyword"":"""",""stopAtMs"":1784110200000,""entryMode"":""auto"",""dryRun"":false,""preOpenLeadMs"":200,""toggleIntervalMs"":100}",77,DATE_TOGGLE_CYCLE,trace,content,"=""1784109628387""","=""2026-07-15 19:00:28.387""","=""1784109628678.45""","=""2026-07-15 19:00:28.678""",REFRESHING_SLOTS,날짜 토글 #25: NO_SLOT,,,,true,1784109628155.5498,2026-07-31,1784109628144.5498,1784109628428.0498,,,0,,,,,,,,,,,,,,,,,,,,,,,,,,25,,0,,,,followup,,,,,,NO_SLOT,,,17,,,true,1784109628224.45,1784109628184.5498,1784109628272.15,,,,,true,,false,live
run-c5d3458e-1897-43c4-a3eb-4f26238a355c,0.2.0,"=""1784109611250""","=""2026-07-15 19:00:11.250""","=""1784109669072""","=""2026-07-15 19:01:09.072""",STOPPED,132,0,https://app.catchtable.co.kr/ct/shop/yunjudang_,2026-08-01,2,"=""1784109600000""","=""2026-07-15 19:00:00.000""","=""1784110200000""","=""2026-07-15 19:10:00.000""",1020,1260,"{""targetUrl"":""https://app.catchtable.co.kr/ct/shop/yunjudang_"",""openAtMs"":1784109600000,""reservationDate"":""2026-08-01"",""personCount"":2,""timeRange"":{""startMinutes"":1020,""endMinutes"":1260},""priorityTimes"":[],""postSlotEnabled"":true,""paymentMethodAutoAdvance"":true,""paymentMethodPolicy"":""selected_allowed"",""tablePreference"":""any"",""menuKeyword"":"""",""stopAtMs"":1784110200000,""entryMode"":""auto"",""dryRun"":false,""preOpenLeadMs"":200,""toggleIntervalMs"":100}",78,AVAILABILITY_SHADOW,trace,content,"=""1784109628725""","=""2026-07-15 19:00:28.725""","=""1784109629016.3499""","=""2026-07-15 19:00:29.016""",REFRESHING_SLOTS,슬롯 응답 shadow를 IRRELEVANT로 분류했습니다.,,,,,,,,,0,,,103641.90000000596,0,14.799999997019768,103656.70000000298,,none,IRRELEVANT,,,,,,,,,,,,,,,,,,NONE,,,,false,103641.90000000596,2,body,260731,103578,40,103641.90000000596,0,,,40,,false,,,,,,false,103656.70000000298,,untrusted_quality,,,,
run-c5d3458e-1897-43c4-a3eb-4f26238a355c,0.2.0,"=""1784109611250""","=""2026-07-15 19:00:11.250""","=""1784109669072""","=""2026-07-15 19:01:09.072""",STOPPED,132,0,https://app.catchtable.co.kr/ct/shop/yunjudang_,2026-08-01,2,"=""1784109600000""","=""2026-07-15 19:00:00.000""","=""1784110200000""","=""2026-07-15 19:10:00.000""",1020,1260,"{""targetUrl"":""https://app.catchtable.co.kr/ct/shop/yunjudang_"",""openAtMs"":1784109600000,""reservationDate"":""2026-08-01"",""personCount"":2,""timeRange"":{""startMinutes"":1020,""endMinutes"":1260},""priorityTimes"":[],""postSlotEnabled"":true,""paymentMethodAutoAdvance"":true,""paymentMethodPolicy"":""selected_allowed"",""tablePreference"":""any"",""menuKeyword"":"""",""stopAtMs"":1784110200000,""entryMode"":""auto"",""dryRun"":false,""preOpenLeadMs"":200,""toggleIntervalMs"":100}",79,DATE_TOGGLE_CYCLE,trace,content,"=""1784109628988""","=""2026-07-15 19:00:28.988""","=""1784109629280.0498""","=""2026-07-15 19:00:29.280""",REFRESHING_SLOTS,날짜 토글 #26: NO_SLOT,,,,true,1784109628902.8499,2026-07-31,1784109628888.45,1784109629028.7498,,,0,,,,,,,,,,,,,,,,,,,,,,,,,,26,,0,,,,followup,,,,,,NO_SLOT,,,11,,,true,1784109628965.3499,1784109628928.45,1784109629024.45,,,,,true,,false,live
run-c5d3458e-1897-43c4-a3eb-4f26238a355c,0.2.0,"=""1784109611250""","=""2026-07-15 19:00:11.250""","=""1784109669072""","=""2026-07-15 19:01:09.072""",STOPPED,132,0,https://app.catchtable.co.kr/ct/shop/yunjudang_,2026-08-01,2,"=""1784109600000""","=""2026-07-15 19:00:00.000""","=""1784110200000""","=""2026-07-15 19:10:00.000""",1020,1260,"{""targetUrl"":""https://app.catchtable.co.kr/ct/shop/yunjudang_"",""openAtMs"":1784109600000,""reservationDate"":""2026-08-01"",""personCount"":2,""timeRange"":{""startMinutes"":1020,""endMinutes"":1260},""priorityTimes"":[],""postSlotEnabled"":true,""paymentMethodAutoAdvance"":true,""paymentMethodPolicy"":""selected_allowed"",""tablePreference"":""any"",""menuKeyword"":"""",""stopAtMs"":1784110200000,""entryMode"":""auto"",""dryRun"":false,""preOpenLeadMs"":200,""toggleIntervalMs"":100}",80,AVAILABILITY_SHADOW,trace,content,"=""1784109629310""","=""2026-07-15 19:00:29.310""","=""1784109629601.95""","=""2026-07-15 19:00:29.601""",REFRESHING_SLOTS,슬롯 응답 shadow를 IRRELEVANT로 분류했습니다.,,,,,,,,,0,,,104236,0.10000000894069672,6.200000002980232,104242.20000000298,,none,IRRELEVANT,,,,,,,,,,,,,,,,,,NONE,,,,false,104236,2,body,260731,104177.70000000298,41,104236,0,,,41,,false,,,,,,false,104242.30000001192,,untrusted_quality,,,,
run-c5d3458e-1897-43c4-a3eb-4f26238a355c,0.2.0,"=""1784109611250""","=""2026-07-15 19:00:11.250""","=""1784109669072""","=""2026-07-15 19:01:09.072""",STOPPED,132,0,https://app.catchtable.co.kr/ct/shop/yunjudang_,2026-08-01,2,"=""1784109600000""","=""2026-07-15 19:00:00.000""","=""1784110200000""","=""2026-07-15 19:10:00.000""",1020,1260,"{""targetUrl"":""https://app.catchtable.co.kr/ct/shop/yunjudang_"",""openAtMs"":1784109600000,""reservationDate"":""2026-08-01"",""personCount"":2,""timeRange"":{""startMinutes"":1020,""endMinutes"":1260},""priorityTimes"":[],""postSlotEnabled"":true,""paymentMethodAutoAdvance"":true,""paymentMethodPolicy"":""selected_allowed"",""tablePreference"":""any"",""menuKeyword"":"""",""stopAtMs"":1784110200000,""entryMode"":""auto"",""dryRun"":false,""preOpenLeadMs"":200,""toggleIntervalMs"":100}",81,AVAILABILITY_SHADOW,trace,content,"=""1784109629387""","=""2026-07-15 19:00:29.387""","=""1784109629679.0498""","=""2026-07-15 19:00:29.679""",REFRESHING_SLOTS,슬롯 응답 shadow를 EMPTY로 분류했습니다.,,,,,,,,,0,,,104310.90000000596,0,8.5,104319.40000000596,,none,EMPTY,,,,,,,,,,,,,,,,,cycle:26:request:42,EXACT,26,,,true,104310.90000000596,2,body,260801,104236.5,42,104310.90000000596,200,,,42,,false,,,,,,false,104319.40000000596,,inactive_cycle,,,,
run-c5d3458e-1897-43c4-a3eb-4f26238a355c,0.2.0,"=""1784109611250""","=""2026-07-15 19:00:11.250""","=""1784109669072""","=""2026-07-15 19:01:09.072""",STOPPED,132,0,https://app.catchtable.co.kr/ct/shop/yunjudang_,2026-08-01,2,"=""1784109600000""","=""2026-07-15 19:00:00.000""","=""1784110200000""","=""2026-07-15 19:10:00.000""",1020,1260,"{""targetUrl"":""https://app.catchtable.co.kr/ct/shop/yunjudang_"",""openAtMs"":1784109600000,""reservationDate"":""2026-08-01"",""personCount"":2,""timeRange"":{""startMinutes"":1020,""endMinutes"":1260},""priorityTimes"":[],""postSlotEnabled"":true,""paymentMethodAutoAdvance"":true,""paymentMethodPolicy"":""selected_allowed"",""tablePreference"":""any"",""menuKeyword"":"""",""stopAtMs"":1784110200000,""entryMode"":""auto"",""dryRun"":false,""preOpenLeadMs"":200,""toggleIntervalMs"":100}",82,DATE_TOGGLE_CYCLE,trace,content,"=""1784109629631""","=""2026-07-15 19:00:29.631""","=""1784109629922.5498""","=""2026-07-15 19:00:29.922""",REFRESHING_SLOTS,날짜 토글 #27: NO_SLOT,,,,true,1784109629500.7498,2026-07-31,1784109629490.15,1784109629670.7498,,,0,,,,,,,,,,,,,,,,,,,,,,,,,,27,,0,,,,followup,,,,,,NO_SLOT,,,13,,,true,1784109629561.3499,1784109629530.15,1784109629609.45,,,,,true,,false,live
run-c5d3458e-1897-43c4-a3eb-4f26238a355c,0.2.0,"=""1784109611250""","=""2026-07-15 19:00:11.250""","=""1784109669072""","=""2026-07-15 19:01:09.072""",STOPPED,132,0,https://app.catchtable.co.kr/ct/shop/yunjudang_,2026-08-01,2,"=""1784109600000""","=""2026-07-15 19:00:00.000""","=""1784110200000""","=""2026-07-15 19:10:00.000""",1020,1260,"{""targetUrl"":""https://app.catchtable.co.kr/ct/shop/yunjudang_"",""openAtMs"":1784109600000,""reservationDate"":""2026-08-01"",""personCount"":2,""timeRange"":{""startMinutes"":1020,""endMinutes"":1260},""priorityTimes"":[],""postSlotEnabled"":true,""paymentMethodAutoAdvance"":true,""paymentMethodPolicy"":""selected_allowed"",""tablePreference"":""any"",""menuKeyword"":"""",""stopAtMs"":1784110200000,""entryMode"":""auto"",""dryRun"":false,""preOpenLeadMs"":200,""toggleIntervalMs"":100}",83,AVAILABILITY_SHADOW,trace,content,"=""1784109629968""","=""2026-07-15 19:00:29.968""","=""1784109630259.8499""","=""2026-07-15 19:00:30.259""",REFRESHING_SLOTS,슬롯 응답 shadow를 IRRELEVANT로 분류했습니다.,,,,,,,,,0,,,104887.70000000298,0,12.5,104900.20000000298,,none,IRRELEVANT,,,,,,,,,,,,,,,,,,NONE,,,,false,104887.70000000298,2,body,260731,104821.80000001192,43,104887.70000000298,0,,,43,,false,,,,,,false,104900.20000000298,,untrusted_quality,,,,
run-c5d3458e-1897-43c4-a3eb-4f26238a355c,0.2.0,"=""1784109611250""","=""2026-07-15 19:00:11.250""","=""1784109669072""","=""2026-07-15 19:01:09.072""",STOPPED,132,0,https://app.catchtable.co.kr/ct/shop/yunjudang_,2026-08-01,2,"=""1784109600000""","=""2026-07-15 19:00:00.000""","=""1784110200000""","=""2026-07-15 19:10:00.000""",1020,1260,"{""targetUrl"":""https://app.catchtable.co.kr/ct/shop/yunjudang_"",""openAtMs"":1784109600000,""reservationDate"":""2026-08-01"",""personCount"":2,""timeRange"":{""startMinutes"":1020,""endMinutes"":1260},""priorityTimes"":[],""postSlotEnabled"":true,""paymentMethodAutoAdvance"":true,""paymentMethodPolicy"":""selected_allowed"",""tablePreference"":""any"",""menuKeyword"":"""",""stopAtMs"":1784110200000,""entryMode"":""auto"",""dryRun"":false,""preOpenLeadMs"":200,""toggleIntervalMs"":100}",84,DATE_TOGGLE_CYCLE,trace,content,"=""1784109630225""","=""2026-07-15 19:00:30.225""","=""1784109630516.5498""","=""2026-07-15 19:00:30.516""",REFRESHING_SLOTS,날짜 토글 #28: NO_SLOT,,,,true,1784109630145.45,2026-07-31,1784109630132.65,1784109630266.15,,,0,,,,,,,,,,,,,,,,,,,,,,,,,,28,,0,,,,followup,,,,,,NO_SLOT,,,11,,,true,1784109630211.45,1784109630172.65,1784109630262.2498,,,,,true,,false,live
run-c5d3458e-1897-43c4-a3eb-4f26238a355c,0.2.0,"=""1784109611250""","=""2026-07-15 19:00:11.250""","=""1784109669072""","=""2026-07-15 19:01:09.072""",STOPPED,132,0,https://app.catchtable.co.kr/ct/shop/yunjudang_,2026-08-01,2,"=""1784109600000""","=""2026-07-15 19:00:00.000""","=""1784110200000""","=""2026-07-15 19:10:00.000""",1020,1260,"{""targetUrl"":""https://app.catchtable.co.kr/ct/shop/yunjudang_"",""openAtMs"":1784109600000,""reservationDate"":""2026-08-01"",""personCount"":2,""timeRange"":{""startMinutes"":1020,""endMinutes"":1260},""priorityTimes"":[],""postSlotEnabled"":true,""paymentMethodAutoAdvance"":true,""paymentMethodPolicy"":""selected_allowed"",""tablePreference"":""any"",""menuKeyword"":"""",""stopAtMs"":1784110200000,""entryMode"":""auto"",""dryRun"":false,""preOpenLeadMs"":200,""toggleIntervalMs"":100}",85,AVAILABILITY_SHADOW,trace,content,"=""1784109632303""","=""2026-07-15 19:00:32.303""","=""1784109632595.15""","=""2026-07-15 19:00:32.595""",REFRESHING_SLOTS,슬롯 응답 shadow를 IRRELEVANT로 분류했습니다.,,,,,,,,,0,,,107225.5,0,10,107235.5,,none,IRRELEVANT,,,,,,,,,,,,,,,,,,NONE,,,,false,107225.5,2,body,260731,107163.5,44,107225.5,0,,,44,,false,,,,,,false,107235.5,,untrusted_quality,,,,
run-c5d3458e-1897-43c4-a3eb-4f26238a355c,0.2.0,"=""1784109611250""","=""2026-07-15 19:00:11.250""","=""1784109669072""","=""2026-07-15 19:01:09.072""",STOPPED,132,0,https://app.catchtable.co.kr/ct/shop/yunjudang_,2026-08-01,2,"=""1784109600000""","=""2026-07-15 19:00:00.000""","=""1784110200000""","=""2026-07-15 19:10:00.000""",1020,1260,"{""targetUrl"":""https://app.catchtable.co.kr/ct/shop/yunjudang_"",""openAtMs"":1784109600000,""reservationDate"":""2026-08-01"",""personCount"":2,""timeRange"":{""startMinutes"":1020,""endMinutes"":1260},""priorityTimes"":[],""postSlotEnabled"":true,""paymentMethodAutoAdvance"":true,""paymentMethodPolicy"":""selected_allowed"",""tablePreference"":""any"",""menuKeyword"":"""",""stopAtMs"":1784110200000,""entryMode"":""auto"",""dryRun"":false,""preOpenLeadMs"":200,""toggleIntervalMs"":100}",86,AVAILABILITY_SHADOW,trace,content,"=""1784109632384""","=""2026-07-15 19:00:32.384""","=""1784109632675.65""","=""2026-07-15 19:00:32.675""",REFRESHING_SLOTS,슬롯 응답 shadow를 EMPTY로 분류했습니다.,,,,,,,,,0,,,107307.80000001192,0,8.199999988079071,107316,,none,EMPTY,,,,,,,,,,,,,,,,,cycle:29:request:45,EXACT,29,,,true,107307.80000001192,2,body,260801,107226.60000000894,45,107307.80000001192,200,,,45,,false,,,,,,false,107316,,no_matching_slot,,,,
run-c5d3458e-1897-43c4-a3eb-4f26238a355c,0.2.0,"=""1784109611250""","=""2026-07-15 19:00:11.250""","=""1784109669072""","=""2026-07-15 19:01:09.072""",STOPPED,132,0,https://app.catchtable.co.kr/ct/shop/yunjudang_,2026-08-01,2,"=""1784109600000""","=""2026-07-15 19:00:00.000""","=""1784110200000""","=""2026-07-15 19:10:00.000""",1020,1260,"{""targetUrl"":""https://app.catchtable.co.kr/ct/shop/yunjudang_"",""openAtMs"":1784109600000,""reservationDate"":""2026-08-01"",""personCount"":2,""timeRange"":{""startMinutes"":1020,""endMinutes"":1260},""priorityTimes"":[],""postSlotEnabled"":true,""paymentMethodAutoAdvance"":true,""paymentMethodPolicy"":""selected_allowed"",""tablePreference"":""any"",""menuKeyword"":"""",""stopAtMs"":1784110200000,""entryMode"":""auto"",""dryRun"":false,""preOpenLeadMs"":200,""toggleIntervalMs"":100}",87,DATE_TOGGLE_CYCLE,trace,content,"=""1784109632628""","=""2026-07-15 19:00:32.628""","=""1784109632919.7498""","=""2026-07-15 19:00:32.919""",REFRESHING_SLOTS,날짜 토글 #29: NO_SLOT,,,,true,1784109632487.3499,2026-07-31,1784109632476.65,1784109632667.5498,,,0,,,,,,,,,,,,,,,,,,,,,,,,,,29,,0,,,,long_tail,,,,,,NO_SLOT,,,13,,,true,1784109632547.5498,1784109632516.65,1784109632601.15,,,,,true,,false,live
run-c5d3458e-1897-43c4-a3eb-4f26238a355c,0.2.0,"=""1784109611250""","=""2026-07-15 19:00:11.250""","=""1784109669072""","=""2026-07-15 19:01:09.072""",STOPPED,132,0,https://app.catchtable.co.kr/ct/shop/yunjudang_,2026-08-01,2,"=""1784109600000""","=""2026-07-15 19:00:00.000""","=""1784110200000""","=""2026-07-15 19:10:00.000""",1020,1260,"{""targetUrl"":""https://app.catchtable.co.kr/ct/shop/yunjudang_"",""openAtMs"":1784109600000,""reservationDate"":""2026-08-01"",""personCount"":2,""timeRange"":{""startMinutes"":1020,""endMinutes"":1260},""priorityTimes"":[],""postSlotEnabled"":true,""paymentMethodAutoAdvance"":true,""paymentMethodPolicy"":""selected_allowed"",""tablePreference"":""any"",""menuKeyword"":"""",""stopAtMs"":1784110200000,""entryMode"":""auto"",""dryRun"":false,""preOpenLeadMs"":200,""toggleIntervalMs"":100}",88,AVAILABILITY_SHADOW,trace,content,"=""1784109634714""","=""2026-07-15 19:00:34.714""","=""1784109635005.95""","=""2026-07-15 19:00:35.005""",REFRESHING_SLOTS,슬롯 응답 shadow를 IRRELEVANT로 분류했습니다.,,,,,,,,,0,,,109637.10000000894,0,9.200000002980232,109646.30000001192,,none,IRRELEVANT,,,,,,,,,,,,,,,,,,NONE,,,,false,109637.10000000894,2,body,260731,109574.90000000596,46,109637.10000000894,0,,,46,,false,,,,,,false,109646.30000001192,,untrusted_quality,,,,
run-c5d3458e-1897-43c4-a3eb-4f26238a355c,0.2.0,"=""1784109611250""","=""2026-07-15 19:00:11.250""","=""1784109669072""","=""2026-07-15 19:01:09.072""",STOPPED,132,0,https://app.catchtable.co.kr/ct/shop/yunjudang_,2026-08-01,2,"=""1784109600000""","=""2026-07-15 19:00:00.000""","=""1784110200000""","=""2026-07-15 19:10:00.000""",1020,1260,"{""targetUrl"":""https://app.catchtable.co.kr/ct/shop/yunjudang_"",""openAtMs"":1784109600000,""reservationDate"":""2026-08-01"",""personCount"":2,""timeRange"":{""startMinutes"":1020,""endMinutes"":1260},""priorityTimes"":[],""postSlotEnabled"":true,""paymentMethodAutoAdvance"":true,""paymentMethodPolicy"":""selected_allowed"",""tablePreference"":""any"",""menuKeyword"":"""",""stopAtMs"":1784110200000,""entryMode"":""auto"",""dryRun"":false,""preOpenLeadMs"":200,""toggleIntervalMs"":100}",89,AVAILABILITY_SHADOW,trace,content,"=""1784109634785""","=""2026-07-15 19:00:34.785""","=""1784109635077.0498""","=""2026-07-15 19:00:35.077""",REFRESHING_SLOTS,슬롯 응답 shadow를 EMPTY로 분류했습니다.,,,,,,,,,0,,,109706.80000001192,0,10.400000005960464,109717.40000000596,,none,EMPTY,,,,,,,,,,,,,,,,,cycle:30:request:47,EXACT,30,,,true,109707,2,body,260801,109637.90000000596,47,109706.80000001192,200,,,47,,false,,,,,,false,109717.40000000596,,no_matching_slot,,,,
run-c5d3458e-1897-43c4-a3eb-4f26238a355c,0.2.0,"=""1784109611250""","=""2026-07-15 19:00:11.250""","=""1784109669072""","=""2026-07-15 19:01:09.072""",STOPPED,132,0,https://app.catchtable.co.kr/ct/shop/yunjudang_,2026-08-01,2,"=""1784109600000""","=""2026-07-15 19:00:00.000""","=""1784110200000""","=""2026-07-15 19:10:00.000""",1020,1260,"{""targetUrl"":""https://app.catchtable.co.kr/ct/shop/yunjudang_"",""openAtMs"":1784109600000,""reservationDate"":""2026-08-01"",""personCount"":2,""timeRange"":{""startMinutes"":1020,""endMinutes"":1260},""priorityTimes"":[],""postSlotEnabled"":true,""paymentMethodAutoAdvance"":true,""paymentMethodPolicy"":""selected_allowed"",""tablePreference"":""any"",""menuKeyword"":"""",""stopAtMs"":1784110200000,""entryMode"":""auto"",""dryRun"":false,""preOpenLeadMs"":200,""toggleIntervalMs"":100}",90,DATE_TOGGLE_CYCLE,trace,content,"=""1784109635025""","=""2026-07-15 19:00:35.025""","=""1784109635317.0498""","=""2026-07-15 19:00:35.317""",REFRESHING_SLOTS,날짜 토글 #30: NO_SLOT,,,,true,1784109634891.3499,2026-07-31,1784109634879.7498,1784109635066.7498,,,0,,,,,,,,,,,,,,,,,,,,,,,,,,30,,0,,,,long_tail,,,,,,NO_SLOT,,,12,,,true,1784109634956.8499,1784109634919.7498,1784109635013.0498,,,,,true,,false,live
run-c5d3458e-1897-43c4-a3eb-4f26238a355c,0.2.0,"=""1784109611250""","=""2026-07-15 19:00:11.250""","=""1784109669072""","=""2026-07-15 19:01:09.072""",STOPPED,132,0,https://app.catchtable.co.kr/ct/shop/yunjudang_,2026-08-01,2,"=""1784109600000""","=""2026-07-15 19:00:00.000""","=""1784110200000""","=""2026-07-15 19:10:00.000""",1020,1260,"{""targetUrl"":""https://app.catchtable.co.kr/ct/shop/yunjudang_"",""openAtMs"":1784109600000,""reservationDate"":""2026-08-01"",""personCount"":2,""timeRange"":{""startMinutes"":1020,""endMinutes"":1260},""priorityTimes"":[],""postSlotEnabled"":true,""paymentMethodAutoAdvance"":true,""paymentMethodPolicy"":""selected_allowed"",""tablePreference"":""any"",""menuKeyword"":"""",""stopAtMs"":1784110200000,""entryMode"":""auto"",""dryRun"":false,""preOpenLeadMs"":200,""toggleIntervalMs"":100}",91,AVAILABILITY_SHADOW,trace,content,"=""1784109637100""","=""2026-07-15 19:00:37.100""","=""1784109637391.7498""","=""2026-07-15 19:00:37.391""",REFRESHING_SLOTS,슬롯 응답 shadow를 IRRELEVANT로 분류했습니다.,,,,,,,,,0,,,112024.40000000596,0,7.700000002980232,112032.10000000894,,none,IRRELEVANT,,,,,,,,,,,,,,,,,,NONE,,,,false,112024.40000000596,2,body,260731,111966.10000000894,48,112024.40000000596,0,,,48,,false,,,,,,false,112032.10000000894,,untrusted_quality,,,,
run-c5d3458e-1897-43c4-a3eb-4f26238a355c,0.2.0,"=""1784109611250""","=""2026-07-15 19:00:11.250""","=""1784109669072""","=""2026-07-15 19:01:09.072""",STOPPED,132,0,https://app.catchtable.co.kr/ct/shop/yunjudang_,2026-08-01,2,"=""1784109600000""","=""2026-07-15 19:00:00.000""","=""1784110200000""","=""2026-07-15 19:10:00.000""",1020,1260,"{""targetUrl"":""https://app.catchtable.co.kr/ct/shop/yunjudang_"",""openAtMs"":1784109600000,""reservationDate"":""2026-08-01"",""personCount"":2,""timeRange"":{""startMinutes"":1020,""endMinutes"":1260},""priorityTimes"":[],""postSlotEnabled"":true,""paymentMethodAutoAdvance"":true,""paymentMethodPolicy"":""selected_allowed"",""tablePreference"":""any"",""menuKeyword"":"""",""stopAtMs"":1784110200000,""entryMode"":""auto"",""dryRun"":false,""preOpenLeadMs"":200,""toggleIntervalMs"":100}",92,AVAILABILITY_SHADOW,trace,content,"=""1784109637189""","=""2026-07-15 19:00:37.189""","=""1784109637480.5498""","=""2026-07-15 19:00:37.480""",REFRESHING_SLOTS,슬롯 응답 shadow를 EMPTY로 분류했습니다.,,,,,,,,,0,,,112112.30000001192,0,8.599999994039536,112120.90000000596,,none,EMPTY,,,,,,,,,,,,,,,,,cycle:31:request:49,EXACT,31,,,true,112112.30000001192,2,body,260801,112024.80000001192,49,112112.30000001192,200,,,49,,false,,,,,,false,112120.90000000596,,no_matching_slot,,,,
run-c5d3458e-1897-43c4-a3eb-4f26238a355c,0.2.0,"=""1784109611250""","=""2026-07-15 19:00:11.250""","=""1784109669072""","=""2026-07-15 19:01:09.072""",STOPPED,132,0,https://app.catchtable.co.kr/ct/shop/yunjudang_,2026-08-01,2,"=""1784109600000""","=""2026-07-15 19:00:00.000""","=""1784110200000""","=""2026-07-15 19:10:00.000""",1020,1260,"{""targetUrl"":""https://app.catchtable.co.kr/ct/shop/yunjudang_"",""openAtMs"":1784109600000,""reservationDate"":""2026-08-01"",""personCount"":2,""timeRange"":{""startMinutes"":1020,""endMinutes"":1260},""priorityTimes"":[],""postSlotEnabled"":true,""paymentMethodAutoAdvance"":true,""paymentMethodPolicy"":""selected_allowed"",""tablePreference"":""any"",""menuKeyword"":"""",""stopAtMs"":1784110200000,""entryMode"":""auto"",""dryRun"":false,""preOpenLeadMs"":200,""toggleIntervalMs"":100}",93,DATE_TOGGLE_CYCLE,trace,content,"=""1784109637432""","=""2026-07-15 19:00:37.432""","=""1784109637723.45""","=""2026-07-15 19:00:37.723""",REFRESHING_SLOTS,날짜 토글 #31: NO_SLOT,,,,true,1784109637287.8499,2026-07-31,1784109637277.0498,1784109637472.0498,,,0,,,,,,,,,,,,,,,,,,,,,,,,,,31,,0,,,,long_tail,,,,,,NO_SLOT,,,14,,,true,1784109637348.5498,1784109637317.0498,1784109637397.65,,,,,true,,false,live
run-c5d3458e-1897-43c4-a3eb-4f26238a355c,0.2.0,"=""1784109611250""","=""2026-07-15 19:00:11.250""","=""1784109669072""","=""2026-07-15 19:01:09.072""",STOPPED,132,0,https://app.catchtable.co.kr/ct/shop/yunjudang_,2026-08-01,2,"=""1784109600000""","=""2026-07-15 19:00:00.000""","=""1784110200000""","=""2026-07-15 19:10:00.000""",1020,1260,"{""targetUrl"":""https://app.catchtable.co.kr/ct/shop/yunjudang_"",""openAtMs"":1784109600000,""reservationDate"":""2026-08-01"",""personCount"":2,""timeRange"":{""startMinutes"":1020,""endMinutes"":1260},""priorityTimes"":[],""postSlotEnabled"":true,""paymentMethodAutoAdvance"":true,""paymentMethodPolicy"":""selected_allowed"",""tablePreference"":""any"",""menuKeyword"":"""",""stopAtMs"":1784110200000,""entryMode"":""auto"",""dryRun"":false,""preOpenLeadMs"":200,""toggleIntervalMs"":100}",94,AVAILABILITY_SHADOW,trace,content,"=""1784109639507""","=""2026-07-15 19:00:39.507""","=""1784109639798.8499""","=""2026-07-15 19:00:39.798""",REFRESHING_SLOTS,슬롯 응답 shadow를 IRRELEVANT로 분류했습니다.,,,,,,,,,0,,,114433,0,6.200000002980232,114439.20000000298,,none,IRRELEVANT,,,,,,,,,,,,,,,,,,NONE,,,,false,114433,2,body,260731,114373.70000000298,50,114433,0,,,50,,false,,,,,,false,114439.20000000298,,untrusted_quality,,,,
run-c5d3458e-1897-43c4-a3eb-4f26238a355c,0.2.0,"=""1784109611250""","=""2026-07-15 19:00:11.250""","=""1784109669072""","=""2026-07-15 19:01:09.072""",STOPPED,132,0,https://app.catchtable.co.kr/ct/shop/yunjudang_,2026-08-01,2,"=""1784109600000""","=""2026-07-15 19:00:00.000""","=""1784110200000""","=""2026-07-15 19:10:00.000""",1020,1260,"{""targetUrl"":""https://app.catchtable.co.kr/ct/shop/yunjudang_"",""openAtMs"":1784109600000,""reservationDate"":""2026-08-01"",""personCount"":2,""timeRange"":{""startMinutes"":1020,""endMinutes"":1260},""priorityTimes"":[],""postSlotEnabled"":true,""paymentMethodAutoAdvance"":true,""paymentMethodPolicy"":""selected_allowed"",""tablePreference"":""any"",""menuKeyword"":"""",""stopAtMs"":1784110200000,""entryMode"":""auto"",""dryRun"":false,""preOpenLeadMs"":200,""toggleIntervalMs"":100}",95,AVAILABILITY_SHADOW,trace,content,"=""1784109639664""","=""2026-07-15 19:00:39.664""","=""1784109639956.15""","=""2026-07-15 19:00:39.956""",REFRESHING_SLOTS,슬롯 응답 shadow를 EMPTY로 분류했습니다.,,,,,,,,,0,,,114587.70000000298,0.09999999403953552,8.599999994039536,114596.40000000596,,none,EMPTY,,,,,,,,,,,,,,,,,cycle:32:request:51,EXACT,32,,,true,114587.80000001192,2,body,260801,114433.5,51,114587.70000000298,200,,,51,,false,,,,,,false,114596.5,,no_matching_slot,,,,
run-c5d3458e-1897-43c4-a3eb-4f26238a355c,0.2.0,"=""1784109611250""","=""2026-07-15 19:00:11.250""","=""1784109669072""","=""2026-07-15 19:01:09.072""",STOPPED,132,0,https://app.catchtable.co.kr/ct/shop/yunjudang_,2026-08-01,2,"=""1784109600000""","=""2026-07-15 19:00:00.000""","=""1784110200000""","=""2026-07-15 19:10:00.000""",1020,1260,"{""targetUrl"":""https://app.catchtable.co.kr/ct/shop/yunjudang_"",""openAtMs"":1784109600000,""reservationDate"":""2026-08-01"",""personCount"":2,""timeRange"":{""startMinutes"":1020,""endMinutes"":1260},""priorityTimes"":[],""postSlotEnabled"":true,""paymentMethodAutoAdvance"":true,""paymentMethodPolicy"":""selected_allowed"",""tablePreference"":""any"",""menuKeyword"":"""",""stopAtMs"":1784110200000,""entryMode"":""auto"",""dryRun"":false,""preOpenLeadMs"":200,""toggleIntervalMs"":100}",96,DATE_TOGGLE_CYCLE,trace,content,"=""1784109639913""","=""2026-07-15 19:00:39.913""","=""1784109640204.3499""","=""2026-07-15 19:00:40.204""",REFRESHING_SLOTS,날짜 토글 #32: NO_SLOT,,,,true,1784109639694.45,2026-07-31,1784109639683.5498,1784109639947.45,,,0,,,,,,,,,,,,,,,,,,,,,,,,,,32,,0,,,,long_tail,,,,,,NO_SLOT,,,17,,,true,1784109639757.5498,1784109639723.5498,1784109639806.3499,,,,,true,,false,live
run-c5d3458e-1897-43c4-a3eb-4f26238a355c,0.2.0,"=""1784109611250""","=""2026-07-15 19:00:11.250""","=""1784109669072""","=""2026-07-15 19:01:09.072""",STOPPED,132,0,https://app.catchtable.co.kr/ct/shop/yunjudang_,2026-08-01,2,"=""1784109600000""","=""2026-07-15 19:00:00.000""","=""1784110200000""","=""2026-07-15 19:10:00.000""",1020,1260,"{""targetUrl"":""https://app.catchtable.co.kr/ct/shop/yunjudang_"",""openAtMs"":1784109600000,""reservationDate"":""2026-08-01"",""personCount"":2,""timeRange"":{""startMinutes"":1020,""endMinutes"":1260},""priorityTimes"":[],""postSlotEnabled"":true,""paymentMethodAutoAdvance"":true,""paymentMethodPolicy"":""selected_allowed"",""tablePreference"":""any"",""menuKeyword"":"""",""stopAtMs"":1784110200000,""entryMode"":""auto"",""dryRun"":false,""preOpenLeadMs"":200,""toggleIntervalMs"":100}",97,AVAILABILITY_SHADOW,trace,content,"=""1784109641994""","=""2026-07-15 19:00:41.994""","=""1784109642285.95""","=""2026-07-15 19:00:42.285""",REFRESHING_SLOTS,슬롯 응답 shadow를 IRRELEVANT로 분류했습니다.,,,,,,,,,0,,,116919.90000000596,0.10000000894069672,6.299999997019768,116926.20000000298,,none,IRRELEVANT,,,,,,,,,,,,,,,,,,NONE,,,,false,116919.90000000596,2,body,260731,116857.80000001192,52,116919.90000000596,0,,,52,,false,,,,,,false,116926.30000001192,,untrusted_quality,,,,
run-c5d3458e-1897-43c4-a3eb-4f26238a355c,0.2.0,"=""1784109611250""","=""2026-07-15 19:00:11.250""","=""1784109669072""","=""2026-07-15 19:01:09.072""",STOPPED,132,0,https://app.catchtable.co.kr/ct/shop/yunjudang_,2026-08-01,2,"=""1784109600000""","=""2026-07-15 19:00:00.000""","=""1784110200000""","=""2026-07-15 19:10:00.000""",1020,1260,"{""targetUrl"":""https://app.catchtable.co.kr/ct/shop/yunjudang_"",""openAtMs"":1784109600000,""reservationDate"":""2026-08-01"",""personCount"":2,""timeRange"":{""startMinutes"":1020,""endMinutes"":1260},""priorityTimes"":[],""postSlotEnabled"":true,""paymentMethodAutoAdvance"":true,""paymentMethodPolicy"":""selected_allowed"",""tablePreference"":""any"",""menuKeyword"":"""",""stopAtMs"":1784110200000,""entryMode"":""auto"",""dryRun"":false,""preOpenLeadMs"":200,""toggleIntervalMs"":100}",98,AVAILABILITY_SHADOW,trace,content,"=""1784109642223""","=""2026-07-15 19:00:42.223""","=""1784109642514.7498""","=""2026-07-15 19:00:42.514""",REFRESHING_SLOTS,슬롯 응답 shadow를 EMPTY로 분류했습니다.,,,,,,,,,0,,,117147.5,0,7.600000008940697,117155.10000000894,,none,EMPTY,,,,,,,,,,,,,,,,,cycle:33:request:53,EXACT,33,,,true,117147.5,2,body,260801,116920.40000000596,53,117147.5,200,,,53,,false,,,,,,false,117155.10000000894,,no_matching_slot,,,,
run-c5d3458e-1897-43c4-a3eb-4f26238a355c,0.2.0,"=""1784109611250""","=""2026-07-15 19:00:11.250""","=""1784109669072""","=""2026-07-15 19:01:09.072""",STOPPED,132,0,https://app.catchtable.co.kr/ct/shop/yunjudang_,2026-08-01,2,"=""1784109600000""","=""2026-07-15 19:00:00.000""","=""1784110200000""","=""2026-07-15 19:10:00.000""",1020,1260,"{""targetUrl"":""https://app.catchtable.co.kr/ct/shop/yunjudang_"",""openAtMs"":1784109600000,""reservationDate"":""2026-08-01"",""personCount"":2,""timeRange"":{""startMinutes"":1020,""endMinutes"":1260},""priorityTimes"":[],""postSlotEnabled"":true,""paymentMethodAutoAdvance"":true,""paymentMethodPolicy"":""selected_allowed"",""tablePreference"":""any"",""menuKeyword"":"""",""stopAtMs"":1784110200000,""entryMode"":""auto"",""dryRun"":false,""preOpenLeadMs"":200,""toggleIntervalMs"":100}",99,DATE_TOGGLE_CYCLE,trace,content,"=""1784109642467""","=""2026-07-15 19:00:42.467""","=""1784109642758.8499""","=""2026-07-15 19:00:42.758""",REFRESHING_SLOTS,날짜 토글 #33: NO_SLOT,,,,true,1784109642177.0498,2026-07-31,1784109642164.3499,1784109642507.2498,,,0,,,,,,,,,,,,,,,,,,,,,,,,,,33,,0,,,,long_tail,,,,,,NO_SLOT,,,19,,,true,1784109642242.8499,1784109642204.3499,1784109642293.0498,,,,,true,,false,live
run-c5d3458e-1897-43c4-a3eb-4f26238a355c,0.2.0,"=""1784109611250""","=""2026-07-15 19:00:11.250""","=""1784109669072""","=""2026-07-15 19:01:09.072""",STOPPED,132,0,https://app.catchtable.co.kr/ct/shop/yunjudang_,2026-08-01,2,"=""1784109600000""","=""2026-07-15 19:00:00.000""","=""1784110200000""","=""2026-07-15 19:10:00.000""",1020,1260,"{""targetUrl"":""https://app.catchtable.co.kr/ct/shop/yunjudang_"",""openAtMs"":1784109600000,""reservationDate"":""2026-08-01"",""personCount"":2,""timeRange"":{""startMinutes"":1020,""endMinutes"":1260},""priorityTimes"":[],""postSlotEnabled"":true,""paymentMethodAutoAdvance"":true,""paymentMethodPolicy"":""selected_allowed"",""tablePreference"":""any"",""menuKeyword"":"""",""stopAtMs"":1784110200000,""entryMode"":""auto"",""dryRun"":false,""preOpenLeadMs"":200,""toggleIntervalMs"":100}",100,AVAILABILITY_SHADOW,trace,content,"=""1784109644551""","=""2026-07-15 19:00:44.551""","=""1784109644843.0498""","=""2026-07-15 19:00:44.843""",REFRESHING_SLOTS,슬롯 응답 shadow를 IRRELEVANT로 분류했습니다.,,,,,,,,,0,,,119475.90000000596,0,7.5,119483.40000000596,,none,IRRELEVANT,,,,,,,,,,,,,,,,,,NONE,,,,false,119475.90000000596,2,body,260731,119415.5,54,119475.90000000596,0,,,54,,false,,,,,,false,119483.40000000596,,untrusted_quality,,,,
run-c5d3458e-1897-43c4-a3eb-4f26238a355c,0.2.0,"=""1784109611250""","=""2026-07-15 19:00:11.250""","=""1784109669072""","=""2026-07-15 19:01:09.072""",STOPPED,132,0,https://app.catchtable.co.kr/ct/shop/yunjudang_,2026-08-01,2,"=""1784109600000""","=""2026-07-15 19:00:00.000""","=""1784110200000""","=""2026-07-15 19:10:00.000""",1020,1260,"{""targetUrl"":""https://app.catchtable.co.kr/ct/shop/yunjudang_"",""openAtMs"":1784109600000,""reservationDate"":""2026-08-01"",""personCount"":2,""timeRange"":{""startMinutes"":1020,""endMinutes"":1260},""priorityTimes"":[],""postSlotEnabled"":true,""paymentMethodAutoAdvance"":true,""paymentMethodPolicy"":""selected_allowed"",""tablePreference"":""any"",""menuKeyword"":"""",""stopAtMs"":1784110200000,""entryMode"":""auto"",""dryRun"":false,""preOpenLeadMs"":200,""toggleIntervalMs"":100}",101,AVAILABILITY_SHADOW,trace,content,"=""1784109644633""","=""2026-07-15 19:00:44.633""","=""1784109644924.65""","=""2026-07-15 19:00:44.924""",REFRESHING_SLOTS,슬롯 응답 shadow를 EMPTY로 분류했습니다.,,,,,,,,,0,,,119550.30000001192,0.09999999403953552,14.599999994039536,119564.90000000596,,none,EMPTY,,,,,,,,,,,,,,,,,cycle:34:request:55,EXACT,34,,,true,119550.30000001192,2,body,260801,119476.5,55,119550.30000001192,200,,,55,,false,,,,,,false,119565,,no_matching_slot,,,,
run-c5d3458e-1897-43c4-a3eb-4f26238a355c,0.2.0,"=""1784109611250""","=""2026-07-15 19:00:11.250""","=""1784109669072""","=""2026-07-15 19:01:09.072""",STOPPED,132,0,https://app.catchtable.co.kr/ct/shop/yunjudang_,2026-08-01,2,"=""1784109600000""","=""2026-07-15 19:00:00.000""","=""1784110200000""","=""2026-07-15 19:10:00.000""",1020,1260,"{""targetUrl"":""https://app.catchtable.co.kr/ct/shop/yunjudang_"",""openAtMs"":1784109600000,""reservationDate"":""2026-08-01"",""personCount"":2,""timeRange"":{""startMinutes"":1020,""endMinutes"":1260},""priorityTimes"":[],""postSlotEnabled"":true,""paymentMethodAutoAdvance"":true,""paymentMethodPolicy"":""selected_allowed"",""tablePreference"":""any"",""menuKeyword"":"""",""stopAtMs"":1784110200000,""entryMode"":""auto"",""dryRun"":false,""preOpenLeadMs"":200,""toggleIntervalMs"":100}",102,DATE_TOGGLE_CYCLE,trace,content,"=""1784109644872""","=""2026-07-15 19:00:44.872""","=""1784109645163.95""","=""2026-07-15 19:00:45.163""",REFRESHING_SLOTS,날짜 토글 #34: NO_SLOT,,,,true,1784109644730.65,2026-07-31,1784109644718.8499,1784109644910.3499,,,0,,,,,,,,,,,,,,,,,,,,,,,,,,34,,0,,,,long_tail,,,,,,NO_SLOT,,,14,,,true,1784109644799.5498,1784109644758.8499,1784109644850.0498,,,,,true,,false,live
run-c5d3458e-1897-43c4-a3eb-4f26238a355c,0.2.0,"=""1784109611250""","=""2026-07-15 19:00:11.250""","=""1784109669072""","=""2026-07-15 19:01:09.072""",STOPPED,132,0,https://app.catchtable.co.kr/ct/shop/yunjudang_,2026-08-01,2,"=""1784109600000""","=""2026-07-15 19:00:00.000""","=""1784110200000""","=""2026-07-15 19:10:00.000""",1020,1260,"{""targetUrl"":""https://app.catchtable.co.kr/ct/shop/yunjudang_"",""openAtMs"":1784109600000,""reservationDate"":""2026-08-01"",""personCount"":2,""timeRange"":{""startMinutes"":1020,""endMinutes"":1260},""priorityTimes"":[],""postSlotEnabled"":true,""paymentMethodAutoAdvance"":true,""paymentMethodPolicy"":""selected_allowed"",""tablePreference"":""any"",""menuKeyword"":"""",""stopAtMs"":1784110200000,""entryMode"":""auto"",""dryRun"":false,""preOpenLeadMs"":200,""toggleIntervalMs"":100}",103,AVAILABILITY_SHADOW,trace,content,"=""1784109646951""","=""2026-07-15 19:00:46.951""","=""1784109647241.5498""","=""2026-07-15 19:00:47.241""",REFRESHING_SLOTS,슬롯 응답 shadow를 IRRELEVANT로 분류했습니다.,,,,,,,,,0,,,121874.20000000298,0,7.700000002980232,121881.90000000596,,none,IRRELEVANT,,,,,,,,,,,,,,,,,,NONE,,,,false,121874.20000000298,2,body,260731,121815.40000000596,56,121874.20000000298,0,,,56,,false,,,,,,false,121881.90000000596,,untrusted_quality,,,,
run-c5d3458e-1897-43c4-a3eb-4f26238a355c,0.2.0,"=""1784109611250""","=""2026-07-15 19:00:11.250""","=""1784109669072""","=""2026-07-15 19:01:09.072""",STOPPED,132,0,https://app.catchtable.co.kr/ct/shop/yunjudang_,2026-08-01,2,"=""1784109600000""","=""2026-07-15 19:00:00.000""","=""1784110200000""","=""2026-07-15 19:10:00.000""",1020,1260,"{""targetUrl"":""https://app.catchtable.co.kr/ct/shop/yunjudang_"",""openAtMs"":1784109600000,""reservationDate"":""2026-08-01"",""personCount"":2,""timeRange"":{""startMinutes"":1020,""endMinutes"":1260},""priorityTimes"":[],""postSlotEnabled"":true,""paymentMethodAutoAdvance"":true,""paymentMethodPolicy"":""selected_allowed"",""tablePreference"":""any"",""menuKeyword"":"""",""stopAtMs"":1784110200000,""entryMode"":""auto"",""dryRun"":false,""preOpenLeadMs"":200,""toggleIntervalMs"":100}",104,AVAILABILITY_SHADOW,trace,content,"=""1784109647025""","=""2026-07-15 19:00:47.025""","=""1784109647316.2498""","=""2026-07-15 19:00:47.316""",REFRESHING_SLOTS,슬롯 응답 shadow를 EMPTY로 분류했습니다.,,,,,,,,,0,,,121949.80000001192,0,6.799999997019768,121956.60000000894,,none,EMPTY,,,,,,,,,,,,,,,,,cycle:35:request:57,EXACT,35,,,true,121949.80000001192,2,body,260801,121874.60000000894,57,121949.80000001192,200,,,57,,false,,,,,,false,121956.60000000894,,no_matching_slot,,,,
run-c5d3458e-1897-43c4-a3eb-4f26238a355c,0.2.0,"=""1784109611250""","=""2026-07-15 19:00:11.250""","=""1784109669072""","=""2026-07-15 19:01:09.072""",STOPPED,132,0,https://app.catchtable.co.kr/ct/shop/yunjudang_,2026-08-01,2,"=""1784109600000""","=""2026-07-15 19:00:00.000""","=""1784110200000""","=""2026-07-15 19:10:00.000""",1020,1260,"{""targetUrl"":""https://app.catchtable.co.kr/ct/shop/yunjudang_"",""openAtMs"":1784109600000,""reservationDate"":""2026-08-01"",""personCount"":2,""timeRange"":{""startMinutes"":1020,""endMinutes"":1260},""priorityTimes"":[],""postSlotEnabled"":true,""paymentMethodAutoAdvance"":true,""paymentMethodPolicy"":""selected_allowed"",""tablePreference"":""any"",""menuKeyword"":"""",""stopAtMs"":1784110200000,""entryMode"":""auto"",""dryRun"":false,""preOpenLeadMs"":200,""toggleIntervalMs"":100}",105,DATE_TOGGLE_CYCLE,trace,content,"=""1784109647270""","=""2026-07-15 19:00:47.270""","=""1784109647560.5498""","=""2026-07-15 19:00:47.560""",REFRESHING_SLOTS,날짜 토글 #35: NO_SLOT,,,,true,1784109647136.2498,2026-07-31,1784109647123.95,1784109647309.5498,,,0,,,,,,,,,,,,,,,,,,,,,,,,,,35,,0,,,,long_tail,,,,,,NO_SLOT,,,13,,,true,1784109647198.8499,1784109647163.95,1784109647247.5498,,,,,true,,false,live
run-c5d3458e-1897-43c4-a3eb-4f26238a355c,0.2.0,"=""1784109611250""","=""2026-07-15 19:00:11.250""","=""1784109669072""","=""2026-07-15 19:01:09.072""",STOPPED,132,0,https://app.catchtable.co.kr/ct/shop/yunjudang_,2026-08-01,2,"=""1784109600000""","=""2026-07-15 19:00:00.000""","=""1784110200000""","=""2026-07-15 19:10:00.000""",1020,1260,"{""targetUrl"":""https://app.catchtable.co.kr/ct/shop/yunjudang_"",""openAtMs"":1784109600000,""reservationDate"":""2026-08-01"",""personCount"":2,""timeRange"":{""startMinutes"":1020,""endMinutes"":1260},""priorityTimes"":[],""postSlotEnabled"":true,""paymentMethodAutoAdvance"":true,""paymentMethodPolicy"":""selected_allowed"",""tablePreference"":""any"",""menuKeyword"":"""",""stopAtMs"":1784110200000,""entryMode"":""auto"",""dryRun"":false,""preOpenLeadMs"":200,""toggleIntervalMs"":100}",106,AVAILABILITY_SHADOW,trace,content,"=""1784109649349""","=""2026-07-15 19:00:49.349""","=""1784109649639.8499""","=""2026-07-15 19:00:49.639""",REFRESHING_SLOTS,슬롯 응답 shadow를 IRRELEVANT로 분류했습니다.,,,,,,,,,0,,,124273.10000000894,0,7.0999999940395355,124280.20000000298,,none,IRRELEVANT,,,,,,,,,,,,,,,,,,NONE,,,,false,124273.10000000894,2,body,260731,124215.30000001192,58,124273.10000000894,0,,,58,,false,,,,,,false,124280.20000000298,,untrusted_quality,,,,
run-c5d3458e-1897-43c4-a3eb-4f26238a355c,0.2.0,"=""1784109611250""","=""2026-07-15 19:00:11.250""","=""1784109669072""","=""2026-07-15 19:01:09.072""",STOPPED,132,0,https://app.catchtable.co.kr/ct/shop/yunjudang_,2026-08-01,2,"=""1784109600000""","=""2026-07-15 19:00:00.000""","=""1784110200000""","=""2026-07-15 19:10:00.000""",1020,1260,"{""targetUrl"":""https://app.catchtable.co.kr/ct/shop/yunjudang_"",""openAtMs"":1784109600000,""reservationDate"":""2026-08-01"",""personCount"":2,""timeRange"":{""startMinutes"":1020,""endMinutes"":1260},""priorityTimes"":[],""postSlotEnabled"":true,""paymentMethodAutoAdvance"":true,""paymentMethodPolicy"":""selected_allowed"",""tablePreference"":""any"",""menuKeyword"":"""",""stopAtMs"":1784110200000,""entryMode"":""auto"",""dryRun"":false,""preOpenLeadMs"":200,""toggleIntervalMs"":100}",107,AVAILABILITY_SHADOW,trace,content,"=""1784109649424""","=""2026-07-15 19:00:49.424""","=""1784109649714.5498""","=""2026-07-15 19:00:49.714""",REFRESHING_SLOTS,슬롯 응답 shadow를 EMPTY로 분류했습니다.,,,,,,,,,0,,,124348,0,6.9000000059604645,124354.90000000596,,none,EMPTY,,,,,,,,,,,,,,,,,cycle:36:request:59,EXACT,36,,,true,124348,2,body,260801,124273.5,59,124348,200,,,59,,false,,,,,,false,124354.90000000596,,no_matching_slot,,,,
run-c5d3458e-1897-43c4-a3eb-4f26238a355c,0.2.0,"=""1784109611250""","=""2026-07-15 19:00:11.250""","=""1784109669072""","=""2026-07-15 19:01:09.072""",STOPPED,132,0,https://app.catchtable.co.kr/ct/shop/yunjudang_,2026-08-01,2,"=""1784109600000""","=""2026-07-15 19:00:00.000""","=""1784110200000""","=""2026-07-15 19:10:00.000""",1020,1260,"{""targetUrl"":""https://app.catchtable.co.kr/ct/shop/yunjudang_"",""openAtMs"":1784109600000,""reservationDate"":""2026-08-01"",""personCount"":2,""timeRange"":{""startMinutes"":1020,""endMinutes"":1260},""priorityTimes"":[],""postSlotEnabled"":true,""paymentMethodAutoAdvance"":true,""paymentMethodPolicy"":""selected_allowed"",""tablePreference"":""any"",""menuKeyword"":"""",""stopAtMs"":1784110200000,""entryMode"":""auto"",""dryRun"":false,""preOpenLeadMs"":200,""toggleIntervalMs"":100}",108,DATE_TOGGLE_CYCLE,trace,content,"=""1784109649672""","=""2026-07-15 19:00:49.672""","=""1784109649962.7498""","=""2026-07-15 19:00:49.962""",REFRESHING_SLOTS,날짜 토글 #36: NO_SLOT,,,,true,1784109649532.3499,2026-07-31,1784109649520.5498,1784109649707.8499,,,0,,,,,,,,,,,,,,,,,,,,,,,,,,36,,0,,,,long_tail,,,,,,NO_SLOT,,,14,,,true,1784109649598.7498,1784109649560.5498,1784109649645.5498,,,,,true,,false,live
run-c5d3458e-1897-43c4-a3eb-4f26238a355c,0.2.0,"=""1784109611250""","=""2026-07-15 19:00:11.250""","=""1784109669072""","=""2026-07-15 19:01:09.072""",STOPPED,132,0,https://app.catchtable.co.kr/ct/shop/yunjudang_,2026-08-01,2,"=""1784109600000""","=""2026-07-15 19:00:00.000""","=""1784110200000""","=""2026-07-15 19:10:00.000""",1020,1260,"{""targetUrl"":""https://app.catchtable.co.kr/ct/shop/yunjudang_"",""openAtMs"":1784109600000,""reservationDate"":""2026-08-01"",""personCount"":2,""timeRange"":{""startMinutes"":1020,""endMinutes"":1260},""priorityTimes"":[],""postSlotEnabled"":true,""paymentMethodAutoAdvance"":true,""paymentMethodPolicy"":""selected_allowed"",""tablePreference"":""any"",""menuKeyword"":"""",""stopAtMs"":1784110200000,""entryMode"":""auto"",""dryRun"":false,""preOpenLeadMs"":200,""toggleIntervalMs"":100}",109,AVAILABILITY_SHADOW,trace,content,"=""1784109651759""","=""2026-07-15 19:00:51.759""","=""1784109652049.65""","=""2026-07-15 19:00:52.049""",REFRESHING_SLOTS,슬롯 응답 shadow를 IRRELEVANT로 분류했습니다.,,,,,,,,,0,,,126679.20000000298,0.09999999403953552,10.700000002980232,126689.90000000596,,none,IRRELEVANT,,,,,,,,,,,,,,,,,,NONE,,,,false,126679.20000000298,2,body,260731,126620.5,60,126679.20000000298,0,,,60,,false,,,,,,false,126690,,untrusted_quality,,,,
run-c5d3458e-1897-43c4-a3eb-4f26238a355c,0.2.0,"=""1784109611250""","=""2026-07-15 19:00:11.250""","=""1784109669072""","=""2026-07-15 19:01:09.072""",STOPPED,132,0,https://app.catchtable.co.kr/ct/shop/yunjudang_,2026-08-01,2,"=""1784109600000""","=""2026-07-15 19:00:00.000""","=""1784110200000""","=""2026-07-15 19:10:00.000""",1020,1260,"{""targetUrl"":""https://app.catchtable.co.kr/ct/shop/yunjudang_"",""openAtMs"":1784109600000,""reservationDate"":""2026-08-01"",""personCount"":2,""timeRange"":{""startMinutes"":1020,""endMinutes"":1260},""priorityTimes"":[],""postSlotEnabled"":true,""paymentMethodAutoAdvance"":true,""paymentMethodPolicy"":""selected_allowed"",""tablePreference"":""any"",""menuKeyword"":"""",""stopAtMs"":1784110200000,""entryMode"":""auto"",""dryRun"":false,""preOpenLeadMs"":200,""toggleIntervalMs"":100}",110,AVAILABILITY_SHADOW,trace,content,"=""1784109651859""","=""2026-07-15 19:00:51.859""","=""1784109652149.65""","=""2026-07-15 19:00:52.149""",REFRESHING_SLOTS,슬롯 응답 shadow를 EMPTY로 분류했습니다.,,,,,,,,,0,,,126782.5,0,7.5,126790,,none,EMPTY,,,,,,,,,,,,,,,,,cycle:37:request:61,EXACT,37,,,true,126782.5,2,body,260801,126680.20000000298,61,126782.5,200,,,61,,false,,,,,,false,126790,,no_matching_slot,,,,
run-c5d3458e-1897-43c4-a3eb-4f26238a355c,0.2.0,"=""1784109611250""","=""2026-07-15 19:00:11.250""","=""1784109669072""","=""2026-07-15 19:01:09.072""",STOPPED,132,0,https://app.catchtable.co.kr/ct/shop/yunjudang_,2026-08-01,2,"=""1784109600000""","=""2026-07-15 19:00:00.000""","=""1784110200000""","=""2026-07-15 19:10:00.000""",1020,1260,"{""targetUrl"":""https://app.catchtable.co.kr/ct/shop/yunjudang_"",""openAtMs"":1784109600000,""reservationDate"":""2026-08-01"",""personCount"":2,""timeRange"":{""startMinutes"":1020,""endMinutes"":1260},""priorityTimes"":[],""postSlotEnabled"":true,""paymentMethodAutoAdvance"":true,""paymentMethodPolicy"":""selected_allowed"",""tablePreference"":""any"",""menuKeyword"":"""",""stopAtMs"":1784110200000,""entryMode"":""auto"",""dryRun"":false,""preOpenLeadMs"":200,""toggleIntervalMs"":100}",111,DATE_TOGGLE_CYCLE,trace,content,"=""1784109652101""","=""2026-07-15 19:00:52.101""","=""1784109652392.2498""","=""2026-07-15 19:00:52.392""",REFRESHING_SLOTS,날짜 토글 #37: NO_SLOT,,,,true,1784109651939.2498,2026-07-31,1784109651922.8499,1784109652142.15,,,0,,,,,,,,,,,,,,,,,,,,,,,,,,37,,0,,,,long_tail,,,,,,NO_SLOT,,,15,,,true,1784109652002.5498,1784109651962.8499,1784109652053.3499,,,,,true,,false,live
run-c5d3458e-1897-43c4-a3eb-4f26238a355c,0.2.0,"=""1784109611250""","=""2026-07-15 19:00:11.250""","=""1784109669072""","=""2026-07-15 19:01:09.072""",STOPPED,132,0,https://app.catchtable.co.kr/ct/shop/yunjudang_,2026-08-01,2,"=""1784109600000""","=""2026-07-15 19:00:00.000""","=""1784110200000""","=""2026-07-15 19:10:00.000""",1020,1260,"{""targetUrl"":""https://app.catchtable.co.kr/ct/shop/yunjudang_"",""openAtMs"":1784109600000,""reservationDate"":""2026-08-01"",""personCount"":2,""timeRange"":{""startMinutes"":1020,""endMinutes"":1260},""priorityTimes"":[],""postSlotEnabled"":true,""paymentMethodAutoAdvance"":true,""paymentMethodPolicy"":""selected_allowed"",""tablePreference"":""any"",""menuKeyword"":"""",""stopAtMs"":1784110200000,""entryMode"":""auto"",""dryRun"":false,""preOpenLeadMs"":200,""toggleIntervalMs"":100}",112,AVAILABILITY_SHADOW,trace,content,"=""1784109654184""","=""2026-07-15 19:00:54.184""","=""1784109654474.95""","=""2026-07-15 19:00:54.474""",REFRESHING_SLOTS,슬롯 응답 shadow를 IRRELEVANT로 분류했습니다.,,,,,,,,,0,,,129107.60000000894,0,7.700000002980232,129115.30000001192,,none,IRRELEVANT,,,,,,,,,,,,,,,,,,NONE,,,,false,129107.60000000894,2,body,260731,129048.10000000894,62,129107.60000000894,0,,,62,,false,,,,,,false,129115.30000001192,,untrusted_quality,,,,
run-c5d3458e-1897-43c4-a3eb-4f26238a355c,0.2.0,"=""1784109611250""","=""2026-07-15 19:00:11.250""","=""1784109669072""","=""2026-07-15 19:01:09.072""",STOPPED,132,0,https://app.catchtable.co.kr/ct/shop/yunjudang_,2026-08-01,2,"=""1784109600000""","=""2026-07-15 19:00:00.000""","=""1784110200000""","=""2026-07-15 19:10:00.000""",1020,1260,"{""targetUrl"":""https://app.catchtable.co.kr/ct/shop/yunjudang_"",""openAtMs"":1784109600000,""reservationDate"":""2026-08-01"",""personCount"":2,""timeRange"":{""startMinutes"":1020,""endMinutes"":1260},""priorityTimes"":[],""postSlotEnabled"":true,""paymentMethodAutoAdvance"":true,""paymentMethodPolicy"":""selected_allowed"",""tablePreference"":""any"",""menuKeyword"":"""",""stopAtMs"":1784110200000,""entryMode"":""auto"",""dryRun"":false,""preOpenLeadMs"":200,""toggleIntervalMs"":100}",113,AVAILABILITY_SHADOW,trace,content,"=""1784109654284""","=""2026-07-15 19:00:54.284""","=""1784109654574.5498""","=""2026-07-15 19:00:54.574""",REFRESHING_SLOTS,슬롯 응답 shadow를 EMPTY로 분류했습니다.,,,,,,,,,0,,,129205.20000000298,0,9.599999994039536,129214.90000000596,,none,EMPTY,,,,,,,,,,,,,,,,,cycle:38:request:63,EXACT,38,,,true,129205.30000001192,2,body,260801,129108.10000000894,63,129205.20000000298,200,,,63,,false,,,,,,false,129214.90000000596,,no_matching_slot,,,,
run-c5d3458e-1897-43c4-a3eb-4f26238a355c,0.2.0,"=""1784109611250""","=""2026-07-15 19:00:11.250""","=""1784109669072""","=""2026-07-15 19:01:09.072""",STOPPED,132,0,https://app.catchtable.co.kr/ct/shop/yunjudang_,2026-08-01,2,"=""1784109600000""","=""2026-07-15 19:00:00.000""","=""1784110200000""","=""2026-07-15 19:10:00.000""",1020,1260,"{""targetUrl"":""https://app.catchtable.co.kr/ct/shop/yunjudang_"",""openAtMs"":1784109600000,""reservationDate"":""2026-08-01"",""personCount"":2,""timeRange"":{""startMinutes"":1020,""endMinutes"":1260},""priorityTimes"":[],""postSlotEnabled"":true,""paymentMethodAutoAdvance"":true,""paymentMethodPolicy"":""selected_allowed"",""tablePreference"":""any"",""menuKeyword"":"""",""stopAtMs"":1784110200000,""entryMode"":""auto"",""dryRun"":false,""preOpenLeadMs"":200,""toggleIntervalMs"":100}",114,DATE_TOGGLE_CYCLE,trace,content,"=""1784109654525""","=""2026-07-15 19:00:54.525""","=""1784109654816.3499""","=""2026-07-15 19:00:54.816""",REFRESHING_SLOTS,날짜 토글 #38: NO_SLOT,,,,true,1784109654362.2498,2026-07-31,1784109654352.2498,1784109654565.15,,,0,,,,,,,,,,,,,,,,,,,,,,,,,,38,,0,,,,long_tail,,,,,,NO_SLOT,,,14,,,true,1784109654430.95,1784109654392.2498,1784109654481.15,,,,,true,,false,live
run-c5d3458e-1897-43c4-a3eb-4f26238a355c,0.2.0,"=""1784109611250""","=""2026-07-15 19:00:11.250""","=""1784109669072""","=""2026-07-15 19:01:09.072""",STOPPED,132,0,https://app.catchtable.co.kr/ct/shop/yunjudang_,2026-08-01,2,"=""1784109600000""","=""2026-07-15 19:00:00.000""","=""1784110200000""","=""2026-07-15 19:10:00.000""",1020,1260,"{""targetUrl"":""https://app.catchtable.co.kr/ct/shop/yunjudang_"",""openAtMs"":1784109600000,""reservationDate"":""2026-08-01"",""personCount"":2,""timeRange"":{""startMinutes"":1020,""endMinutes"":1260},""priorityTimes"":[],""postSlotEnabled"":true,""paymentMethodAutoAdvance"":true,""paymentMethodPolicy"":""selected_allowed"",""tablePreference"":""any"",""menuKeyword"":"""",""stopAtMs"":1784110200000,""entryMode"":""auto"",""dryRun"":false,""preOpenLeadMs"":200,""toggleIntervalMs"":100}",115,AVAILABILITY_SHADOW,trace,content,"=""1784109656607""","=""2026-07-15 19:00:56.607""","=""1784109656898.3499""","=""2026-07-15 19:00:56.898""",REFRESHING_SLOTS,슬롯 응답 shadow를 IRRELEVANT로 분류했습니다.,,,,,,,,,0,,,131527.5,0,11.200000002980232,131538.70000000298,,none,IRRELEVANT,,,,,,,,,,,,,,,,,,NONE,,,,false,131527.5,2,body,260731,131471,64,131527.5,0,,,64,,false,,,,,,false,131538.70000000298,,untrusted_quality,,,,
run-c5d3458e-1897-43c4-a3eb-4f26238a355c,0.2.0,"=""1784109611250""","=""2026-07-15 19:00:11.250""","=""1784109669072""","=""2026-07-15 19:01:09.072""",STOPPED,132,0,https://app.catchtable.co.kr/ct/shop/yunjudang_,2026-08-01,2,"=""1784109600000""","=""2026-07-15 19:00:00.000""","=""1784110200000""","=""2026-07-15 19:10:00.000""",1020,1260,"{""targetUrl"":""https://app.catchtable.co.kr/ct/shop/yunjudang_"",""openAtMs"":1784109600000,""reservationDate"":""2026-08-01"",""personCount"":2,""timeRange"":{""startMinutes"":1020,""endMinutes"":1260},""priorityTimes"":[],""postSlotEnabled"":true,""paymentMethodAutoAdvance"":true,""paymentMethodPolicy"":""selected_allowed"",""tablePreference"":""any"",""menuKeyword"":"""",""stopAtMs"":1784110200000,""entryMode"":""auto"",""dryRun"":false,""preOpenLeadMs"":200,""toggleIntervalMs"":100}",116,AVAILABILITY_SHADOW,trace,content,"=""1784109656716""","=""2026-07-15 19:00:56.716""","=""1784109657006.7498""","=""2026-07-15 19:00:57.006""",REFRESHING_SLOTS,슬롯 응답 shadow를 EMPTY로 분류했습니다.,,,,,,,,,0,,,131638.20000000298,0.10000000894069672,8.799999997019768,131647,,none,EMPTY,,,,,,,,,,,,,,,,,cycle:39:request:65,EXACT,39,,,true,131638.20000000298,2,body,260801,131528.20000000298,65,131638.20000000298,200,,,65,,false,,,,,,false,131647.10000000894,,no_matching_slot,,,,
run-c5d3458e-1897-43c4-a3eb-4f26238a355c,0.2.0,"=""1784109611250""","=""2026-07-15 19:00:11.250""","=""1784109669072""","=""2026-07-15 19:01:09.072""",STOPPED,132,0,https://app.catchtable.co.kr/ct/shop/yunjudang_,2026-08-01,2,"=""1784109600000""","=""2026-07-15 19:00:00.000""","=""1784110200000""","=""2026-07-15 19:10:00.000""",1020,1260,"{""targetUrl"":""https://app.catchtable.co.kr/ct/shop/yunjudang_"",""openAtMs"":1784109600000,""reservationDate"":""2026-08-01"",""personCount"":2,""timeRange"":{""startMinutes"":1020,""endMinutes"":1260},""priorityTimes"":[],""postSlotEnabled"":true,""paymentMethodAutoAdvance"":true,""paymentMethodPolicy"":""selected_allowed"",""tablePreference"":""any"",""menuKeyword"":"""",""stopAtMs"":1784110200000,""entryMode"":""auto"",""dryRun"":false,""preOpenLeadMs"":200,""toggleIntervalMs"":100}",117,DATE_TOGGLE_CYCLE,trace,content,"=""1784109656957""","=""2026-07-15 19:00:56.957""","=""1784109657248.45""","=""2026-07-15 19:00:57.248""",REFRESHING_SLOTS,날짜 토글 #39: NO_SLOT,,,,true,1784109656792.2498,2026-07-31,1784109656776.45,1784109656998.0498,,,0,,,,,,,,,,,,,,,,,,,,,,,,,,39,,0,,,,long_tail,,,,,,NO_SLOT,,,14,,,true,1784109656853.2498,1784109656816.45,1784109656901.7498,,,,,true,,false,live
run-c5d3458e-1897-43c4-a3eb-4f26238a355c,0.2.0,"=""1784109611250""","=""2026-07-15 19:00:11.250""","=""1784109669072""","=""2026-07-15 19:01:09.072""",STOPPED,132,0,https://app.catchtable.co.kr/ct/shop/yunjudang_,2026-08-01,2,"=""1784109600000""","=""2026-07-15 19:00:00.000""","=""1784110200000""","=""2026-07-15 19:10:00.000""",1020,1260,"{""targetUrl"":""https://app.catchtable.co.kr/ct/shop/yunjudang_"",""openAtMs"":1784109600000,""reservationDate"":""2026-08-01"",""personCount"":2,""timeRange"":{""startMinutes"":1020,""endMinutes"":1260},""priorityTimes"":[],""postSlotEnabled"":true,""paymentMethodAutoAdvance"":true,""paymentMethodPolicy"":""selected_allowed"",""tablePreference"":""any"",""menuKeyword"":"""",""stopAtMs"":1784110200000,""entryMode"":""auto"",""dryRun"":false,""preOpenLeadMs"":200,""toggleIntervalMs"":100}",118,AVAILABILITY_SHADOW,trace,content,"=""1784109659048""","=""2026-07-15 19:00:59.048""","=""1784109659338.8499""","=""2026-07-15 19:00:59.338""",REFRESHING_SLOTS,슬롯 응답 shadow를 IRRELEVANT로 분류했습니다.,,,,,,,,,0,,,133971.70000000298,0.09999999403953552,7.4000000059604645,133979.10000000894,,none,IRRELEVANT,,,,,,,,,,,,,,,,,,NONE,,,,false,133971.70000000298,2,body,260731,133909.30000001192,66,133971.70000000298,0,,,66,,false,,,,,,false,133979.20000000298,,untrusted_quality,,,,
run-c5d3458e-1897-43c4-a3eb-4f26238a355c,0.2.0,"=""1784109611250""","=""2026-07-15 19:00:11.250""","=""1784109669072""","=""2026-07-15 19:01:09.072""",STOPPED,132,0,https://app.catchtable.co.kr/ct/shop/yunjudang_,2026-08-01,2,"=""1784109600000""","=""2026-07-15 19:00:00.000""","=""1784110200000""","=""2026-07-15 19:10:00.000""",1020,1260,"{""targetUrl"":""https://app.catchtable.co.kr/ct/shop/yunjudang_"",""openAtMs"":1784109600000,""reservationDate"":""2026-08-01"",""personCount"":2,""timeRange"":{""startMinutes"":1020,""endMinutes"":1260},""priorityTimes"":[],""postSlotEnabled"":true,""paymentMethodAutoAdvance"":true,""paymentMethodPolicy"":""selected_allowed"",""tablePreference"":""any"",""menuKeyword"":"""",""stopAtMs"":1784110200000,""entryMode"":""auto"",""dryRun"":false,""preOpenLeadMs"":200,""toggleIntervalMs"":100}",119,AVAILABILITY_SHADOW,trace,content,"=""1784109659121""","=""2026-07-15 19:00:59.121""","=""1784109659412.2498""","=""2026-07-15 19:00:59.412""",REFRESHING_SLOTS,슬롯 응답 shadow를 EMPTY로 분류했습니다.,,,,,,,,,0,,,134044.10000000894,0,8.5,134052.60000000894,,none,EMPTY,,,,,,,,,,,,,,,,,cycle:40:request:67,EXACT,40,,,true,134044.10000000894,2,body,260801,133972.30000001192,67,134044.10000000894,200,,,67,,false,,,,,,false,134052.60000000894,,no_matching_slot,,,,
run-c5d3458e-1897-43c4-a3eb-4f26238a355c,0.2.0,"=""1784109611250""","=""2026-07-15 19:00:11.250""","=""1784109669072""","=""2026-07-15 19:01:09.072""",STOPPED,132,0,https://app.catchtable.co.kr/ct/shop/yunjudang_,2026-08-01,2,"=""1784109600000""","=""2026-07-15 19:00:00.000""","=""1784110200000""","=""2026-07-15 19:10:00.000""",1020,1260,"{""targetUrl"":""https://app.catchtable.co.kr/ct/shop/yunjudang_"",""openAtMs"":1784109600000,""reservationDate"":""2026-08-01"",""personCount"":2,""timeRange"":{""startMinutes"":1020,""endMinutes"":1260},""priorityTimes"":[],""postSlotEnabled"":true,""paymentMethodAutoAdvance"":true,""paymentMethodPolicy"":""selected_allowed"",""tablePreference"":""any"",""menuKeyword"":"""",""stopAtMs"":1784110200000,""entryMode"":""auto"",""dryRun"":false,""preOpenLeadMs"":200,""toggleIntervalMs"":100}",120,DATE_TOGGLE_CYCLE,trace,content,"=""1784109659363""","=""2026-07-15 19:00:59.363""","=""1784109659654.2498""","=""2026-07-15 19:00:59.654""",REFRESHING_SLOTS,날짜 토글 #40: NO_SLOT,,,,true,1784109659218.3499,2026-07-31,1784109659208.45,1784109659403.8499,,,0,,,,,,,,,,,,,,,,,,,,,,,,,,40,,0,,,,long_tail,,,,,,NO_SLOT,,,13,,,true,1784109659293.2498,1784109659248.45,1784109659345.65,,,,,true,,false,live
run-c5d3458e-1897-43c4-a3eb-4f26238a355c,0.2.0,"=""1784109611250""","=""2026-07-15 19:00:11.250""","=""1784109669072""","=""2026-07-15 19:01:09.072""",STOPPED,132,0,https://app.catchtable.co.kr/ct/shop/yunjudang_,2026-08-01,2,"=""1784109600000""","=""2026-07-15 19:00:00.000""","=""1784110200000""","=""2026-07-15 19:10:00.000""",1020,1260,"{""targetUrl"":""https://app.catchtable.co.kr/ct/shop/yunjudang_"",""openAtMs"":1784109600000,""reservationDate"":""2026-08-01"",""personCount"":2,""timeRange"":{""startMinutes"":1020,""endMinutes"":1260},""priorityTimes"":[],""postSlotEnabled"":true,""paymentMethodAutoAdvance"":true,""paymentMethodPolicy"":""selected_allowed"",""tablePreference"":""any"",""menuKeyword"":"""",""stopAtMs"":1784110200000,""entryMode"":""auto"",""dryRun"":false,""preOpenLeadMs"":200,""toggleIntervalMs"":100}",121,AVAILABILITY_SHADOW,trace,content,"=""1784109661441""","=""2026-07-15 19:01:01.441""","=""1784109661732.0498""","=""2026-07-15 19:01:01.732""",REFRESHING_SLOTS,슬롯 응답 shadow를 IRRELEVANT로 분류했습니다.,,,,,,,,,0,,,136366.60000000894,0.09999999403953552,5.700000002980232,136372.30000001192,,none,IRRELEVANT,,,,,,,,,,,,,,,,,,NONE,,,,false,136366.60000000894,2,body,260731,136308.10000000894,68,136366.60000000894,0,,,68,,false,,,,,,false,136372.40000000596,,untrusted_quality,,,,
run-c5d3458e-1897-43c4-a3eb-4f26238a355c,0.2.0,"=""1784109611250""","=""2026-07-15 19:00:11.250""","=""1784109669072""","=""2026-07-15 19:01:09.072""",STOPPED,132,0,https://app.catchtable.co.kr/ct/shop/yunjudang_,2026-08-01,2,"=""1784109600000""","=""2026-07-15 19:00:00.000""","=""1784110200000""","=""2026-07-15 19:10:00.000""",1020,1260,"{""targetUrl"":""https://app.catchtable.co.kr/ct/shop/yunjudang_"",""openAtMs"":1784109600000,""reservationDate"":""2026-08-01"",""personCount"":2,""timeRange"":{""startMinutes"":1020,""endMinutes"":1260},""priorityTimes"":[],""postSlotEnabled"":true,""paymentMethodAutoAdvance"":true,""paymentMethodPolicy"":""selected_allowed"",""tablePreference"":""any"",""menuKeyword"":"""",""stopAtMs"":1784110200000,""entryMode"":""auto"",""dryRun"":false,""preOpenLeadMs"":200,""toggleIntervalMs"":100}",122,AVAILABILITY_SHADOW,trace,content,"=""1784109661518""","=""2026-07-15 19:01:01.518""","=""1784109661808.5498""","=""2026-07-15 19:01:01.808""",REFRESHING_SLOTS,슬롯 응답 shadow를 EMPTY로 분류했습니다.,,,,,,,,,0,,,136440,0.09999999403953552,8.800000011920929,136448.80000001192,,none,EMPTY,,,,,,,,,,,,,,,,,cycle:41:request:69,EXACT,41,,,true,136440,2,body,260801,136367.10000000894,69,136440,200,,,69,,false,,,,,,false,136448.90000000596,,no_matching_slot,,,,
run-c5d3458e-1897-43c4-a3eb-4f26238a355c,0.2.0,"=""1784109611250""","=""2026-07-15 19:00:11.250""","=""1784109669072""","=""2026-07-15 19:01:09.072""",STOPPED,132,0,https://app.catchtable.co.kr/ct/shop/yunjudang_,2026-08-01,2,"=""1784109600000""","=""2026-07-15 19:00:00.000""","=""1784110200000""","=""2026-07-15 19:10:00.000""",1020,1260,"{""targetUrl"":""https://app.catchtable.co.kr/ct/shop/yunjudang_"",""openAtMs"":1784109600000,""reservationDate"":""2026-08-01"",""personCount"":2,""timeRange"":{""startMinutes"":1020,""endMinutes"":1260},""priorityTimes"":[],""postSlotEnabled"":true,""paymentMethodAutoAdvance"":true,""paymentMethodPolicy"":""selected_allowed"",""tablePreference"":""any"",""menuKeyword"":"""",""stopAtMs"":1784110200000,""entryMode"":""auto"",""dryRun"":false,""preOpenLeadMs"":200,""toggleIntervalMs"":100}",123,DATE_TOGGLE_CYCLE,trace,content,"=""1784109661759""","=""2026-07-15 19:01:01.759""","=""1784109662049.95""","=""2026-07-15 19:01:02.049""",REFRESHING_SLOTS,날짜 토글 #41: NO_SLOT,,,,true,1784109661626.65,2026-07-31,1784109661614.3499,1784109661799.8499,,,0,,,,,,,,,,,,,,,,,,,,,,,,,,41,,0,,,,long_tail,,,,,,NO_SLOT,,,13,,,true,1784109661691.45,1784109661654.3499,1784109661738.2498,,,,,true,,false,live
run-c5d3458e-1897-43c4-a3eb-4f26238a355c,0.2.0,"=""1784109611250""","=""2026-07-15 19:00:11.250""","=""1784109669072""","=""2026-07-15 19:01:09.072""",STOPPED,132,0,https://app.catchtable.co.kr/ct/shop/yunjudang_,2026-08-01,2,"=""1784109600000""","=""2026-07-15 19:00:00.000""","=""1784110200000""","=""2026-07-15 19:10:00.000""",1020,1260,"{""targetUrl"":""https://app.catchtable.co.kr/ct/shop/yunjudang_"",""openAtMs"":1784109600000,""reservationDate"":""2026-08-01"",""personCount"":2,""timeRange"":{""startMinutes"":1020,""endMinutes"":1260},""priorityTimes"":[],""postSlotEnabled"":true,""paymentMethodAutoAdvance"":true,""paymentMethodPolicy"":""selected_allowed"",""tablePreference"":""any"",""menuKeyword"":"""",""stopAtMs"":1784110200000,""entryMode"":""auto"",""dryRun"":false,""preOpenLeadMs"":200,""toggleIntervalMs"":100}",124,AVAILABILITY_SHADOW,trace,content,"=""1784109663838""","=""2026-07-15 19:01:03.838""","=""1784109664128.95""","=""2026-07-15 19:01:04.128""",REFRESHING_SLOTS,슬롯 응답 shadow를 IRRELEVANT로 분류했습니다.,,,,,,,,,0,,,138762,0.10000000894069672,7.200000002980232,138769.20000000298,,none,IRRELEVANT,,,,,,,,,,,,,,,,,,NONE,,,,false,138762,2,body,260731,138703.10000000894,70,138762,0,,,70,,false,,,,,,false,138769.30000001192,,untrusted_quality,,,,
run-c5d3458e-1897-43c4-a3eb-4f26238a355c,0.2.0,"=""1784109611250""","=""2026-07-15 19:00:11.250""","=""1784109669072""","=""2026-07-15 19:01:09.072""",STOPPED,132,0,https://app.catchtable.co.kr/ct/shop/yunjudang_,2026-08-01,2,"=""1784109600000""","=""2026-07-15 19:00:00.000""","=""1784110200000""","=""2026-07-15 19:10:00.000""",1020,1260,"{""targetUrl"":""https://app.catchtable.co.kr/ct/shop/yunjudang_"",""openAtMs"":1784109600000,""reservationDate"":""2026-08-01"",""personCount"":2,""timeRange"":{""startMinutes"":1020,""endMinutes"":1260},""priorityTimes"":[],""postSlotEnabled"":true,""paymentMethodAutoAdvance"":true,""paymentMethodPolicy"":""selected_allowed"",""tablePreference"":""any"",""menuKeyword"":"""",""stopAtMs"":1784110200000,""entryMode"":""auto"",""dryRun"":false,""preOpenLeadMs"":200,""toggleIntervalMs"":100}",125,AVAILABILITY_SHADOW,trace,content,"=""1784109663989""","=""2026-07-15 19:01:03.989""","=""1784109664279.5498""","=""2026-07-15 19:01:04.279""",REFRESHING_SLOTS,슬롯 응답 shadow를 EMPTY로 분류했습니다.,,,,,,,,,0,,,138912.90000000596,0,7,138919.90000000596,,none,EMPTY,,,,,,,,,,,,,,,,,cycle:42:request:71,EXACT,42,,,true,138912.90000000596,2,body,260801,138762.60000000894,71,138912.90000000596,200,,,71,,false,,,,,,false,138919.90000000596,,no_matching_slot,,,,
run-c5d3458e-1897-43c4-a3eb-4f26238a355c,0.2.0,"=""1784109611250""","=""2026-07-15 19:00:11.250""","=""1784109669072""","=""2026-07-15 19:01:09.072""",STOPPED,132,0,https://app.catchtable.co.kr/ct/shop/yunjudang_,2026-08-01,2,"=""1784109600000""","=""2026-07-15 19:00:00.000""","=""1784110200000""","=""2026-07-15 19:10:00.000""",1020,1260,"{""targetUrl"":""https://app.catchtable.co.kr/ct/shop/yunjudang_"",""openAtMs"":1784109600000,""reservationDate"":""2026-08-01"",""personCount"":2,""timeRange"":{""startMinutes"":1020,""endMinutes"":1260},""priorityTimes"":[],""postSlotEnabled"":true,""paymentMethodAutoAdvance"":true,""paymentMethodPolicy"":""selected_allowed"",""tablePreference"":""any"",""menuKeyword"":"""",""stopAtMs"":1784110200000,""entryMode"":""auto"",""dryRun"":false,""preOpenLeadMs"":200,""toggleIntervalMs"":100}",126,DATE_TOGGLE_CYCLE,trace,content,"=""1784109664232""","=""2026-07-15 19:01:04.232""","=""1784109664523.45""","=""2026-07-15 19:01:04.523""",REFRESHING_SLOTS,날짜 토글 #42: NO_SLOT,,,,true,1784109664021.0498,2026-07-31,1784109664009.95,1784109664272.65,,,0,,,,,,,,,,,,,,,,,,,,,,,,,,42,,0,,,,long_tail,,,,,,NO_SLOT,,,16,,,true,1784109664084.7498,1784109664049.95,1784109664135.0498,,,,,true,,false,live
run-c5d3458e-1897-43c4-a3eb-4f26238a355c,0.2.0,"=""1784109611250""","=""2026-07-15 19:00:11.250""","=""1784109669072""","=""2026-07-15 19:01:09.072""",STOPPED,132,0,https://app.catchtable.co.kr/ct/shop/yunjudang_,2026-08-01,2,"=""1784109600000""","=""2026-07-15 19:00:00.000""","=""1784110200000""","=""2026-07-15 19:10:00.000""",1020,1260,"{""targetUrl"":""https://app.catchtable.co.kr/ct/shop/yunjudang_"",""openAtMs"":1784109600000,""reservationDate"":""2026-08-01"",""personCount"":2,""timeRange"":{""startMinutes"":1020,""endMinutes"":1260},""priorityTimes"":[],""postSlotEnabled"":true,""paymentMethodAutoAdvance"":true,""paymentMethodPolicy"":""selected_allowed"",""tablePreference"":""any"",""menuKeyword"":"""",""stopAtMs"":1784110200000,""entryMode"":""auto"",""dryRun"":false,""preOpenLeadMs"":200,""toggleIntervalMs"":100}",127,AVAILABILITY_SHADOW,trace,content,"=""1784109666313""","=""2026-07-15 19:01:06.313""","=""1784109666603.5498""","=""2026-07-15 19:01:06.603""",REFRESHING_SLOTS,슬롯 응답 shadow를 IRRELEVANT로 분류했습니다.,,,,,,,,,0,,,141237,0,6.9000000059604645,141243.90000000596,,none,IRRELEVANT,,,,,,,,,,,,,,,,,,NONE,,,,false,141237,2,body,260731,141179.20000000298,72,141237,0,,,72,,false,,,,,,false,141243.90000000596,,untrusted_quality,,,,
run-c5d3458e-1897-43c4-a3eb-4f26238a355c,0.2.0,"=""1784109611250""","=""2026-07-15 19:00:11.250""","=""1784109669072""","=""2026-07-15 19:01:09.072""",STOPPED,132,0,https://app.catchtable.co.kr/ct/shop/yunjudang_,2026-08-01,2,"=""1784109600000""","=""2026-07-15 19:00:00.000""","=""1784110200000""","=""2026-07-15 19:10:00.000""",1020,1260,"{""targetUrl"":""https://app.catchtable.co.kr/ct/shop/yunjudang_"",""openAtMs"":1784109600000,""reservationDate"":""2026-08-01"",""personCount"":2,""timeRange"":{""startMinutes"":1020,""endMinutes"":1260},""priorityTimes"":[],""postSlotEnabled"":true,""paymentMethodAutoAdvance"":true,""paymentMethodPolicy"":""selected_allowed"",""tablePreference"":""any"",""menuKeyword"":"""",""stopAtMs"":1784110200000,""entryMode"":""auto"",""dryRun"":false,""preOpenLeadMs"":200,""toggleIntervalMs"":100}",128,AVAILABILITY_SHADOW,trace,content,"=""1784109666551""","=""2026-07-15 19:01:06.551""","=""1784109666842.2498""","=""2026-07-15 19:01:06.842""",REFRESHING_SLOTS,슬롯 응답 shadow를 EMPTY로 분류했습니다.,,,,,,,,,0,,,141473.70000000298,0,8.900000005960464,141482.60000000894,,none,EMPTY,,,,,,,,,,,,,,,,,cycle:43:request:73,EXACT,43,,,true,141473.70000000298,2,body,260801,141237.5,73,141473.70000000298,200,,,73,,false,,,,,,false,141482.60000000894,,no_matching_slot,,,,
run-c5d3458e-1897-43c4-a3eb-4f26238a355c,0.2.0,"=""1784109611250""","=""2026-07-15 19:00:11.250""","=""1784109669072""","=""2026-07-15 19:01:09.072""",STOPPED,132,0,https://app.catchtable.co.kr/ct/shop/yunjudang_,2026-08-01,2,"=""1784109600000""","=""2026-07-15 19:00:00.000""","=""1784110200000""","=""2026-07-15 19:10:00.000""",1020,1260,"{""targetUrl"":""https://app.catchtable.co.kr/ct/shop/yunjudang_"",""openAtMs"":1784109600000,""reservationDate"":""2026-08-01"",""personCount"":2,""timeRange"":{""startMinutes"":1020,""endMinutes"":1260},""priorityTimes"":[],""postSlotEnabled"":true,""paymentMethodAutoAdvance"":true,""paymentMethodPolicy"":""selected_allowed"",""tablePreference"":""any"",""menuKeyword"":"""",""stopAtMs"":1784110200000,""entryMode"":""auto"",""dryRun"":false,""preOpenLeadMs"":200,""toggleIntervalMs"":100}",129,DATE_TOGGLE_CYCLE,trace,content,"=""1784109666793""","=""2026-07-15 19:01:06.793""","=""1784109667083.5498""","=""2026-07-15 19:01:07.083""",REFRESHING_SLOTS,날짜 토글 #43: NO_SLOT,,,,true,1784109666497.3499,2026-07-31,1784109666483.5498,1784109666833.45,,,0,,,,,,,,,,,,,,,,,,,,,,,,,,43,,0,,,,long_tail,,,,,,NO_SLOT,,,19,,,true,1784109666561.65,1784109666523.5498,1784109666605.7498,,,,,true,,false,live
run-c5d3458e-1897-43c4-a3eb-4f26238a355c,0.2.0,"=""1784109611250""","=""2026-07-15 19:00:11.250""","=""1784109669072""","=""2026-07-15 19:01:09.072""",STOPPED,132,0,https://app.catchtable.co.kr/ct/shop/yunjudang_,2026-08-01,2,"=""1784109600000""","=""2026-07-15 19:00:00.000""","=""1784110200000""","=""2026-07-15 19:10:00.000""",1020,1260,"{""targetUrl"":""https://app.catchtable.co.kr/ct/shop/yunjudang_"",""openAtMs"":1784109600000,""reservationDate"":""2026-08-01"",""personCount"":2,""timeRange"":{""startMinutes"":1020,""endMinutes"":1260},""priorityTimes"":[],""postSlotEnabled"":true,""paymentMethodAutoAdvance"":true,""paymentMethodPolicy"":""selected_allowed"",""tablePreference"":""any"",""menuKeyword"":"""",""stopAtMs"":1784110200000,""entryMode"":""auto"",""dryRun"":false,""preOpenLeadMs"":200,""toggleIntervalMs"":100}",130,AVAILABILITY_SHADOW,trace,content,"=""1784109668866""","=""2026-07-15 19:01:08.866""","=""1784109669156.65""","=""2026-07-15 19:01:09.156""",REFRESHING_SLOTS,슬롯 응답 shadow를 IRRELEVANT로 분류했습니다.,,,,,,,,,0,,,143789.5,0,7.5,143797,,none,IRRELEVANT,,,,,,,,,,,,,,,,,,NONE,,,,false,143789.5,2,body,260731,143732.10000000894,74,143789.5,0,,,74,,false,,,,,,false,143797,,untrusted_quality,,,,
run-c5d3458e-1897-43c4-a3eb-4f26238a355c,0.2.0,"=""1784109611250""","=""2026-07-15 19:00:11.250""","=""1784109669072""","=""2026-07-15 19:01:09.072""",STOPPED,132,0,https://app.catchtable.co.kr/ct/shop/yunjudang_,2026-08-01,2,"=""1784109600000""","=""2026-07-15 19:00:00.000""","=""1784110200000""","=""2026-07-15 19:10:00.000""",1020,1260,"{""targetUrl"":""https://app.catchtable.co.kr/ct/shop/yunjudang_"",""openAtMs"":1784109600000,""reservationDate"":""2026-08-01"",""personCount"":2,""timeRange"":{""startMinutes"":1020,""endMinutes"":1260},""priorityTimes"":[],""postSlotEnabled"":true,""paymentMethodAutoAdvance"":true,""paymentMethodPolicy"":""selected_allowed"",""tablePreference"":""any"",""menuKeyword"":"""",""stopAtMs"":1784110200000,""entryMode"":""auto"",""dryRun"":false,""preOpenLeadMs"":200,""toggleIntervalMs"":100}",131,DATE_TOGGLE_CYCLE,trace,content,"=""1784109669072""","=""2026-07-15 19:01:09.072""","=""1784109669363.15""","=""2026-07-15 19:01:09.363""",REFRESHING_SLOTS,날짜 토글 #44: NO_SLOT,,,,true,1784109669051.5498,2026-07-31,1784109669043.5498,1784109669162.45,,,0,,,,,,,,,,,,,,,,,,,,,,,,,,44,,0,,,,long_tail,,,,,,NO_SLOT,,,9,,,true,1784109669114.8499,1784109669083.5498,1784109669162.45,,,,,true,,false,live
run-c5d3458e-1897-43c4-a3eb-4f26238a355c,0.2.0,"=""1784109611250""","=""2026-07-15 19:00:11.250""","=""1784109669072""","=""2026-07-15 19:01:09.072""",STOPPED,132,0,https://app.catchtable.co.kr/ct/shop/yunjudang_,2026-08-01,2,"=""1784109600000""","=""2026-07-15 19:00:00.000""","=""1784110200000""","=""2026-07-15 19:10:00.000""",1020,1260,"{""targetUrl"":""https://app.catchtable.co.kr/ct/shop/yunjudang_"",""openAtMs"":1784109600000,""reservationDate"":""2026-08-01"",""personCount"":2,""timeRange"":{""startMinutes"":1020,""endMinutes"":1260},""priorityTimes"":[],""postSlotEnabled"":true,""paymentMethodAutoAdvance"":true,""paymentMethodPolicy"":""selected_allowed"",""tablePreference"":""any"",""menuKeyword"":"""",""stopAtMs"":1784110200000,""entryMode"":""auto"",""dryRun"":false,""preOpenLeadMs"":200,""toggleIntervalMs"":100}",132,RUN_TERMINATED,warn,content,"=""1784109669072""","=""2026-07-15 19:01:09.072""","=""1784109669363.2498""","=""2026-07-15 19:01:09.363""",STOPPED,사용자가 실행을 중지했습니다.,,,,,,,,,,,,,,,,,,,,,,,,,,,,,,,,,,,,,,state,,,,,,,,,,,,,,,,STOPPED,,,,,,,,,,,,